#Supplementary Table 2 Summary of protein targets measured using the Olink Explore HT platform,,,,,,,,,,,,,,,,,,,,,,,,,,,
#sd - standard deviation; cv - coefficient of variation; p.dip - p-value of a dip test for multi-modal distribution: cis.pQTL - whehter or not a cis-pQTL was identified; med.pred = median (and 25th and 75th percentil) value of predicted correlation coefficient across all protein groups measued; Seer ID - best correlating Seer protein group; spear.seer = associated Spearman correlation coefficient; SomaLogic ID = best correlating aptamer ID; spear.soma = associated Spearman correlation coefficient
#
Olink ID,OlinkID_vendor,Assay,UniProt,Block,missing.per.olink,below.lod.per.olink,cv.olink,mean.cv.olink,sd.cv.olink,n.olink,mean.l2.olink,sd.l2.olink,median.l2.olink,min.l2.olink,max.l2.olink,faction.outlier.olink,p.dip.olink,cis.pQTL.olink,cis.pav.olink,med.pred,p25.pred,p75.pred,Seer ID,spear.seer,SomaLogic ID,spear.soma,correlation.cluster
A1BG_45433,OID45433,A1BG,P04217,8,0.84,5.19,15.27,-0.08,0.25,22.00,0.03,0.26,0.05,-1.41,0.80,0.00,0.99,FALSE,FALSE,0.43,0.43,0.44,prot.1763,0.34,seq.16561.9,0.44,
A1CF_44432,OID44432,A1CF,Q9NQ94,5,0.07,84.82,19.65,-0.05,0.29,22.00,0.08,0.69,0.01,-3.14,6.77,0.00,0.99,FALSE,FALSE,0.13,0.13,0.14,,,seq.12423.38,0.02,
AAAS_40751,OID40751,AAAS,Q9NRG9,2,0.14,56.59,39.92,-0.62,0.56,22.00,0.03,1.33,-0.13,-7.81,7.92,0.00,0.99,FALSE,FALSE,0.06,0.06,0.06,prot.7584,0.10,seq.28449.7,-0.02,
AAGAB_40752,OID40752,AAGAB,Q6PD74,2,0.14,59.44,43.29,0.96,0.59,22.00,1.42,0.88,1.41,-2.16,4.76,0.00,0.95,FALSE,FALSE,0.31,0.30,0.32,prot.4021,0.40,seq.11926.23,0.34,
AAMDC_43311,OID43311,AAMDC,Q9H7C9,4,0.00,33.26,14.35,0.54,0.21,22.00,0.61,0.47,0.60,-1.04,2.99,0.00,0.99,TRUE,TRUE,0.44,0.44,0.45,prot.5505,0.57,seq.24216.30,0.57,
AARSD1_43312,OID43312,AARSD1,Q9BTE6,4,0.00,6.75,38.79,1.12,0.38,22.00,1.50,0.75,1.43,-1.35,5.34,0.01,1.00,FALSE,FALSE,0.26,0.26,0.28,,,seq.21535.5,0.05,
AASDH_40753,OID40753,AASDH,Q4L235,2,0.14,84.39,73.71,-1.40,2.19,22.00,-0.24,2.26,-0.07,-6.89,9.27,0.00,0.06,FALSE,FALSE,0.04,0.03,0.04,prot.3770,0.07,seq.34326.35,0.02,
ABCA2_42080,OID42080,ABCA2,Q9BZC7,3,0.00,59.64,88.93,0.29,1.09,22.00,0.50,1.32,0.57,-6.98,6.23,0.01,0.82,FALSE,FALSE,0.12,0.12,0.12,,,,,
ABCB5_40754,OID40754,ABCB5,Q2M3G0,2,0.14,77.98,79.91,-0.37,1.10,22.00,-0.25,1.17,-0.20,-7.83,7.06,0.00,0.99,FALSE,FALSE,0.01,0.01,0.01,,,seq.35220.41,-0.01,
ABCC6_40755,OID40755,ABCC6,O95255,2,0.14,43.34,33.90,-0.70,0.44,22.00,0.24,1.31,0.00,-3.08,9.18,0.00,0.99,FALSE,FALSE,0.05,0.05,0.05,,,seq.8935.22,-0.10,
ABCC8_40756,OID40756,ABCC8,Q09428,2,0.14,82.79,76.93,-0.92,1.02,22.00,-0.17,1.44,-0.19,-7.79,7.76,0.00,0.97,FALSE,FALSE,0.03,0.03,0.03,,,,,
ABCF2_40757,OID40757,ABCF2,Q9UG63,2,0.14,62.93,40.41,-0.09,0.56,22.00,0.19,0.76,0.14,-2.26,6.40,0.00,0.99,FALSE,FALSE,0.10,0.10,0.11,prot.5927,0.22,,,
ABCF3_40001,OID40001,ABCF3,Q9NUQ8,1,0.00,79.47,29.48,0.00,0.50,22.00,0.27,0.74,0.25,-1.94,5.86,0.01,0.99,FALSE,FALSE,0.07,0.06,0.07,prot.5720,0.04,seq.23700.42,0.08,
ABHD14B_43313,OID43313,ABHD14B,Q96IU4,4,0.00,36.26,10.82,-1.59,0.16,22.00,-1.45,0.51,-1.45,-3.33,3.79,0.01,1.00,FALSE,FALSE,0.35,0.33,0.35,prot.4968,0.40,seq.19325.21,-0.14,
ABHD5_40002,OID40002,ABHD5,Q8WTS1,1,0.00,66.04,49.36,-1.16,0.91,22.00,-0.52,1.33,-0.57,-7.90,7.65,0.02,0.94,FALSE,FALSE,0.07,0.07,0.07,prot.4640,0.09,seq.23393.56,0.11,
ABHD8_40003,OID40003,ABHD8,Q96I13,1,0.00,71.12,236.79,-1.00,3.26,22.00,-0.28,3.67,-0.08,-5.91,11.99,0.00,0.00,FALSE,FALSE,0.00,0.00,0.00,,,seq.31270.376,-0.03,
ABI3BP_43314,OID43314,ABI3BP,Q7Z7G0,4,0.00,0.21,10.64,1.36,0.16,22.00,1.43,0.56,1.45,-0.48,3.37,0.00,1.00,TRUE,FALSE,0.49,0.49,0.50,,,,,
ABL1_43315,OID43315,ABL1,P00519,4,0.00,5.29,18.10,0.61,0.25,22.00,1.06,0.53,1.04,-0.68,4.22,0.00,1.00,FALSE,FALSE,0.27,0.27,0.28,prot.7013,0.13,seq.3341.33,-0.28,
ABLIM1_43316,OID43316,ABLIM1,O14639,4,0.00,18.51,19.69,1.64,0.28,22.00,2.04,0.83,2.01,-0.71,7.49,0.00,1.00,TRUE,FALSE,0.57,0.55,0.57,prot.1097,0.74,,,
ABLIM3_40758,OID40758,ABLIM3,O94929,2,0.14,24.81,32.25,1.33,0.47,22.00,2.17,0.95,2.15,-1.94,6.80,0.00,0.99,TRUE,TRUE,0.47,0.47,0.47,prot.1503,0.55,seq.13578.98,0.23,
ABO_45299,OID45299,ABO,P16442,7,0.07,32.80,10.39,1.18,0.15,22.00,-0.21,1.73,0.44,-4.46,6.02,0.00,0.00,TRUE,TRUE,0.69,0.68,0.70,,,seq.9253.52,0.91,
ABRAXAS2_42081,OID42081,ABRAXAS2,Q15018,3,0.00,40.78,222.07,2.95,1.78,22.00,3.88,1.80,3.45,-0.43,10.93,0.08,0.27,FALSE,FALSE,0.28,0.27,0.28,prot.3567,0.25,seq.8945.7,0.14,
ABRA_40759,OID40759,ABRA,Q8N0Z2,2,0.14,67.32,99.35,-2.00,2.12,22.00,-1.86,2.60,-1.36,-8.10,6.62,0.00,0.00,FALSE,FALSE,0.01,0.01,0.01,prot.4382,0.03,seq.28291.11,-0.05,
ACAA1_42082,OID42082,ACAA1,P09110,3,0.00,30.48,21.02,0.56,0.29,22.00,0.30,0.94,0.22,-2.68,5.75,0.01,0.99,FALSE,FALSE,0.48,0.48,0.48,prot.1924,0.66,seq.17782.23,0.74,
ACAD9_40004,OID40004,ACAD9,Q9H845,1,0.00,73.97,172.56,-0.04,3.26,22.00,0.29,3.10,0.01,-5.42,7.23,0.02,0.00,FALSE,FALSE,0.05,0.05,0.05,prot.5514,0.06,,,
ACADM_42083,OID42083,ACADM,P11310,3,0.00,42.24,33.67,-1.35,0.53,22.00,-0.34,1.34,-0.59,-4.51,8.73,0.03,1.00,FALSE,FALSE,0.14,0.14,0.15,prot.2023,0.12,seq.17333.20,0.13,
ACADSB_44433,OID44433,ACADSB,P45954,5,0.07,1.67,37.57,2.57,0.56,22.00,2.90,0.86,2.87,-0.19,8.80,0.00,0.99,TRUE,FALSE,0.64,0.63,0.64,prot.2649,0.66,seq.17403.14,0.44,
ACAN_44434,OID44434,ACAN,P16112,5,0.07,5.36,12.24,0.65,0.16,22.00,0.34,0.38,0.36,-0.97,2.40,0.00,0.99,FALSE,FALSE,0.54,0.53,0.54,prot.882,0.61,seq.3280.49,0.48,
ACBD7_40760,OID40760,ACBD7,Q8N6N7,2,0.14,81.95,34.95,-1.76,0.54,22.00,-1.25,0.97,-1.37,-3.60,5.38,0.00,0.90,FALSE,FALSE,0.04,0.04,0.05,,,seq.13563.259,0.00,
ACE2_43317,OID43317,ACE2,Q9BYF1,4,0.00,5.08,20.49,-0.53,0.28,22.00,-0.68,0.75,-0.81,-2.47,4.05,0.01,1.00,TRUE,FALSE,0.17,0.16,0.17,,,seq.2805.6,0.00,
ACE_45300,OID45300,ACE,P12821,7,0.07,3.13,11.28,0.16,0.17,22.00,0.26,0.45,0.23,-1.06,3.01,0.00,1.00,TRUE,FALSE,0.59,0.58,0.60,prot.2052,0.12,seq.10714.7,0.72,
ACHE_44435,OID44435,ACHE,P22303,5,0.07,11.56,10.61,-0.23,0.15,22.00,0.23,0.37,0.21,-1.05,2.42,0.00,0.99,TRUE,FALSE,0.63,0.62,0.63,prot.2276,0.19,seq.10980.11,0.72,
ACIN1_40761,OID40761,ACIN1,Q9UKV3,2,0.14,93.10,56.16,-3.07,0.93,22.00,-2.45,1.34,-2.38,-9.83,4.69,0.00,0.99,FALSE,FALSE,0.04,0.04,0.04,,,,,
ACOT12_40762,OID40762,ACOT12,Q8WYK0,2,0.14,92.26,360.15,-0.09,2.22,22.00,-0.02,2.60,0.22,-6.10,10.31,0.00,0.00,FALSE,FALSE,0.02,0.02,0.02,,,seq.23601.43,0.00,
ACOT13_43318,OID43318,ACOT13,Q9NPJ3,4,0.00,56.23,40.76,3.39,0.62,22.00,4.19,0.95,4.18,0.43,9.31,0.00,1.00,FALSE,FALSE,0.54,0.54,0.55,prot.5614,,seq.17675.17,0.62,
ACOX1_44436,OID44436,ACOX1,Q15067,5,0.07,59.82,17.63,-0.06,0.26,22.00,0.06,0.62,0.02,-1.94,6.57,0.00,0.91,FALSE,FALSE,0.24,0.24,0.25,prot.3587,0.23,seq.21552.9,0.25,
ACP1_43319,OID43319,ACP1,P24666,4,0.00,25.12,28.11,-0.03,0.36,22.00,-0.18,0.69,-0.26,-1.95,4.13,0.02,1.00,TRUE,FALSE,0.32,0.30,0.32,prot.2336,0.39,seq.3858.5,0.00,
ACP3_42084,OID42084,ACP3,P15309,3,0.00,23.10,9.77,0.36,0.14,22.00,0.19,0.58,0.19,-4.36,4.69,0.00,0.99,TRUE,FALSE,0.43,0.43,0.44,prot.6523,0.39,seq.19317.114,0.16,
ACP5_45022,OID45022,ACP5,P13686,6,1.11,5.77,11.28,0.40,0.16,21.00,0.91,0.42,0.90,-0.60,2.40,0.00,0.99,TRUE,TRUE,0.65,0.65,0.66,prot.2077,0.71,seq.3232.28,0.76,
ACP6_43320,OID43320,ACP6,Q9NPH0,4,0.00,22.62,8.77,1.06,0.13,22.00,0.39,0.59,0.44,-3.58,2.12,0.00,0.99,TRUE,FALSE,0.62,0.61,0.63,prot.5610,0.26,seq.5742.14,0.84,
ACRBP_43321,OID43321,ACRBP,Q8NEB7,4,0.00,75.30,27.67,0.48,0.47,22.00,0.37,0.48,0.39,-1.66,2.74,0.00,0.43,FALSE,FALSE,0.10,0.10,0.10,,,seq.29363.25,0.03,
ACRV1_43322,OID43322,ACRV1,P26436,4,0.00,53.03,25.45,6.38,0.52,22.00,0.33,1.17,-0.02,-1.38,6.95,0.03,1.00,FALSE,FALSE,0.09,0.08,0.09,,,seq.15301.24,0.01,
ACSL1_42085,OID42085,ACSL1,P33121,3,0.00,68.68,57.11,-0.45,1.76,22.00,-0.66,2.19,-0.54,-7.82,7.27,0.04,0.15,FALSE,FALSE,0.03,0.03,0.03,prot.2496,0.02,,,
ACSM1_40763,OID40763,ACSM1,Q08AH1,2,0.14,60.70,37.33,0.60,0.52,22.00,0.10,1.57,-0.05,-8.22,8.45,0.00,0.98,FALSE,FALSE,0.05,0.04,0.05,,,seq.34545.4,0.00,
ACSM5_40005,OID40005,ACSM5,Q6NUN0,1,0.00,91.72,72.89,-1.15,1.76,22.00,-0.30,1.39,-0.26,-8.15,6.56,0.02,0.99,FALSE,FALSE,0.02,0.02,0.02,,,,,
ACTA2_43323,OID43323,ACTA2,P62736,4,0.00,12.67,12.60,0.49,0.18,22.00,0.19,0.51,0.17,-1.74,3.41,0.01,0.99,FALSE,FALSE,0.19,0.19,0.20,,,seq.33356.112,0.04,
ACTG2_42086,OID42086,ACTG2,P63267,3,0.00,24.77,33.85,0.13,0.48,22.00,0.49,0.67,0.46,-2.06,6.72,0.01,0.61,FALSE,FALSE,0.15,0.15,0.15,prot.3099,0.05,,,
ACTN2_43324,OID43324,ACTN2,P35609,4,0.00,14.89,21.80,0.41,0.40,22.00,0.17,1.24,0.07,-2.36,6.46,0.01,0.98,FALSE,FALSE,0.53,0.50,0.53,prot.2540,0.10,seq.9844.138,0.86,
ACTN4_42087,OID42087,ACTN4,O43707,3,0.00,91.16,53.12,0.29,0.70,22.00,0.09,0.87,0.16,-7.24,2.18,0.01,0.98,FALSE,FALSE,0.04,0.03,0.04,prot.1264,-0.03,seq.25057.2,0.00,
ACTR5_40764,OID40764,ACTR5,Q9H9F9,2,0.14,73.10,55.03,-0.02,1.19,22.00,0.26,1.21,0.27,-7.57,7.14,0.00,1.00,FALSE,FALSE,0.00,0.00,0.00,,,seq.32155.99,-0.04,
ACVRL1_43325,OID43325,ACVRL1,P37023,4,0.00,0.00,7.07,0.28,0.10,22.00,0.22,0.29,0.20,-0.60,2.57,0.01,1.00,TRUE,FALSE,0.37,0.36,0.38,,,seq.16318.12,0.34,
ACY1_44437,OID44437,ACY1,Q03154,5,0.07,0.00,7.08,1.21,0.10,22.00,0.76,0.66,0.75,-1.31,2.72,0.00,0.99,FALSE,FALSE,0.69,0.68,0.70,prot.3230,0.74,seq.3343.1,0.89,
ACY3_42088,OID42088,ACY3,Q96HD9,3,0.00,0.00,7.04,1.42,0.10,22.00,0.89,0.65,0.85,-1.00,3.59,0.00,0.99,FALSE,FALSE,0.45,0.45,0.45,,,seq.21781.9,0.52,
ACYP1_44438,OID44438,ACYP1,P07311,5,0.07,19.57,17.09,1.66,0.22,22.00,1.91,0.52,1.86,0.28,4.90,0.00,1.00,TRUE,TRUE,0.63,0.63,0.64,,,seq.20370.6,0.77,1
ADA2_45301,OID45301,ADA2,Q9NZK5,7,0.07,0.00,17.30,-0.43,0.29,22.00,0.40,0.55,0.36,-2.03,2.64,0.00,1.00,FALSE,FALSE,0.57,0.56,0.58,prot.5820,0.54,seq.6077.63,0.60,
ADAM12_42089,OID42089,ADAM12,O43184,3,0.00,59.22,40.13,0.07,0.64,22.00,0.81,1.02,0.82,-5.45,9.07,0.01,0.78,FALSE,FALSE,0.13,0.13,0.14,prot.1212,0.14,seq.4420.7,-0.01,
ADAM15_43327,OID43327,ADAM15,Q13444,4,0.00,14.41,11.37,0.00,0.17,22.00,0.19,0.36,0.18,-1.05,2.56,0.00,0.99,TRUE,TRUE,0.26,0.26,0.26,prot.3421,0.16,seq.15455.40,0.06,
ADAM22_43328,OID43328,ADAM22,Q9P0K1,4,0.00,10.65,20.93,-0.03,0.31,22.00,0.47,0.44,0.47,-1.19,2.52,0.00,1.00,TRUE,TRUE,0.32,0.31,0.33,prot.6873,-0.06,seq.7933.75,0.30,
ADAM23_43329,OID43329,ADAM23,O75077,4,0.00,0.00,10.68,0.16,0.15,22.00,0.72,0.39,0.73,-2.11,2.05,0.01,0.99,TRUE,FALSE,0.46,0.45,0.47,,,seq.7049.2,0.48,
ADAM8_44439,OID44439,ADAM8,P78325,5,0.07,9.75,12.12,0.65,0.18,22.00,1.04,0.34,1.04,-2.45,2.29,0.00,0.99,TRUE,TRUE,0.39,0.37,0.39,prot.7884,0.02,seq.21440.9,0.20,
ADAM9_43330,OID43330,ADAM9,Q13443,4,0.00,47.11,18.32,0.12,0.27,22.00,0.43,0.37,0.43,-0.77,2.92,0.00,0.99,TRUE,TRUE,0.17,0.16,0.18,prot.3420,-0.02,seq.3795.6,0.04,
ADAMTS13_45023,OID45023,ADAMTS13,Q76LX8,6,1.11,1.97,8.66,0.45,0.12,21.00,0.61,0.25,0.62,-0.72,1.58,0.00,0.96,FALSE,FALSE,0.55,0.54,0.55,prot.4127,0.48,seq.3175.51,0.51,
ADAMTS15_43332,OID43332,ADAMTS15,Q8TE58,4,0.00,0.00,12.10,3.51,0.18,22.00,3.76,0.48,3.77,2.05,5.59,0.00,0.98,FALSE,FALSE,0.38,0.37,0.40,prot.4618,0.20,seq.4533.76,-0.09,
ADAMTS1_43331,OID43331,ADAMTS1,Q9UHI8,4,0.00,30.97,14.12,0.86,0.20,22.00,0.61,0.50,0.58,-0.83,6.16,0.01,1.00,FALSE,FALSE,0.24,0.23,0.25,prot.386,0.11,seq.3174.2,-0.01,
ADAMTS4_42090,OID42090,ADAMTS4,O75173,3,0.00,82.53,59.19,0.33,1.73,22.00,0.72,1.37,0.88,-6.92,4.26,0.02,1.00,FALSE,FALSE,0.08,0.07,0.08,,,seq.2809.25,0.03,
ADAMTS8_44440,OID44440,ADAMTS8,Q9UP79,5,0.07,0.00,22.28,1.42,0.43,22.00,0.54,0.56,0.57,-1.68,2.08,0.00,0.99,TRUE,FALSE,0.57,0.56,0.57,prot.6074,0.44,seq.34255.32,0.68,
ADAMTSL2_45024,OID45024,ADAMTSL2,Q86TH1,6,1.11,7.25,12.22,-0.10,0.18,21.00,0.27,0.40,0.25,-1.71,1.83,0.00,0.99,FALSE,FALSE,0.61,0.60,0.63,,,seq.6379.62,0.78,
ADAMTSL4_43333,OID43333,ADAMTSL4,Q6UY14,4,0.00,0.00,8.74,1.44,0.13,22.00,1.61,0.39,1.60,-0.02,3.36,0.00,1.00,TRUE,TRUE,0.42,0.42,0.43,prot.4071,0.43,,,
ADAMTSL5_44441,OID44441,ADAMTSL5,Q6ZMM2,5,0.07,24.79,12.57,1.06,0.18,22.00,0.81,0.49,0.84,-7.30,2.81,0.00,0.99,TRUE,FALSE,0.35,0.35,0.37,,,seq.30713.118,0.12,
ADA_43326,OID43326,ADA,P00813,4,0.00,23.17,9.77,0.57,0.14,22.00,0.43,0.38,0.42,-1.07,2.25,0.00,0.99,TRUE,TRUE,0.37,0.36,0.37,prot.1639,0.29,seq.19751.21,0.02,
ADCY3_40765,OID40765,ADCY3,O60266,2,0.14,81.81,106.47,-0.94,2.28,22.00,-0.10,1.85,0.15,-6.75,8.59,0.00,0.19,FALSE,FALSE,0.03,0.03,0.03,prot.93,0.03,,,
ADCY5_40766,OID40766,ADCY5,O95622,2,0.14,79.44,37.48,0.22,0.55,22.00,0.03,1.37,-0.12,-6.59,8.85,0.00,0.98,FALSE,FALSE,0.04,0.04,0.04,,,,,
ADCYAP1R1_42091,OID42091,ADCYAP1R1,P41586,3,0.00,37.09,33.43,-0.51,0.49,22.00,-0.23,0.57,-0.25,-2.06,4.58,0.01,0.98,FALSE,FALSE,0.10,0.10,0.10,,,seq.22566.53,0.02,
ADD1_44442,OID44442,ADD1,P35611,5,0.07,26.53,35.84,3.13,0.51,22.00,3.57,0.75,3.58,0.37,6.80,0.00,0.99,FALSE,FALSE,0.55,0.54,0.56,prot.2541,0.53,,,
ADD2_44443,OID44443,ADD2,P35612,5,0.07,0.97,43.46,0.99,0.40,22.00,1.25,0.70,1.17,-0.27,4.40,0.00,1.00,FALSE,FALSE,0.57,0.57,0.58,prot.2542,0.72,seq.24468.36,-0.03,
ADGB_40767,OID40767,ADGB,Q8N7X0,2,0.14,76.24,232.97,-1.24,3.41,22.00,0.38,3.66,0.17,-6.55,10.67,0.00,0.00,FALSE,FALSE,0.01,0.01,0.02,,,,,
ADGRA2_40768,OID40768,ADGRA2,Q96PE1,2,0.14,82.65,45.52,-0.45,0.70,22.00,0.03,0.90,-0.02,-3.46,8.01,0.00,0.99,FALSE,FALSE,0.03,0.02,0.03,,,seq.30747.47,0.00,
ADGRB1_43334,OID43334,ADGRB1,O14514,4,0.00,0.00,12.55,0.17,0.18,22.00,0.72,0.45,0.71,-0.77,3.30,0.00,1.00,FALSE,FALSE,0.36,0.35,0.37,,,seq.21711.86,0.28,
ADGRB3_43335,OID43335,ADGRB3,O60242,4,0.00,0.00,8.69,0.11,0.12,22.00,0.49,0.38,0.49,-0.76,3.02,0.00,0.96,TRUE,FALSE,0.35,0.34,0.35,,,seq.15365.41,0.19,
ADGRD1_44444,OID44444,ADGRD1,Q6QNK2,5,0.07,19.57,17.65,0.06,0.24,22.00,0.07,0.50,0.02,-1.28,2.40,0.00,0.86,TRUE,FALSE,0.59,0.58,0.60,,,seq.21546.20,0.80,
ADGRE1_43336,OID43336,ADGRE1,Q14246,4,0.00,25.47,20.92,-2.77,0.31,22.00,-1.85,0.70,-1.84,-7.23,0.63,0.00,0.96,FALSE,FALSE,0.18,0.17,0.18,,,seq.35270.100,0.07,
ADGRE2_44445,OID44445,ADGRE2,Q9UHX3,5,0.07,26.11,13.66,0.28,0.19,22.00,0.34,0.37,0.33,-1.49,1.82,0.00,0.99,FALSE,FALSE,0.51,0.50,0.51,prot.5962,0.06,seq.4546.27,0.59,
ADGRE3_43337,OID43337,ADGRE3,Q9BY15,4,0.00,44.95,17.14,-0.23,0.25,22.00,-0.16,0.47,-0.17,-2.44,1.85,0.00,0.73,FALSE,FALSE,0.15,0.15,0.16,prot.7723,-0.04,,,
ADGRE5_45025,OID45025,ADGRE5,P48960,6,1.11,5.77,6.68,0.24,0.10,21.00,0.43,0.35,0.43,-1.39,2.02,0.00,0.99,FALSE,FALSE,0.59,0.58,0.60,prot.2716,0.43,seq.18881.7,0.69,
ADGRF2_40006,OID40006,ADGRF2,Q8IZF7,1,0.00,79.19,63.47,-1.38,1.58,22.00,-2.09,2.21,-1.59,-8.54,5.14,0.08,0.00,FALSE,FALSE,0.01,0.01,0.01,,,seq.21697.57,-0.02,
ADGRF4_40769,OID40769,ADGRF4,Q8IZF3,2,0.14,97.77,93.13,-0.34,1.93,22.00,-0.18,1.92,0.09,-7.10,6.43,0.00,0.74,FALSE,FALSE,0.02,0.01,0.02,,,seq.27020.79,0.00,
ADGRF5_44446,OID44446,ADGRF5,Q8IZF2,5,0.07,17.62,14.10,-0.15,0.20,22.00,0.22,0.32,0.25,-0.78,1.19,0.00,0.94,FALSE,FALSE,0.24,0.24,0.25,prot.4375,0.02,seq.6409.57,0.03,
ADGRG1_43338,OID43338,ADGRG1,Q9Y653,4,0.00,15.17,11.45,-0.12,0.17,22.00,0.11,0.76,-0.08,-1.31,3.98,0.07,0.94,FALSE,FALSE,0.39,0.39,0.40,prot.6279,0.02,seq.18893.26,0.54,
ADGRG2_44447,OID44447,ADGRG2,Q8IZP9,5,0.07,0.00,10.01,0.22,0.14,22.00,0.05,0.32,0.06,-1.02,1.29,0.00,0.99,FALSE,FALSE,0.27,0.26,0.29,,,seq.10767.52,-0.01,
ADGRG3_42092,OID42092,ADGRG3,Q86Y34,3,0.00,38.41,20.50,-1.06,0.31,22.00,-0.71,0.70,-0.73,-3.93,3.24,0.01,0.99,TRUE,FALSE,0.23,0.23,0.24,,,,,
ADGRV1_42093,OID42093,ADGRV1,Q8WXG9,3,0.00,76.13,32.85,0.61,0.50,22.00,-0.56,1.75,-0.51,-8.71,9.16,0.04,1.00,FALSE,FALSE,0.05,0.04,0.05,prot.4692,-0.01,,,
ADH1B_44448,OID44448,ADH1B,P00325,5,0.07,24.72,19.41,2.56,0.33,22.00,1.69,1.06,1.62,-1.61,5.65,0.00,0.99,FALSE,FALSE,0.71,0.71,0.71,prot.1613,0.88,seq.9834.62,0.31,
ADH4_40770,OID40770,ADH4,P08319,2,0.14,11.71,15.43,2.03,0.22,22.00,1.05,1.28,1.04,-3.04,4.73,0.00,0.98,FALSE,FALSE,0.68,0.67,0.69,prot.1898,,seq.8325.37,0.94,
ADI1_42094,OID42094,ADI1,Q9BV57,3,0.00,84.13,36.07,-0.13,0.56,22.00,-0.10,1.01,-0.08,-6.49,4.42,0.01,0.85,FALSE,FALSE,0.08,0.08,0.08,prot.5254,0.00,seq.12457.10,0.08,
ADM_43339,OID43339,ADM,P35318,4,0.00,0.00,7.16,2.48,0.10,22.00,2.56,0.35,2.55,1.45,4.01,0.00,1.00,FALSE,FALSE,0.40,0.40,0.41,,,seq.7922.5,0.35,
ADRA2A_42095,OID42095,ADRA2A,P08913,3,0.00,78.57,23.60,-0.37,0.40,22.00,-0.16,0.57,-0.24,-1.60,4.47,0.03,0.98,FALSE,FALSE,0.05,0.05,0.06,prot.1919,0.02,,,
ADRM1_40771,OID40771,ADRM1,Q16186,2,0.14,91.71,54.68,-0.05,0.81,22.00,-0.55,1.97,-0.26,-7.41,7.28,0.00,0.04,FALSE,FALSE,0.03,0.03,0.03,prot.3676,0.01,seq.9057.19,0.03,
ADSL_43340,OID43340,ADSL,P30566,4,0.00,0.00,27.10,1.49,0.40,22.00,1.38,0.87,1.34,-2.31,6.12,0.00,0.99,FALSE,FALSE,0.44,0.44,0.44,,,seq.5023.23,0.39,
AEBP1_44449,OID44449,AEBP1,Q8IUX7,5,0.07,0.07,12.84,0.57,0.18,22.00,0.80,0.48,0.77,-0.99,3.44,0.00,0.99,FALSE,FALSE,0.59,0.58,0.59,prot.4309,0.70,seq.29441.40,0.38,
AFAP1L1_43341,OID43341,AFAP1L1,Q8TED9,4,0.00,17.68,13.65,0.20,0.19,22.00,0.49,0.48,0.46,-1.33,3.81,0.01,1.00,TRUE,FALSE,0.17,0.17,0.18,,,seq.9889.42,0.00,
AFAP1L2_42096,OID42096,AFAP1L2,Q8N4X5,3,0.00,10.79,16.40,-0.88,0.24,22.00,0.19,0.78,0.14,-2.07,3.99,0.00,0.99,TRUE,FALSE,0.54,0.53,0.54,prot.7605,0.37,seq.24445.38,0.77,
AFAP1_44450,OID44450,AFAP1,Q8N556,5,0.07,56.06,19.31,0.04,0.28,22.00,0.91,1.73,0.25,-1.50,6.60,0.00,0.00,TRUE,TRUE,0.45,0.43,0.46,prot.7285,0.57,seq.27982.1,-0.02,
AFG2A_41849,OID41849,AFG2A,Q8NB90,2,0.14,67.32,72.02,0.58,0.90,22.00,0.72,1.32,0.74,-6.92,7.03,0.00,1.00,FALSE,FALSE,0.09,0.09,0.09,prot.4473,0.10,seq.25258.41,0.02,
AFM_45434,OID45434,AFM,P43652,8,0.84,9.26,12.90,0.19,0.19,22.00,0.17,0.24,0.17,-1.27,1.27,0.00,0.99,FALSE,FALSE,0.48,0.47,0.49,prot.2644,0.44,seq.18196.8,0.52,
AFP_45026,OID45026,AFP,P02771,6,1.11,26.60,17.95,0.13,0.26,21.00,0.10,0.69,0.06,-2.14,6.61,0.00,0.99,FALSE,FALSE,0.31,0.31,0.32,,,seq.5792.8,0.14,
AFTPH_40007,OID40007,AFTPH,Q6ULP2,1,0.00,55.25,35.89,-0.03,0.53,22.00,-0.46,0.90,-0.51,-3.94,7.34,0.02,1.00,FALSE,FALSE,0.06,0.06,0.06,prot.4042,0.06,,,
AGAP3_42097,OID42097,AGAP3,Q96P47,3,0.00,52.05,33.33,0.70,0.48,22.00,0.77,0.72,0.70,-1.08,6.43,0.02,0.96,FALSE,FALSE,0.14,0.13,0.15,prot.6781,0.00,seq.13960.15,0.05,
AGAP9_AGAP4_40772,OID40772,AGAP9_AGAP4,Q5VTM2_Q96P64,2,0.14,77.00,92.02,-0.87,1.72,22.00,-0.31,1.53,-0.31,-8.24,6.94,0.00,1.00,FALSE,FALSE,0.01,0.01,0.01,,,,,
AGBL2_43342,OID43342,AGBL2,Q5U5Z8,4,0.00,63.60,18.70,-0.42,0.28,22.00,-0.26,0.67,-0.37,-1.61,6.46,0.02,0.84,FALSE,FALSE,0.13,0.12,0.14,,,,,
AGBL3_40774,OID40774,AGBL3,Q8NEM8,2,0.14,83.21,35.24,-3.78,0.58,22.00,-3.67,1.13,-3.72,-11.07,2.98,0.00,0.99,FALSE,FALSE,0.05,0.05,0.05,,,,,
AGER_44451,OID44451,AGER,Q15109,5,0.07,1.25,8.96,0.18,0.13,22.00,0.59,0.49,0.59,-1.40,2.42,0.00,0.94,FALSE,FALSE,0.67,0.67,0.69,prot.3592,0.84,seq.4125.52,0.59,
AGR2_43343,OID43343,AGR2,O95994,4,0.00,23.24,23.09,1.14,0.32,22.00,1.71,1.20,1.67,-1.72,6.63,0.00,0.97,FALSE,FALSE,0.23,0.22,0.24,,,seq.4959.2,-0.07,
AGR3_42098,OID42098,AGR3,Q8TD06,3,0.00,70.49,47.47,1.79,0.63,22.00,0.92,1.49,1.08,-7.87,4.31,0.01,1.00,FALSE,FALSE,0.46,0.45,0.47,prot.4601,0.62,seq.17342.13,0.77,
AGRN_44452,OID44452,AGRN,O00468,5,0.07,0.21,7.30,-0.34,0.10,22.00,0.29,0.35,0.27,-1.55,2.59,0.00,0.90,TRUE,FALSE,0.51,0.50,0.51,prot.1053,0.46,seq.15483.377,0.52,
AGRP_43344,OID43344,AGRP,O00253,4,0.00,10.16,37.86,-0.79,0.44,22.00,-0.10,0.84,-0.07,-2.87,4.03,0.00,0.85,FALSE,FALSE,0.39,0.39,0.40,,,seq.2813.11,0.47,
AGT_45302,OID45302,AGT,P01019,7,0.07,61.77,12.49,-0.80,0.18,22.00,-0.92,0.25,-0.91,-1.76,1.17,0.00,0.97,TRUE,TRUE,0.34,0.34,0.35,,,seq.3484.60,0.25,
AGXT_44453,OID44453,AGXT,P21549,5,0.07,0.00,12.53,0.44,0.18,22.00,-0.02,0.94,-0.05,-2.56,2.99,0.00,0.99,TRUE,FALSE,0.64,0.63,0.64,prot.7688,0.04,seq.24646.47,0.68,
AHCY_44454,OID44454,AHCY,P23526,5,0.07,29.32,29.87,0.95,0.49,22.00,1.34,0.83,1.42,-2.19,4.50,0.00,0.99,FALSE,FALSE,0.41,0.40,0.41,prot.2316,0.36,seq.21393.62,0.10,
AHI1_40008,OID40008,AHI1,Q8N157,1,0.00,80.58,44.80,0.69,0.78,22.00,-0.91,1.89,-0.87,-8.69,6.38,0.02,1.00,FALSE,FALSE,0.06,0.06,0.07,,,,,
AHNAK2_43346,OID43346,AHNAK2,Q8IVF2,4,0.00,0.77,10.11,1.48,0.14,22.00,1.30,0.55,1.27,-0.58,5.33,0.01,0.96,FALSE,FALSE,0.29,0.29,0.30,prot.4318,0.20,,,
AHNAK_43345,OID43345,AHNAK,Q09666,4,0.00,21.85,16.80,0.46,0.28,22.00,0.40,0.42,0.40,-1.47,2.15,0.00,1.00,FALSE,FALSE,0.40,0.40,0.41,prot.3306,0.59,seq.25411.56,-0.06,
AHSA1_43347,OID43347,AHSA1,O95433,4,0.00,46.42,20.18,0.06,0.29,22.00,0.30,0.74,0.13,-0.91,5.61,0.05,0.90,FALSE,FALSE,0.20,0.19,0.20,prot.1547,0.20,seq.11633.89,0.23,
AHSA2P_40775,OID40775,AHSA2P,Q719I0,2,0.14,53.66,26.69,-1.38,0.43,22.00,-1.37,1.25,-1.58,-5.85,5.87,0.00,1.00,FALSE,FALSE,0.04,0.04,0.05,,,,,
AHSG_45303,OID45303,AHSG,P02765,7,0.07,5.57,11.51,0.10,0.17,22.00,-0.16,0.30,-0.15,-2.14,1.95,0.00,1.00,TRUE,FALSE,0.45,0.45,0.45,prot.1731,0.05,seq.3581.53,0.33,
AHSP_45027,OID45027,AHSP,Q9NZD4,6,1.11,2.46,10.35,0.56,0.16,21.00,0.96,1.11,0.90,-2.49,5.45,0.00,0.99,FALSE,FALSE,0.66,0.66,0.67,prot.5814,0.69,seq.9025.5,0.01,
AIDA_42099,OID42099,AIDA,Q96BJ3,3,0.00,82.53,332.59,-0.93,3.07,22.00,0.89,2.60,0.95,-6.68,9.84,0.01,0.28,FALSE,FALSE,0.06,0.06,0.07,prot.4841,0.04,seq.17347.80,0.08,
AIF1L_43348,OID43348,AIF1L,Q9BQI0,4,0.00,38.62,13.52,-0.25,0.20,22.00,-0.22,0.66,-0.33,-1.54,5.36,0.03,0.89,FALSE,FALSE,0.26,0.26,0.27,,,seq.18871.24,0.34,
AIF1_42100,OID42100,AIF1,P55008,3,0.00,49.55,28.41,-0.78,0.41,22.00,-0.69,0.95,-0.73,-4.86,5.52,0.01,1.00,FALSE,FALSE,0.13,0.13,0.13,prot.2908,0.06,seq.2849.49,0.12,
AIFM1_43349,OID43349,AIFM1,O95831,4,0.00,4.94,20.42,1.13,0.30,22.00,1.65,0.80,1.62,-1.75,5.56,0.00,0.99,FALSE,FALSE,0.49,0.49,0.50,prot.1582,0.57,seq.9522.3,0.36,
AJM1_40009,OID40009,AJM1,C9J069,1,0.00,75.99,45.40,-1.63,0.64,22.00,-0.79,1.42,-0.85,-8.68,5.76,0.02,0.99,FALSE,FALSE,0.03,0.03,0.03,,,,,
AK1_44455,OID44455,AK1,P00568,5,0.07,4.18,40.55,1.57,0.53,22.00,2.07,0.91,1.97,-0.52,6.89,0.00,1.00,FALSE,FALSE,0.67,0.65,0.67,prot.1628,0.60,seq.5012.67,0.77,
AK2_43350,OID43350,AK2,P54819,4,0.00,51.98,179.28,2.95,1.47,22.00,3.43,1.86,3.24,-5.01,9.57,0.01,0.92,FALSE,FALSE,0.37,0.37,0.38,prot.2899,0.38,seq.11368.32,0.41,
AK4_40776,OID40776,AK4,P27144,2,0.14,71.43,26.45,0.56,0.39,22.00,0.24,1.01,0.18,-7.66,4.88,0.00,1.00,FALSE,FALSE,0.15,0.14,0.15,,,seq.17432.25,0.07,
AK7_40777,OID40777,AK7,Q96M32,2,0.14,83.55,50.97,-0.69,0.86,22.00,0.00,1.16,0.02,-7.13,6.70,0.00,0.99,FALSE,FALSE,0.02,0.02,0.02,,,,,
AKAP11_42101,OID42101,AKAP11,Q9UKA4,3,0.00,30.62,11.65,-0.34,0.17,22.00,-1.79,1.26,-2.01,-5.13,3.10,0.00,0.98,FALSE,FALSE,0.24,0.23,0.25,,,,,
AKAP12_44456,OID44456,AKAP12,Q02952,5,0.07,0.07,13.33,0.53,0.18,22.00,0.25,0.37,0.25,-0.98,5.77,0.00,1.00,FALSE,FALSE,0.37,0.37,0.38,prot.3225,0.33,,,
AKAP13_40778,OID40778,AKAP13,Q12802,2,0.14,41.39,34.61,-0.13,0.57,22.00,0.48,0.96,0.56,-4.26,4.88,0.00,0.82,TRUE,TRUE,0.13,0.13,0.14,prot.3334,-0.01,,,
AKAP14_40779,OID40779,AKAP14,Q86UN6,2,0.14,88.92,71.76,-0.90,1.14,22.00,-0.34,1.32,-0.26,-7.29,5.38,0.00,0.97,FALSE,FALSE,0.01,0.01,0.02,,,,,
AKAP2_43351,OID43351,AKAP2,Q9Y2D5,4,0.00,0.00,11.24,0.45,0.16,22.00,0.75,0.43,0.71,-0.43,3.71,0.01,1.00,FALSE,FALSE,0.27,0.26,0.27,prot.6915,0.17,seq.34463.30,0.07,
AKAP5_40010,OID40010,AKAP5,P24588,1,0.00,77.59,49.21,0.39,0.74,22.00,0.00,1.09,0.06,-7.68,6.18,0.02,0.74,FALSE,FALSE,0.02,0.02,0.02,,,seq.34917.117,-0.02,
AKAP7_40780,OID40780,AKAP7,O43687,2,0.14,69.20,28.47,-1.47,0.42,22.00,-1.30,0.89,-1.34,-5.33,5.03,0.00,0.99,FALSE,FALSE,0.06,0.05,0.06,,,seq.18399.1,0.06,
AKAP8_40781,OID40781,AKAP8,O43823,2,0.14,31.57,25.58,-1.15,0.39,22.00,-0.13,1.06,-0.35,-2.62,5.52,0.00,1.00,FALSE,FALSE,0.15,0.14,0.15,,,,,
AKNAD1_42102,OID42102,AKNAD1,Q5T1N1,3,0.00,61.93,17.73,-0.10,0.26,22.00,-0.56,1.03,-0.69,-3.46,5.90,0.01,0.98,FALSE,FALSE,0.10,0.09,0.11,,,,,
AKR1A1_40782,OID40782,AKR1A1,P14550,2,0.14,85.85,33.77,-0.18,0.57,22.00,-0.01,1.00,0.03,-8.06,4.10,0.00,1.00,FALSE,FALSE,0.05,0.05,0.05,prot.2097,0.00,seq.4192.10,0.04,
AKR1B10_42104,OID42104,AKR1B10,O60218,3,0.00,45.23,107.23,-2.21,2.72,22.00,-1.53,2.62,-0.87,-7.40,5.48,0.00,0.00,FALSE,FALSE,0.13,0.12,0.13,prot.7337,0.22,seq.16081.38,0.18,
AKR1B1_42103,OID42103,AKR1B1,P15121,3,0.00,28.60,20.17,2.51,0.27,22.00,2.58,1.15,2.38,-0.08,9.46,0.03,0.96,FALSE,FALSE,0.40,0.39,0.40,prot.2113,0.21,seq.9854.36,0.33,
AKR1C4_42105,OID42105,AKR1C4,P17516,3,0.00,76.34,35.67,-2.73,0.49,22.00,-2.60,0.86,-2.58,-8.25,2.49,0.01,0.79,FALSE,FALSE,0.20,0.20,0.21,prot.7468,0.07,seq.18397.5,0.33,
AKR7L_42106,OID42106,AKR7L,Q8NHP1,3,0.00,50.10,54.10,1.55,0.84,22.00,0.30,1.75,0.49,-7.39,4.99,0.03,0.99,FALSE,FALSE,0.06,0.06,0.06,,,seq.34838.49,-0.01,
AKT1S1_43352,OID43352,AKT1S1,Q96B36,4,0.00,0.00,27.09,2.08,0.32,22.00,2.47,0.63,2.44,0.46,5.93,0.01,0.99,FALSE,FALSE,0.52,0.52,0.53,prot.4836,0.46,seq.23302.19,0.36,
AKT2_43353,OID43353,AKT2,P31751,4,0.00,22.20,37.01,4.46,0.57,22.00,4.90,1.07,4.89,0.12,11.11,0.00,0.99,FALSE,FALSE,0.55,0.54,0.56,prot.2473,0.61,seq.5360.9,0.61,
AKT3_42107,OID42107,AKT3,Q9Y243,3,0.00,75.09,237.89,0.44,3.14,22.00,1.00,2.64,1.02,-6.24,7.87,0.00,0.04,FALSE,FALSE,0.09,0.09,0.09,prot.6106,0.08,seq.3392.68,0.09,
ALAS1_40783,OID40783,ALAS1,P13196,2,0.14,67.80,26.25,6.40,0.37,22.00,0.12,1.64,-0.10,-7.51,8.51,0.00,0.99,FALSE,FALSE,0.09,0.08,0.09,,,,,
ALCAM_45028,OID45028,ALCAM,Q13740,6,1.11,2.18,7.38,0.05,0.11,21.00,0.23,0.27,0.22,-1.55,1.33,0.00,1.00,FALSE,FALSE,0.52,0.51,0.53,prot.3457,0.05,seq.5451.1,0.50,
ALDH1A1_45029,OID45029,ALDH1A1,P00352,6,1.11,5.70,17.28,1.19,0.26,21.00,0.79,0.83,0.69,-2.54,4.59,0.00,0.84,FALSE,FALSE,0.69,0.69,0.70,prot.1616,0.66,seq.11265.8,0.85,
ALDH1A3_40784,OID40784,ALDH1A3,P47895,2,0.14,73.66,43.02,-0.08,0.69,22.00,-0.15,1.20,-0.05,-8.28,4.20,0.00,0.98,FALSE,FALSE,0.04,0.04,0.04,prot.7666,0.00,seq.9835.16,0.02,
ALDH1L1_40785,OID40785,ALDH1L1,O75891,2,0.14,50.59,25.80,-3.80,0.37,22.00,-3.48,1.19,-3.58,-7.35,2.64,0.00,0.99,FALSE,FALSE,0.35,0.35,0.36,prot.7009,0.32,seq.31045.18,0.58,
ALDH2_43354,OID43354,ALDH2,P05091,4,0.00,66.95,22.44,-1.16,0.33,22.00,-1.11,0.84,-1.25,-3.41,5.52,0.02,1.00,FALSE,FALSE,0.25,0.25,0.26,prot.6504,0.06,seq.18381.16,0.38,
ALDH3A1_43355,OID43355,ALDH3A1,P30838,4,0.00,12.87,14.72,-0.10,0.20,22.00,0.14,0.97,0.00,-2.28,5.39,0.01,0.94,TRUE,FALSE,0.43,0.42,0.44,prot.2459,0.02,seq.11480.1,0.51,
ALDH5A1_43356,OID43356,ALDH5A1,P51649,4,0.00,60.89,23.85,-0.11,0.33,22.00,-0.37,0.71,-0.43,-3.51,2.71,0.01,0.79,TRUE,TRUE,0.24,0.24,0.24,prot.2824,0.21,seq.17792.158,0.08,
ALDH9A1_42108,OID42108,ALDH9A1,P49189,3,0.00,66.53,25.59,0.12,0.38,22.00,0.32,0.81,0.33,-3.07,5.01,0.01,0.99,TRUE,TRUE,0.33,0.33,0.33,prot.2721,0.37,seq.30719.133,0.06,
ALK_40786,OID40786,ALK,Q9UM73,2,0.14,35.47,17.16,0.27,0.26,22.00,0.35,0.51,0.32,-1.17,2.82,0.00,1.00,FALSE,FALSE,0.14,0.14,0.14,,,seq.8249.124,-0.01,
ALMS1_42109,OID42109,ALMS1,Q8TCU4,3,0.00,85.18,335.54,-0.73,2.72,22.00,0.07,2.50,0.31,-6.82,8.89,0.10,0.00,FALSE,FALSE,0.05,0.05,0.05,,,,,
ALPG_44457,OID44457,ALPG,P10696,5,0.07,0.21,14.58,-3.16,0.21,22.00,-2.17,1.32,-2.27,-5.67,5.72,0.00,0.90,TRUE,TRUE,0.45,0.44,0.46,,,seq.6715.63,0.37,2
ALPI_42110,OID42110,ALPI,P09923,3,0.00,50.59,41.23,-1.27,0.48,22.00,-1.14,1.74,-1.15,-8.53,3.06,0.00,0.98,FALSE,FALSE,0.44,0.43,0.46,prot.1957,0.17,seq.17441.4,0.74,
ALPK2_40011,OID40011,ALPK2,Q86TB3,1,0.00,84.97,41.32,-0.13,0.65,22.00,-0.09,0.74,-0.08,-3.58,4.99,0.01,0.61,FALSE,FALSE,0.05,0.05,0.05,,,,,
ALPP_43357,OID43357,ALPP,P05187,4,0.00,2.99,10.20,-3.32,0.14,22.00,-2.42,1.29,-2.60,-5.88,4.28,0.02,0.99,TRUE,FALSE,0.51,0.50,0.51,prot.7017,0.21,seq.7813.6,0.60,2
ALYREF_40787,OID40787,ALYREF,Q86V81,2,0.14,62.37,69.59,-1.80,1.48,22.00,-0.85,1.63,-0.80,-7.77,7.56,0.00,0.99,FALSE,FALSE,0.06,0.06,0.07,,,,,
AMBN_42111,OID42111,AMBN,Q9NP70,3,0.00,59.08,52.94,-0.18,0.90,22.00,0.03,1.13,0.13,-7.44,3.72,0.02,0.99,FALSE,FALSE,0.07,0.06,0.07,,,,,
AMBP_43358,OID43358,AMBP,P02760,4,0.00,0.00,10.01,0.26,0.13,22.00,0.16,0.19,0.14,-0.45,1.10,0.00,0.87,FALSE,FALSE,0.42,0.41,0.42,prot.1729,0.11,seq.15453.3,0.43,
AMDHD1_43359,OID43359,AMDHD1,Q96NU7,4,0.00,27.28,18.91,-1.50,0.26,22.00,-1.81,1.07,-1.86,-6.84,1.79,0.00,0.93,FALSE,FALSE,0.47,0.47,0.48,prot.5033,0.63,,,
AMDHD2_45030,OID45030,AMDHD2,Q9Y303,6,1.11,93.67,16.62,0.04,0.24,21.00,0.03,0.35,0.02,-1.12,4.81,0.00,0.80,FALSE,FALSE,0.17,0.17,0.18,prot.6160,0.00,,,
AMELY_40012,OID40012,AMELY,Q99218,1,0.00,84.13,43.09,-0.04,0.69,22.00,-0.02,0.80,0.00,-8.25,4.73,0.01,0.94,FALSE,FALSE,NA,NA,NA,,,seq.29571.4,-0.05,
AMFR_42112,OID42112,AMFR,Q9UKV5,3,0.00,69.38,21.13,0.04,0.31,22.00,0.21,0.32,0.18,-0.73,2.92,0.01,0.93,FALSE,FALSE,0.12,0.11,0.13,,,,,
AMIGO2_43360,OID43360,AMIGO2,Q86SJ2,4,0.00,0.00,5.12,0.08,0.07,22.00,0.31,0.18,0.32,-0.58,1.02,0.00,0.99,TRUE,FALSE,0.43,0.42,0.44,prot.6685,0.00,seq.6914.15,0.50,
AMMECR1L_40788,OID40788,AMMECR1L,Q6DCA0,2,0.14,84.25,45.35,0.25,0.72,22.00,0.14,1.10,0.15,-7.87,5.52,0.00,0.99,FALSE,FALSE,0.04,0.04,0.04,,,seq.18402.1,0.05,
AMN_42114,OID42114,AMN,Q9BXJ7,3,0.00,62.84,20.77,0.74,0.30,22.00,0.16,0.83,0.16,-3.66,4.50,0.00,0.99,FALSE,FALSE,0.09,0.09,0.10,,,seq.4322.28,-0.08,
AMOTL2_42115,OID42115,AMOTL2,Q9Y2J4,3,0.00,78.71,22.02,4.47,0.32,22.00,0.63,0.73,0.57,-1.23,4.96,0.00,1.00,FALSE,FALSE,0.09,0.08,0.10,,,seq.31652.53,-0.08,
AMOT_44458,OID44458,AMOT,Q4VCS5,5,0.07,2.30,16.02,-0.14,0.23,22.00,0.78,0.52,0.77,-0.79,3.21,0.00,0.99,FALSE,FALSE,0.30,0.29,0.30,,,seq.25296.3,0.05,
AMPD3_43361,OID43361,AMPD3,Q01432,4,0.00,31.87,32.91,2.15,0.38,22.00,2.32,0.84,2.27,-0.29,6.43,0.00,1.00,FALSE,FALSE,0.46,0.46,0.47,prot.3192,0.44,,,
AMY1_AMY2_45304,OID45304,AMY1_AMY2,P04746_P0DTE7_P0DTE8_P0DUB6_P19961,7,0.07,0.70,9.89,-0.34,0.14,22.00,0.01,0.50,0.00,-1.68,2.87,0.00,0.99,TRUE,FALSE,0.64,0.63,0.65,prot.8011,0.87,seq.15556.49,0.85,
ANAPC10_40013,OID40013,ANAPC10,Q9UM13,1,0.00,81.42,45.17,-0.87,0.72,22.00,-0.63,1.82,-0.82,-8.97,8.39,0.03,1.00,FALSE,FALSE,0.03,0.03,0.03,prot.6047,0.00,seq.12345.4,0.01,
ANAPC1_40789,OID40789,ANAPC1,Q9H1A4,2,0.14,70.45,22.75,-0.85,0.34,22.00,-1.56,1.19,-1.69,-6.94,5.45,0.00,1.00,FALSE,FALSE,0.06,0.05,0.06,prot.5423,0.01,,,
ANAPC4_40790,OID40790,ANAPC4,Q9UJX5,2,0.14,91.43,81.96,-0.01,1.05,22.00,-0.22,1.77,0.04,-6.73,5.52,0.00,0.84,FALSE,FALSE,0.02,0.01,0.02,prot.6895,0.01,,,
ANGPT1_44459,OID44459,ANGPT1,Q15389,5,0.07,0.35,15.52,2.31,0.25,22.00,2.11,0.83,2.14,-0.73,4.97,0.00,0.99,FALSE,FALSE,0.74,0.73,0.74,prot.3622,0.74,seq.2811.27,0.87,3
ANGPT2_43362,OID43362,ANGPT2,O15123,4,0.00,19.55,13.22,-0.15,0.18,22.00,0.36,0.48,0.32,-1.12,3.26,0.00,1.00,FALSE,FALSE,0.57,0.56,0.58,,,seq.2602.2,0.84,
ANGPTL1_44460,OID44460,ANGPTL1,O95841,5,0.07,0.00,7.74,0.40,0.11,22.00,0.36,0.34,0.34,-0.93,1.98,0.00,0.99,TRUE,FALSE,0.62,0.60,0.62,prot.1585,0.23,seq.11142.11,0.73,
ANGPTL2_44461,OID44461,ANGPTL2,Q9UKU9,5,0.07,0.00,12.28,0.57,0.18,22.00,0.95,0.44,0.96,-0.77,2.87,0.00,0.99,FALSE,FALSE,0.47,0.46,0.48,prot.6016,0.31,seq.33706.2,0.15,
ANGPTL3_45306,OID45306,ANGPTL3,Q9Y5C1,7,0.07,0.00,10.36,-0.19,0.15,22.00,0.19,0.48,0.21,-1.69,2.25,0.00,0.98,FALSE,FALSE,0.71,0.70,0.71,prot.6237,0.73,seq.10391.1,0.87,
ANGPTL4_44462,OID44462,ANGPTL4,Q9BY76,5,0.07,15.46,16.16,-0.53,0.24,22.00,0.35,0.50,0.36,-1.37,2.40,0.00,0.99,TRUE,FALSE,0.61,0.60,0.61,prot.5318,0.70,seq.3796.79,0.08,
ANGPTL5_40791,OID40791,ANGPTL5,Q86XS5,2,0.14,63.69,26.91,-0.79,0.38,22.00,-0.42,1.04,-0.63,-2.74,7.46,0.00,1.00,FALSE,FALSE,0.03,0.03,0.04,,,seq.27022.8,-0.02,
ANGPTL7_43363,OID43363,ANGPTL7,O43827,4,0.00,86.50,21.91,0.25,0.30,22.00,0.37,0.79,0.25,-1.53,3.97,0.02,0.99,FALSE,FALSE,0.09,0.09,0.10,prot.1276,0.02,seq.6371.50,0.01,
ANG_45305,OID45305,ANG,P03950,7,0.07,0.00,14.02,-0.42,0.20,22.00,0.05,0.41,0.03,-1.34,2.17,0.00,1.00,TRUE,FALSE,0.64,0.64,0.64,prot.1744,0.69,seq.4874.3,0.76,
ANK2_42116,OID42116,ANK2,Q01484,3,0.00,49.69,29.40,0.20,0.40,22.00,-0.34,1.45,-0.47,-9.16,7.31,0.01,0.99,FALSE,FALSE,0.09,0.08,0.09,,,seq.7624.19,-0.03,
ANKIB1_40792,OID40792,ANKIB1,Q9P2G1,2,0.14,83.97,91.81,-0.24,1.25,22.00,0.28,1.52,0.35,-6.79,7.15,0.00,0.88,FALSE,FALSE,0.03,0.03,0.03,prot.5875,0.03,,,
ANKMY2_43364,OID43364,ANKMY2,Q8IV38,4,0.00,21.99,24.88,0.66,0.38,22.00,1.56,0.69,1.53,-0.93,5.59,0.01,1.00,FALSE,FALSE,0.41,0.40,0.42,prot.4315,0.48,seq.25437.18,0.06,
ANKRA2_42117,OID42117,ANKRA2,Q9H9E1,3,0.00,80.79,47.67,0.32,0.71,22.00,0.01,1.17,0.07,-7.95,5.42,0.01,0.99,FALSE,FALSE,0.02,0.02,0.03,,,seq.21590.9,0.00,
ANKRD10_40793,OID40793,ANKRD10,Q9NXR5,2,0.14,58.33,22.53,-4.34,0.34,22.00,-3.11,1.38,-3.47,-5.91,5.71,0.00,0.99,FALSE,FALSE,0.07,0.06,0.07,,,,,
ANKRD11_42118,OID42118,ANKRD11,Q6UB99,3,0.00,20.67,24.76,-3.09,0.34,22.00,-0.52,1.79,-0.77,-3.99,8.21,0.01,1.00,FALSE,FALSE,0.17,0.16,0.18,,,,,
ANKRD18B_40794,OID40794,ANKRD18B,A2A2Z9,2,0.14,89.20,31.06,-2.47,0.48,22.00,-2.19,0.64,-2.20,-4.35,1.89,0.00,0.98,FALSE,FALSE,0.04,0.03,0.04,,,,,
ANKRD20A12P_40796,OID40796,ANKRD20A12P,Q8NF67,2,0.14,84.25,82.74,-1.12,2.09,22.00,-0.49,1.96,-0.26,-6.82,7.53,0.00,0.09,FALSE,FALSE,0.01,0.01,0.01,,,,,
ANKRD20A1_40014,OID40014,ANKRD20A1,Q5TYW2,1,0.00,85.94,140.57,-4.12,2.92,22.00,-2.39,2.91,-1.52,-8.05,8.63,0.00,0.00,FALSE,FALSE,0.01,0.01,0.01,,,,,
ANKRD20A4P_40797,OID40797,ANKRD20A4P,Q4UJ75,2,0.14,59.58,23.62,-1.95,0.40,22.00,-1.18,1.00,-1.41,-3.14,7.45,0.00,1.00,FALSE,FALSE,0.03,0.03,0.04,,,seq.35088.19,0.01,
ANKRD26P1_40015,OID40015,ANKRD26P1,Q6NSI1,1,0.00,75.57,46.32,0.25,0.55,22.00,0.19,0.87,0.14,-3.28,5.62,0.01,0.99,FALSE,FALSE,0.03,0.03,0.04,,,,,
ANKRD28_40016,OID40016,ANKRD28,O15084,1,0.00,67.64,32.12,-0.03,0.51,22.00,0.46,1.01,0.33,-2.54,7.69,0.02,0.99,FALSE,FALSE,0.06,0.06,0.07,prot.1150,0.06,,,
ANKRD2_40795,OID40795,ANKRD2,Q9GZV1,2,0.14,70.80,31.37,-1.63,0.53,22.00,-0.73,0.97,-0.83,-3.63,5.93,0.00,1.00,TRUE,TRUE,0.14,0.13,0.14,,,seq.25274.2,0.14,
ANKRD34B_40017,OID40017,ANKRD34B,A5PLL1,1,0.00,71.96,63.68,-1.41,1.67,22.00,-1.05,1.69,-1.00,-8.68,5.81,0.02,0.99,FALSE,FALSE,0.03,0.03,0.03,,,,,
ANKRD34C_40018,OID40018,ANKRD34C,P0C6C1,1,0.00,75.64,42.55,-0.25,0.85,22.00,-0.12,1.48,-0.26,-8.59,8.40,0.02,0.92,FALSE,FALSE,0.03,0.03,0.03,,,,,
ANKRD35_42119,OID42119,ANKRD35,Q8N283,3,0.00,40.29,16.83,0.22,0.25,22.00,0.23,0.56,0.24,-1.59,3.42,0.00,0.96,FALSE,FALSE,0.25,0.24,0.25,,,,,
ANKRD36BP1_40019,OID40019,ANKRD36BP1,Q96IX9,1,0.00,65.90,41.13,-1.16,0.53,22.00,-0.77,0.77,-0.88,-2.81,3.85,0.02,0.99,FALSE,FALSE,0.05,0.05,0.05,,,,,
ANKRD36B_40798,OID40798,ANKRD36B,Q8N2N9,2,0.14,51.99,74.08,-2.24,2.19,22.00,-0.85,2.09,-0.66,-7.81,8.18,0.00,0.07,FALSE,FALSE,0.03,0.02,0.03,,,,,
ANKRD45_40020,OID40020,ANKRD45,Q5TZF3,1,0.00,81.84,269.66,-0.22,3.27,22.00,0.00,2.78,0.00,-7.62,10.71,0.06,0.02,FALSE,FALSE,0.02,0.02,0.03,,,seq.23413.38,0.04,
ANKRD50_40799,OID40799,ANKRD50,Q9ULJ7,2,0.14,63.07,55.39,-2.38,0.90,22.00,-0.36,1.82,-0.70,-7.34,9.76,0.00,0.99,FALSE,FALSE,0.04,0.04,0.04,,,,,
ANKRD52_40800,OID40800,ANKRD52,Q8NB46,2,0.14,83.00,95.17,-2.58,2.21,22.00,-1.34,2.66,-0.80,-7.05,8.37,0.00,0.00,FALSE,FALSE,-0.01,-0.01,-0.01,prot.6721,-0.05,,,
ANKRD53_42120,OID42120,ANKRD53,Q8N9V6,3,0.00,21.71,18.69,-0.84,0.28,22.00,-0.70,0.80,-0.85,-2.58,5.63,0.04,0.97,FALSE,FALSE,0.17,0.16,0.18,,,,,
ANKRD54_42121,OID42121,ANKRD54,Q6NXT1,3,0.00,23.03,45.50,0.32,0.51,22.00,0.91,0.79,0.83,-1.17,5.74,0.01,0.99,FALSE,FALSE,0.26,0.25,0.26,prot.3989,0.22,seq.18404.22,0.28,
ANKRD55_42122,OID42122,ANKRD55,Q3KP44,3,0.00,44.26,33.56,-3.95,0.53,22.00,-2.84,1.25,-3.14,-5.22,4.01,0.03,0.45,FALSE,FALSE,0.07,0.07,0.07,,,,,
ANKRD6_42123,OID42123,ANKRD6,Q9Y2G4,3,0.00,78.57,22.48,-0.14,0.33,22.00,0.25,0.66,0.14,-1.01,6.40,0.02,0.99,FALSE,FALSE,0.05,0.05,0.05,,,,,
ANKS1A_40801,OID40801,ANKS1A,Q92625,2,0.14,28.15,23.43,1.17,0.33,22.00,1.23,0.65,1.19,-1.13,5.98,0.00,0.98,FALSE,FALSE,0.44,0.44,0.45,prot.4737,0.52,,,
ANKS3_40802,OID40802,ANKS3,Q6ZW76,2,0.14,76.24,84.64,-1.39,2.54,22.00,0.95,1.84,0.86,-7.66,8.65,0.00,0.99,FALSE,FALSE,0.05,0.04,0.05,,,seq.25261.42,0.01,
ANKUB1_40803,OID40803,ANKUB1,A6NFN9,2,0.14,62.79,266.67,-2.09,3.29,22.00,-0.47,3.12,-0.05,-6.43,10.65,0.00,0.00,FALSE,FALSE,0.01,0.00,0.01,,,,,
ANKZF1_43365,OID43365,ANKZF1,Q9H8Y5,4,0.00,0.35,15.43,0.25,0.22,22.00,0.54,0.55,0.51,-1.20,3.58,0.00,0.83,FALSE,FALSE,0.31,0.30,0.32,prot.5521,,,,
ANLN_40021,OID40021,ANLN,Q9NQW6,1,0.00,57.41,77.46,-2.29,2.22,22.00,-1.00,2.02,-0.78,-8.44,7.16,0.06,0.16,FALSE,FALSE,0.05,0.05,0.05,,,,,
ANOS1_40804,OID40804,ANOS1,P23352,2,0.14,86.62,70.81,-0.79,1.72,22.00,0.19,1.79,0.26,-7.24,10.08,0.00,0.98,FALSE,FALSE,0.03,0.03,0.03,prot.2306,-0.01,seq.6603.18,0.02,
ANP32C_43366,OID43366,ANP32C,O43423,4,0.00,75.43,57.28,-0.09,0.90,22.00,-0.14,1.17,-0.24,-4.68,8.41,0.02,0.97,FALSE,FALSE,0.04,0.03,0.04,,,seq.22398.5,-0.01,
ANP32E_42124,OID42124,ANP32E,Q9BTT0,3,0.00,14.82,15.22,-3.65,0.21,22.00,-3.56,0.56,-3.61,-5.36,0.72,0.01,0.76,FALSE,FALSE,0.32,0.31,0.32,prot.5226,0.33,,,
ANPEP_45307,OID45307,ANPEP,P15144,7,0.07,0.00,11.47,0.46,0.17,22.00,0.15,0.33,0.15,-1.15,1.44,0.00,1.00,TRUE,FALSE,0.46,0.46,0.46,prot.2114,0.40,seq.15457.14,0.09,
ANXA10_43367,OID43367,ANXA10,Q9UJ72,4,0.00,13.64,47.19,-0.73,0.43,22.00,0.35,1.33,0.17,-2.82,5.70,0.00,1.00,FALSE,FALSE,0.16,0.15,0.16,,,seq.13605.16,0.05,
ANXA11_43368,OID43368,ANXA11,P50995,4,0.00,10.09,9.17,0.15,0.14,22.00,0.47,0.32,0.48,-0.85,1.85,0.00,1.00,FALSE,FALSE,0.32,0.31,0.33,prot.2798,0.26,seq.17513.11,0.28,
ANXA1_44463,OID44463,ANXA1,P04083,5,0.07,54.94,22.89,-0.68,0.34,22.00,-0.57,0.63,-0.60,-2.49,5.66,0.00,1.00,FALSE,FALSE,0.29,0.29,0.30,prot.1755,0.23,seq.4960.72,0.32,
ANXA2_43369,OID43369,ANXA2,P07355,4,0.00,23.94,22.05,0.38,0.31,22.00,0.51,0.64,0.50,-2.04,4.63,0.00,0.99,TRUE,FALSE,0.45,0.44,0.45,prot.1856,0.51,seq.13700.10,0.60,
ANXA3_44464,OID44464,ANXA3,P12429,5,0.07,0.28,9.15,0.26,0.13,22.00,0.26,0.59,0.27,-6.09,3.73,0.00,0.99,FALSE,FALSE,0.60,0.59,0.61,prot.2049,0.66,seq.17163.34,0.44,
ANXA4_44465,OID44465,ANXA4,P09525,5,0.07,20.40,26.90,0.98,0.37,22.00,1.40,0.58,1.39,-0.64,4.69,0.00,0.99,TRUE,FALSE,0.57,0.56,0.58,prot.1941,0.57,seq.17164.15,0.63,
ANXA5_42125,OID42125,ANXA5,P08758,3,0.00,86.50,244.38,-0.26,2.90,22.00,0.38,2.90,0.29,-6.37,9.06,0.09,0.00,FALSE,FALSE,0.04,0.04,0.05,prot.1916,-0.03,seq.14158.17,0.06,
ANXA6_40805,OID40805,ANXA6,P08133,2,0.14,80.35,102.15,-1.42,1.93,22.00,-0.73,2.05,-0.44,-7.53,6.91,0.00,0.00,FALSE,FALSE,0.02,0.01,0.02,prot.1884,0.01,seq.5335.73,-0.04,
AOC1_42126,OID42126,AOC1,P19801,3,0.00,94.36,36.01,-0.81,0.50,22.00,-0.71,1.32,-0.66,-8.33,7.02,0.02,1.00,FALSE,FALSE,0.14,0.14,0.15,prot.2208,0.03,seq.15486.126,0.19,
AOC3_45308,OID45308,AOC3,Q16853,7,0.07,0.00,8.50,0.58,0.14,22.00,0.39,0.32,0.38,-0.82,1.50,0.00,0.99,TRUE,FALSE,0.57,0.57,0.58,prot.3721,0.48,seq.21491.7,0.70,
AP1AR_42127,OID42127,AP1AR,Q63HQ0,3,0.00,15.03,24.82,-0.05,0.38,22.00,0.76,0.61,0.72,-1.36,5.53,0.01,0.99,FALSE,FALSE,0.18,0.17,0.19,,,seq.20445.29,0.07,
AP1G1_42128,OID42128,AP1G1,O43747,3,0.00,73.28,16.43,3.00,0.24,22.00,-0.89,0.93,-1.03,-3.69,5.50,0.02,0.99,FALSE,FALSE,0.10,0.09,0.11,prot.1267,0.05,seq.34316.16,-0.02,
AP1G2_42129,OID42129,AP1G2,O75843,3,0.00,33.96,63.31,0.22,1.88,22.00,1.39,1.31,1.55,-6.82,5.14,0.01,0.99,FALSE,FALSE,0.34,0.33,0.35,prot.1451,0.28,seq.12714.38,0.49,
AP2B1_42130,OID42130,AP2B1,P63010,3,0.00,91.51,65.71,-1.62,1.25,22.00,-0.99,1.20,-0.90,-8.45,5.63,0.02,0.97,FALSE,FALSE,0.07,0.07,0.07,prot.3087,0.13,seq.24938.7,0.14,
AP3B1_43370,OID43370,AP3B1,O00203,4,0.00,64.72,57.57,2.06,0.63,22.00,1.24,0.94,1.25,-2.77,6.48,0.01,0.80,FALSE,FALSE,0.40,0.39,0.40,prot.1022,0.50,,,
AP3S2_43371,OID43371,AP3S2,P59780,4,0.00,83.92,60.04,0.19,1.56,22.00,0.63,1.42,0.82,-6.01,4.15,0.02,0.95,FALSE,FALSE,0.08,0.08,0.09,,,seq.33572.5,0.03,
APBB1IP_43372,OID43372,APBB1IP,Q7Z5R6,4,0.00,11.48,20.02,-0.15,0.32,22.00,-0.02,0.44,-0.05,-1.51,2.54,0.00,1.00,FALSE,FALSE,0.42,0.41,0.42,prot.4194,0.55,seq.21949.4,0.65,
APBB1_40022,OID40022,APBB1,O00213,1,0.00,50.87,29.85,-0.47,0.45,22.00,-0.05,0.66,-0.12,-2.23,4.80,0.02,0.99,FALSE,FALSE,0.05,0.05,0.05,,,seq.12822.34,-0.04,
APBB2_40806,OID40806,APBB2,Q92870,2,0.14,84.04,20.60,1.35,0.32,22.00,-0.27,0.80,-0.32,-3.10,4.53,0.00,0.99,FALSE,FALSE,0.06,0.05,0.06,,,seq.12761.12,0.01,
APCS_45435,OID45435,APCS,P02743,8,0.84,0.07,9.21,0.11,0.13,22.00,0.10,0.42,0.11,-1.91,1.26,0.00,0.99,TRUE,FALSE,0.65,0.64,0.65,prot.1722,0.61,seq.2474.54,0.78,
APEX1_43373,OID43373,APEX1,P27695,4,0.00,13.78,12.72,-1.82,0.18,22.00,-1.66,0.65,-1.71,-5.87,1.81,0.01,0.98,TRUE,TRUE,0.56,0.54,0.57,prot.2383,0.63,seq.9849.13,0.74,
APEX2_40023,OID40023,APEX2,Q9UBZ4,1,0.00,69.59,124.99,-2.86,2.64,22.00,-1.56,3.56,-0.75,-7.05,9.41,0.00,0.00,FALSE,FALSE,0.03,0.03,0.03,,,seq.25123.198,0.05,
APIP_43374,OID43374,APIP,Q96GX9,4,0.00,0.28,13.50,0.70,0.18,22.00,0.25,0.73,0.24,-2.85,3.47,0.00,0.01,TRUE,FALSE,0.38,0.36,0.38,prot.4940,0.32,seq.31274.327,0.03,
APLF_40024,OID40024,APLF,Q8IW19,1,0.00,47.32,52.10,2.68,0.85,22.00,3.26,1.03,3.27,-0.13,7.84,0.00,1.00,TRUE,TRUE,0.39,0.39,0.40,,,,,
APLP1_44466,OID44466,APLP1,P51693,5,0.07,0.00,30.76,0.32,0.34,22.00,0.79,0.58,0.81,-1.65,2.50,0.00,0.96,FALSE,FALSE,0.59,0.58,0.60,,,seq.7210.25,0.74,
APOA1_45436,OID45436,APOA1,P02647,8,0.84,0.00,11.66,0.90,0.17,22.00,0.22,0.49,0.22,-3.22,2.70,0.00,1.00,FALSE,FALSE,0.49,0.48,0.49,prot.1712,0.40,seq.2750.3,0.09,
APOA2_45309,OID45309,APOA2,P02652,7,0.07,46.24,47.27,-2.68,0.72,22.00,-2.81,0.70,-2.79,-5.02,-0.09,0.00,0.96,FALSE,FALSE,0.11,0.11,0.13,,,seq.7127.3,-0.04,
APOA4_45437,OID45437,APOA4,P06727,8,0.84,2.25,11.87,0.67,0.17,22.00,0.21,0.44,0.20,-1.44,2.06,0.00,0.96,FALSE,FALSE,0.63,0.63,0.64,prot.1835,0.55,seq.17685.9,0.78,
APOBEC2_40025,OID40025,APOBEC2,Q9Y235,1,0.00,64.72,31.46,-0.08,0.47,22.00,0.10,0.52,0.07,-1.42,3.96,0.01,0.99,FALSE,FALSE,0.11,0.10,0.11,prot.6911,0.04,seq.24647.3,0.11,
APOBR_44467,OID44467,APOBR,Q0VD83,5,0.07,9.68,13.56,0.47,0.21,22.00,0.13,0.48,0.19,-2.18,1.47,0.00,0.98,TRUE,TRUE,0.39,0.39,0.40,prot.3311,0.30,,,
APOB_45310,OID45310,APOB,P04114,7,0.07,52.92,26.64,-0.65,0.35,22.00,-0.47,0.53,-0.48,-2.31,1.79,0.00,0.99,FALSE,FALSE,0.19,0.19,0.20,,,seq.2797.56,0.17,
APOD_45438,OID45438,APOD,P05090,8,0.84,11.93,9.79,0.20,0.14,22.00,-0.13,0.42,-0.13,-1.66,2.09,0.00,1.00,FALSE,FALSE,0.62,0.61,0.62,prot.1789,0.72,seq.8262.20,0.62,
APOE_45439,OID45439,APOE,P02649,8,0.84,2.25,7.88,-0.51,0.12,22.00,-0.19,0.39,-0.24,-1.03,4.01,0.00,0.98,TRUE,TRUE,0.48,0.47,0.48,prot.1713,0.35,seq.5312.49,0.45,
APOF_45311,OID45311,APOF,Q13790,7,0.07,0.00,8.97,1.17,0.13,22.00,1.02,0.28,1.04,-0.35,1.86,0.00,1.00,FALSE,FALSE,0.55,0.55,0.56,prot.3458,0.43,seq.12370.30,0.60,
APOH_45033,OID45033,APOH,P02749,6,1.11,37.65,29.01,0.33,0.46,21.00,0.39,0.44,0.42,-1.90,2.55,0.00,0.99,FALSE,FALSE,0.28,0.27,0.28,prot.1726,0.25,seq.8288.27,-0.03,
APOL1_45312,OID45312,APOL1,O14791,7,0.07,0.00,8.04,-3.71,0.12,22.00,-3.71,0.39,-3.72,-5.16,-0.68,0.00,0.98,FALSE,FALSE,0.59,0.59,0.59,prot.1119,0.47,seq.11510.31,0.70,
APOL5_40807,OID40807,APOL5,Q9BWW9,2,0.14,88.29,55.92,-0.17,1.03,22.00,0.00,1.10,0.05,-7.23,5.80,0.00,0.99,FALSE,FALSE,0.02,0.02,0.02,,,,,
APOM_45313,OID45313,APOM,O95445,7,0.07,0.00,11.08,0.59,0.16,22.00,0.07,0.34,0.07,-1.34,1.33,0.00,0.98,TRUE,TRUE,0.58,0.56,0.59,prot.1548,0.49,seq.10445.20,0.60,
APPL2_44468,OID44468,APPL2,Q8NEU8,5,0.07,11.84,30.45,3.64,0.48,22.00,4.05,0.92,4.11,-1.50,7.99,0.00,0.99,FALSE,FALSE,0.56,0.55,0.56,prot.4526,0.52,,,
APP_45034,OID45034,APP,P05067,6,1.11,45.46,13.47,0.42,0.19,21.00,0.37,0.30,0.35,-1.15,1.60,0.00,1.00,FALSE,FALSE,0.51,0.50,0.52,prot.1787,0.58,seq.3171.57,0.67,
APRT_43375,OID43375,APRT,P07741,4,0.00,0.00,11.49,2.28,0.17,22.00,2.48,0.47,2.48,-0.26,4.31,0.00,0.96,FALSE,FALSE,0.58,0.58,0.59,prot.1869,0.68,seq.10088.37,0.68,
APTX_40026,OID40026,APTX,Q7Z2E3,1,0.00,93.25,49.32,-0.69,0.68,22.00,-0.23,1.15,-0.18,-8.07,7.47,0.01,1.00,FALSE,FALSE,0.02,0.02,0.02,,,seq.17736.105,0.00,
AQP1_40027,OID40027,AQP1,P29972,1,0.00,87.96,261.33,0.01,2.68,22.00,0.60,2.89,0.57,-6.41,8.63,0.00,0.00,FALSE,FALSE,0.05,0.04,0.05,prot.2426,0.05,seq.29099.6,-0.01,
ARAF_42131,OID42131,ARAF,P10398,3,0.00,51.08,37.74,-2.49,0.54,22.00,-1.84,0.82,-1.89,-5.23,2.82,0.01,1.00,FALSE,FALSE,0.19,0.19,0.20,prot.1979,0.24,seq.12583.77,0.17,
AREG_43376,OID43376,AREG,P15514,4,0.00,21.50,13.63,-0.91,0.20,22.00,-0.45,0.62,-0.51,-2.17,2.53,0.00,0.99,FALSE,FALSE,0.20,0.19,0.20,,,seq.2970.60,-0.04,
AREL1_40028,OID40028,AREL1,O15033,1,0.00,64.58,142.75,-4.77,2.41,22.00,-3.46,2.95,-2.51,-8.03,5.67,0.00,0.00,FALSE,FALSE,0.03,0.03,0.03,,,,,
ARF6_43377,OID43377,ARF6,P62330,4,0.00,19.97,22.60,2.77,0.31,22.00,2.66,0.94,2.74,-3.01,5.84,0.01,0.99,FALSE,FALSE,0.54,0.54,0.55,prot.3054,0.59,seq.12425.104,0.41,
ARFGAP3_40808,OID40808,ARFGAP3,Q9NP61,2,0.14,96.31,29.26,0.09,0.45,22.00,0.05,0.59,0.04,-1.91,2.79,0.00,0.88,FALSE,FALSE,0.05,0.04,0.05,prot.5597,-0.01,seq.29862.11,0.02,
ARFGEF2_40029,OID40029,ARFGEF2,Q9Y6D5,1,0.00,55.74,53.69,0.22,0.97,22.00,1.43,1.09,1.32,-2.63,6.86,0.01,0.95,FALSE,FALSE,0.16,0.15,0.16,prot.6293,0.11,,,
ARFIP1_43378,OID43378,ARFIP1,P53367,4,0.00,52.12,30.92,1.06,0.41,22.00,1.42,0.67,1.40,-1.34,4.60,0.01,1.00,FALSE,FALSE,0.41,0.41,0.42,prot.2867,0.37,seq.13488.3,0.46,
ARFRP1_40809,OID40809,ARFRP1,Q13795,2,0.14,62.72,40.59,0.11,0.58,22.00,0.99,0.97,0.85,-1.52,7.62,0.00,0.99,FALSE,FALSE,0.16,0.15,0.16,prot.3459,0.20,seq.31917.6,0.05,
ARG1_43379,OID43379,ARG1,P05089,4,0.00,11.90,34.14,0.40,0.35,22.00,0.92,0.77,0.87,-1.79,4.15,0.00,0.97,FALSE,FALSE,0.43,0.43,0.43,prot.1788,0.00,seq.5867.60,0.51,
ARG2_42132,OID42132,ARG2,P78540,3,0.00,76.41,236.35,0.17,2.77,22.00,0.07,2.53,0.35,-6.69,8.01,0.04,0.00,FALSE,FALSE,0.06,0.05,0.06,prot.3131,0.09,seq.17752.24,0.05,
ARHGAP10_40810,OID40810,ARHGAP10,A1A4S6,2,0.14,17.98,21.49,2.51,0.35,22.00,3.25,0.87,3.25,-2.17,6.31,0.00,0.98,FALSE,FALSE,0.51,0.50,0.51,prot.505,0.52,,,
ARHGAP11A_40811,OID40811,ARHGAP11A,Q6P4F7,2,0.14,67.18,37.23,-1.25,0.61,22.00,-0.48,1.20,-0.64,-4.78,6.80,0.00,0.96,FALSE,FALSE,0.04,0.03,0.04,,,,,
ARHGAP12_42134,OID42134,ARHGAP12,Q8IWW6,3,0.00,50.31,30.23,0.90,0.43,22.00,1.31,0.63,1.31,-0.60,4.60,0.00,0.95,FALSE,FALSE,0.27,0.26,0.28,prot.6699,0.21,,,
ARHGAP17_40812,OID40812,ARHGAP17,Q68EM7,2,0.14,48.50,46.45,0.85,0.67,22.00,1.37,0.84,1.36,-1.46,6.11,0.00,0.97,FALSE,FALSE,0.30,0.29,0.30,prot.3953,0.34,seq.31029.12,0.23,
ARHGAP1_42133,OID42133,ARHGAP1,Q07960,3,0.00,64.79,34.13,1.07,0.54,22.00,0.82,0.75,0.84,-3.02,3.58,0.00,0.96,FALSE,FALSE,0.22,0.22,0.24,prot.3283,0.20,seq.9815.5,0.06,
ARHGAP20_40030,OID40030,ARHGAP20,Q9P2F6,1,0.00,79.26,39.92,-1.57,0.66,22.00,-1.24,1.06,-1.23,-9.00,5.34,0.01,1.00,FALSE,FALSE,0.03,0.03,0.03,,,seq.32164.1,0.02,
ARHGAP24_40813,OID40813,ARHGAP24,Q8N264,2,0.14,63.97,29.36,-0.87,0.42,22.00,-0.74,1.52,-1.08,-4.28,8.23,0.00,1.00,FALSE,FALSE,0.02,0.02,0.03,,,seq.25263.4,0.01,
ARHGAP25_42135,OID42135,ARHGAP25,P42331,3,0.00,37.02,20.73,0.02,0.32,22.00,0.07,0.77,0.02,-2.00,5.73,0.01,0.97,FALSE,FALSE,0.19,0.19,0.20,prot.2619,0.16,seq.11333.82,0.25,
ARHGAP27_43380,OID43380,ARHGAP27,Q6ZUM4,4,0.00,1.60,12.81,-0.80,0.18,22.00,-0.26,0.42,-0.28,-1.37,1.89,0.01,1.00,FALSE,FALSE,0.42,0.42,0.42,prot.7734,0.09,seq.31066.11,0.51,
ARHGAP30_43381,OID43381,ARHGAP30,Q7Z6I6,4,0.00,74.60,13.87,-0.62,0.20,22.00,-0.30,0.53,-0.40,-1.28,4.21,0.04,1.00,FALSE,FALSE,0.10,0.09,0.10,prot.7114,0.04,seq.12807.89,0.02,
ARHGAP31_40814,OID40814,ARHGAP31,Q2M1Z3,2,0.14,38.33,270.98,-0.41,2.79,22.00,1.04,2.55,1.10,-6.22,9.57,0.00,0.36,FALSE,FALSE,0.08,0.08,0.09,prot.6637,0.07,,,
ARHGAP35_40815,OID40815,ARHGAP35,Q9NRY4,2,0.14,46.34,42.69,2.59,0.65,22.00,2.92,0.93,2.93,-1.63,7.19,0.00,1.00,FALSE,FALSE,0.31,0.31,0.31,prot.5683,0.25,,,
ARHGAP42_40816,OID40816,ARHGAP42,A6NI28,2,0.14,69.27,222.97,0.53,2.83,22.00,1.49,2.91,0.25,-5.13,7.78,0.00,0.00,FALSE,FALSE,0.03,0.03,0.03,,,,,
ARHGAP45_44469,OID44469,ARHGAP45,Q92619,5,0.07,28.69,34.82,2.28,0.54,22.00,2.75,0.76,2.79,-0.90,6.69,0.00,0.95,FALSE,FALSE,0.55,0.54,0.56,prot.4734,0.58,seq.13544.9,0.52,
ARHGAP5_42136,OID42136,ARHGAP5,Q13017,3,0.00,40.36,35.69,-0.05,0.64,22.00,0.59,1.32,0.38,-3.03,8.01,0.02,1.00,FALSE,FALSE,0.17,0.16,0.17,prot.3361,0.16,seq.14748.31,0.19,
ARHGEF10_43383,OID43383,ARHGEF10,O15013,4,0.00,24.57,24.39,0.79,0.36,22.00,1.07,0.78,1.03,-3.47,4.89,0.00,1.00,TRUE,FALSE,0.47,0.47,0.48,prot.1141,0.63,seq.9061.3,0.08,
ARHGEF12_43384,OID43384,ARHGEF12,Q9NZN5,4,0.00,7.52,30.68,3.28,0.41,22.00,3.44,0.75,3.44,0.17,7.09,0.00,0.99,FALSE,FALSE,0.56,0.55,0.56,prot.5826,0.62,seq.33343.10,0.60,
ARHGEF15_40817,OID40817,ARHGEF15,O94989,2,0.14,44.18,72.60,-3.58,1.81,22.00,-2.92,2.34,-2.57,-9.37,8.38,0.00,0.00,FALSE,FALSE,0.04,0.03,0.04,,,,,
ARHGEF19_40818,OID40818,ARHGEF19,Q8IW93,2,0.14,75.47,45.24,-2.77,0.84,22.00,-1.49,1.31,-1.74,-5.27,5.08,0.00,1.00,FALSE,FALSE,0.02,0.02,0.02,,,,,
ARHGEF1_43382,OID43382,ARHGEF1,Q92888,4,0.00,12.11,12.82,2.54,0.19,22.00,3.00,0.62,2.99,0.31,6.31,0.00,0.91,FALSE,FALSE,0.50,0.50,0.51,,,seq.13976.9,0.46,
ARHGEF28_40820,OID40820,ARHGEF28,Q8N1W1,2,0.14,67.80,29.65,-0.34,0.43,22.00,0.21,0.97,0.01,-1.71,8.43,0.00,1.00,FALSE,FALSE,0.05,0.05,0.06,,,,,
ARHGEF2_40819,OID40819,ARHGEF2,Q92974,2,0.14,60.98,74.14,0.93,1.06,22.00,1.48,1.57,1.65,-6.25,7.02,0.00,0.99,FALSE,FALSE,0.14,0.14,0.15,,,seq.12848.9,0.10,
ARHGEF33_40031,OID40031,ARHGEF33,A8MVX0,1,0.00,74.67,94.69,0.54,1.19,22.00,-0.18,2.16,0.07,-7.12,9.10,0.05,0.83,FALSE,FALSE,0.04,0.03,0.04,,,,,
ARHGEF38_40821,OID40821,ARHGEF38,Q9NXL2,2,0.14,77.56,68.31,-1.10,1.41,22.00,0.01,1.78,-0.07,-7.78,9.50,0.00,0.99,FALSE,FALSE,0.01,0.01,0.01,,,seq.33263.15,0.00,
ARHGEF40_40032,OID40032,ARHGEF40,Q8TER5,1,0.00,81.28,41.56,0.17,0.58,22.00,0.32,1.01,0.32,-8.17,7.37,0.01,1.00,FALSE,FALSE,0.05,0.05,0.05,,,,,
ARHGEF5_42137,OID42137,ARHGEF5,Q12774,3,0.00,38.48,25.93,-0.91,0.37,22.00,-0.50,0.97,-0.61,-3.22,6.98,0.02,1.00,TRUE,FALSE,0.03,0.03,0.04,prot.7826,-0.13,,,
ARID1A_42138,OID42138,ARID1A,O14497,3,0.00,89.70,27.89,0.10,0.40,22.00,-0.20,0.58,-0.11,-3.62,3.03,0.02,0.99,FALSE,FALSE,0.04,0.04,0.04,,,seq.9898.161,-0.01,
ARID3A_42139,OID42139,ARID3A,Q99856,3,0.00,88.73,29.95,-0.02,0.44,22.00,-0.16,0.78,-0.06,-6.81,2.11,0.02,0.99,FALSE,FALSE,0.04,0.04,0.05,,,seq.3875.62,0.06,
ARID4B_42140,OID42140,ARID4B,Q4LE39,3,0.00,77.45,25.79,-0.59,0.36,22.00,-0.51,0.64,-0.57,-2.29,6.55,0.03,0.71,FALSE,FALSE,0.05,0.05,0.06,,,seq.32997.12,0.02,
ARID5A_40822,OID40822,ARID5A,Q03989,2,0.14,82.16,54.22,-0.39,0.95,22.00,-0.76,1.87,-0.77,-7.78,6.98,0.00,1.00,FALSE,FALSE,0.02,0.01,0.02,,,,,
ARK2N_40890,OID40890,ARK2N,Q96B23,2,0.14,36.86,39.26,0.03,0.66,22.00,1.05,0.89,0.96,-1.64,8.57,0.00,1.00,FALSE,FALSE,0.17,0.17,0.18,prot.4835,0.17,,,
ARL14EPL_40823,OID40823,ARL14EPL,P0DKL9,2,0.14,13.52,31.74,-1.52,0.47,22.00,0.03,1.16,-0.18,-2.48,6.00,0.00,0.99,FALSE,FALSE,0.09,0.09,0.10,,,seq.35047.43,-0.02,
ARL14EP_40033,OID40033,ARL14EP,Q8N8R7,1,0.00,66.74,54.13,0.28,0.90,22.00,0.58,1.58,0.56,-7.22,8.98,0.02,0.95,FALSE,FALSE,0.08,0.08,0.08,,,seq.31433.86,0.08,
ARL2BP_42142,OID42142,ARL2BP,Q9Y2Y0,3,0.00,43.15,36.72,1.15,0.58,22.00,1.67,0.67,1.70,-1.34,7.74,0.00,0.97,FALSE,FALSE,0.29,0.29,0.31,,,seq.18407.36,0.21,
ARL4C_40824,OID40824,ARL4C,P56559,2,0.14,77.70,26.03,0.00,0.37,22.00,0.18,0.57,0.09,-1.11,4.56,0.00,0.93,FALSE,FALSE,0.04,0.04,0.04,,,seq.30666.47,-0.01,
ARMC3_42143,OID42143,ARMC3,Q5W041,3,0.00,89.91,59.94,-1.66,0.88,22.00,-0.98,1.19,-1.02,-8.81,6.93,0.02,0.99,FALSE,FALSE,0.02,0.02,0.02,,,seq.24963.1,0.01,
ARMCX2_42144,OID42144,ARMCX2,Q7L311,3,0.00,74.32,121.46,-1.86,2.28,22.00,-1.53,2.53,-1.12,-7.64,8.26,0.02,0.00,FALSE,FALSE,0.02,0.02,0.02,,,,,
ARNT_42145,OID42145,ARNT,P27540,3,0.00,93.95,76.66,-0.74,1.47,22.00,-0.03,1.74,0.14,-7.35,4.49,0.04,0.99,FALSE,FALSE,0.01,0.01,0.02,,,seq.21951.32,-0.04,
ARPIN_40825,OID40825,ARPIN,Q7Z6K5,2,0.14,78.12,54.99,-0.84,0.92,22.00,-0.20,1.49,-0.07,-7.84,7.87,0.00,0.94,FALSE,FALSE,0.07,0.07,0.07,prot.7115,0.14,,,
ARPP21_40034,OID40034,ARPP21,Q9UBL0,1,0.00,78.91,235.37,0.53,2.69,22.00,1.45,3.40,0.97,-5.92,9.77,0.00,0.00,FALSE,FALSE,0.02,0.02,0.03,,,seq.12860.7,-0.02,
ARR3_40035,OID40035,ARR3,P36575,1,0.00,68.06,113.55,-3.83,2.84,22.00,-2.90,3.15,-1.96,-8.09,8.14,0.00,0.00,FALSE,FALSE,0.00,0.00,0.00,prot.2559,-0.02,,,
ARSB_43386,OID43386,ARSB,P15848,4,0.00,26.37,18.68,0.48,0.27,22.00,0.77,0.50,0.76,-0.90,3.54,0.00,0.99,TRUE,TRUE,0.31,0.31,0.32,prot.2126,0.22,seq.3172.28,0.12,
ART3_45314,OID45314,ART3,Q13508,7,0.07,0.07,8.85,0.38,0.13,22.00,-0.01,0.47,-0.03,-1.43,3.11,0.00,0.83,TRUE,FALSE,0.69,0.68,0.70,,,seq.10970.3,0.85,
ART4_40826,OID40826,ART4,Q93070,2,0.14,82.58,57.67,0.96,0.79,22.00,0.36,1.25,0.44,-7.00,5.05,0.00,0.96,TRUE,TRUE,0.23,0.22,0.23,,,seq.6576.1,0.35,
ART5_42146,OID42146,ART5,Q96L15,3,0.00,72.65,47.86,0.28,0.81,22.00,-0.46,1.54,-0.38,-7.72,6.41,0.03,0.99,FALSE,FALSE,0.02,0.01,0.02,,,seq.23202.78,-0.03,
ARTN_42147,OID42147,ARTN,Q5T4W7,3,0.00,77.80,31.33,-0.41,0.47,22.00,-0.16,0.85,-0.19,-3.00,5.36,0.02,0.98,FALSE,FALSE,0.03,0.03,0.03,,,seq.2939.10,0.01,
ARVCF_40036,OID40036,ARVCF,O00192,1,0.00,78.36,91.16,-1.74,2.16,22.00,-0.30,2.41,0.13,-7.23,6.92,0.03,0.00,FALSE,FALSE,0.02,0.02,0.02,,,,,
ASAH1_45036,OID45036,ASAH1,Q13510,6,1.11,29.20,27.73,0.50,0.44,21.00,0.52,0.58,0.53,-2.64,3.71,0.00,0.99,TRUE,TRUE,0.33,0.32,0.34,,,seq.5748.20,0.20,
ASAH2_43387,OID43387,ASAH2,Q9NR71,4,0.00,0.00,6.61,0.50,0.09,22.00,0.16,0.61,0.24,-3.71,1.83,0.00,1.00,TRUE,FALSE,0.62,0.62,0.63,,,seq.3212.30,0.88,
ASAP2_42148,OID42148,ASAP2,O43150,3,0.00,12.04,34.53,3.02,0.41,22.00,3.02,0.85,3.06,-2.45,6.74,0.01,0.99,FALSE,FALSE,0.45,0.44,0.46,prot.1208,0.49,seq.13518.5,0.09,
ASAP3_40037,OID40037,ASAP3,Q8TDY4,1,0.00,64.23,46.06,0.67,0.67,22.00,1.48,1.00,1.43,-2.78,6.35,0.01,0.99,FALSE,FALSE,0.26,0.25,0.26,prot.7617,0.08,seq.24455.2,0.27,
ASB11_40038,OID40038,ASB11,Q8WXH4,1,0.00,82.39,41.32,-1.69,0.66,22.00,-1.42,0.92,-1.42,-10.30,5.49,0.03,0.99,FALSE,FALSE,0.04,0.03,0.04,,,,,
ASB14_40827,OID40827,ASB14,A6NK59,2,0.14,80.91,32.50,-0.08,0.51,22.00,0.07,0.77,0.00,-2.10,8.53,0.00,0.70,FALSE,FALSE,0.03,0.02,0.03,,,,,
ASB15_40828,OID40828,ASB15,Q8WXK1,2,0.14,72.40,74.56,-2.28,1.73,22.00,-0.50,2.03,-0.46,-7.91,6.27,0.00,0.82,FALSE,FALSE,0.00,0.00,0.00,,,seq.34978.78,-0.04,
ASB3_40829,OID40829,ASB3,Q9Y575,2,0.14,89.69,74.03,-0.81,2.12,22.00,-0.30,1.76,-0.04,-6.90,7.00,0.00,0.15,FALSE,FALSE,0.02,0.02,0.02,,,,,
ASB6_40039,OID40039,ASB6,Q9NWX5,1,0.00,76.48,213.24,1.29,2.70,22.00,0.83,3.42,0.76,-6.57,12.04,0.00,0.00,FALSE,FALSE,0.03,0.02,0.03,prot.5758,0.01,seq.28215.8,0.01,
ASCC1_43388,OID43388,ASCC1,Q8N9N2,4,0.00,0.00,15.69,1.69,0.21,22.00,2.14,0.73,2.16,-1.53,6.28,0.01,0.90,FALSE,FALSE,0.44,0.44,0.44,prot.4465,0.40,seq.10647.18,-0.05,4
ASCL1_40830,OID40830,ASCL1,P50553,2,0.14,86.27,80.76,-0.33,1.08,22.00,-0.24,1.62,-0.02,-7.81,5.64,0.00,0.99,FALSE,FALSE,0.00,0.00,0.00,,,seq.28482.113,-0.03,
ASCL2_40831,OID40831,ASCL2,Q99929,2,0.14,70.10,49.31,0.31,0.74,22.00,0.42,0.68,0.37,-1.62,4.68,0.00,0.99,FALSE,FALSE,0.02,0.02,0.03,,,seq.28733.13,-0.02,
ASGR1_43389,OID43389,ASGR1,P07306,4,0.00,0.00,5.62,0.39,0.08,22.00,0.32,0.34,0.31,-0.54,2.50,0.00,1.00,FALSE,FALSE,0.53,0.53,0.54,prot.1852,0.64,seq.5452.71,0.74,
ASGR2_45315,OID45315,ASGR2,P07307,7,0.07,6.06,11.55,-0.13,0.17,22.00,0.33,0.35,0.32,-0.93,2.53,0.00,0.97,TRUE,FALSE,0.46,0.45,0.46,prot.1853,0.42,seq.9474.22,-0.10,
ASH1L_40832,OID40832,ASH1L,Q9NR48,2,0.14,87.53,327.97,0.65,1.68,22.00,-0.02,2.64,0.31,-6.60,9.04,0.00,0.00,FALSE,FALSE,0.02,0.02,0.02,,,seq.12622.96,0.01,
ASPG_42149,OID42149,ASPG,Q86U10,3,0.00,61.10,25.79,-0.15,0.39,22.00,0.36,0.77,0.25,-1.27,7.59,0.02,0.99,FALSE,FALSE,0.07,0.07,0.08,,,,,
ASPN_44470,OID44470,ASPN,Q9BXN1,5,0.07,4.18,14.20,1.23,0.19,22.00,1.39,0.41,1.39,-0.19,4.70,0.00,0.98,TRUE,FALSE,0.58,0.58,0.58,prot.5304,0.62,seq.6451.64,0.56,
ASPSCR1_43390,OID43390,ASPSCR1,Q9BZE9,4,0.00,15.45,15.20,1.26,0.22,22.00,1.88,0.53,1.86,-0.16,4.61,0.00,0.99,FALSE,FALSE,0.52,0.52,0.53,prot.5342,0.52,seq.25085.37,0.61,
ASRGL1_43391,OID43391,ASRGL1,Q7L266,4,0.00,9.46,17.59,2.74,0.26,22.00,2.11,0.74,2.14,-1.18,6.15,0.00,1.00,TRUE,FALSE,0.51,0.51,0.52,prot.4138,0.52,seq.18313.4,0.33,
ASS1_43392,OID43392,ASS1,P00966,4,0.00,0.07,25.25,1.47,0.38,22.00,-0.02,1.02,-0.05,-2.89,3.00,0.00,0.95,FALSE,FALSE,0.56,0.56,0.57,prot.1642,0.75,seq.19747.10,0.57,
ASXL2_40833,OID40833,ASXL2,Q76L83,2,0.14,52.40,39.06,0.04,0.51,22.00,0.39,0.78,0.31,-2.11,5.80,0.00,0.90,FALSE,FALSE,0.09,0.09,0.09,,,,,
ASXL3_40040,OID40040,ASXL3,Q9C0F0,1,0.00,82.88,67.25,0.57,0.93,22.00,-0.48,1.51,-0.41,-8.66,7.95,0.03,0.96,FALSE,FALSE,0.06,0.05,0.06,,,,,
ASZ1_40041,OID40041,ASZ1,Q8WWH4,1,0.00,52.68,26.27,1.02,0.41,22.00,-0.46,1.07,-0.64,-2.71,6.61,0.03,0.83,FALSE,FALSE,0.07,0.06,0.07,,,,,
ATAD3B_42150,OID42150,ATAD3B,Q5T9A4,3,0.00,0.70,12.92,1.63,0.19,22.00,1.85,0.76,1.80,-0.34,5.50,0.01,0.99,FALSE,FALSE,0.29,0.28,0.29,prot.6652,0.09,,,
ATE1_42151,OID42151,ATE1,O95260,3,0.00,21.43,24.68,2.71,0.36,22.00,2.71,0.74,2.74,-0.83,6.20,0.01,1.00,TRUE,FALSE,0.56,0.55,0.57,,,seq.25108.6,0.69,
ATF1_40834,OID40834,ATF1,P18846,2,0.14,46.69,30.47,-0.25,0.49,22.00,-0.09,0.66,-0.13,-2.55,3.03,0.00,1.00,FALSE,FALSE,0.06,0.05,0.06,,,seq.20926.31,-0.04,
ATF2_42152,OID42152,ATF2,P15336,3,0.00,44.68,24.83,0.29,0.32,22.00,-0.07,1.00,-0.29,-1.90,8.20,0.03,0.93,FALSE,FALSE,0.11,0.11,0.12,,,,,
ATF3_40042,OID40042,ATF3,P18847,1,0.00,79.47,287.29,0.74,2.17,22.00,1.04,2.31,0.10,-4.53,6.98,0.28,0.00,FALSE,FALSE,0.03,0.03,0.03,,,seq.22075.16,0.01,
ATF4_40835,OID40835,ATF4,P18848,2,0.14,76.24,66.55,-1.37,0.97,22.00,-1.06,1.05,-1.03,-8.41,7.22,0.00,0.90,FALSE,FALSE,0.01,0.00,0.01,,,seq.31194.1,-0.02,
ATG101_40837,OID40837,ATG101,Q9BSB4,2,0.14,76.24,34.31,-0.04,0.54,22.00,0.22,0.71,0.19,-2.76,6.49,0.00,0.99,FALSE,FALSE,0.03,0.03,0.04,prot.5208,-0.02,seq.33570.32,0.03,
ATG10_40836,OID40836,ATG10,Q9H0Y0,2,0.14,89.27,76.83,-2.17,2.08,22.00,-1.46,2.00,-1.13,-7.51,8.36,0.00,0.00,FALSE,FALSE,0.01,0.01,0.01,,,,,
ATG13_40838,OID40838,ATG13,O75143,2,0.14,68.71,59.01,-0.50,0.93,22.00,0.53,1.22,0.49,-8.19,7.00,0.00,1.00,FALSE,FALSE,0.10,0.10,0.11,,,,,
ATG14_40839,OID40839,ATG14,Q6ZNE5,2,0.14,73.45,45.59,4.04,0.64,22.00,1.20,1.52,1.12,-7.45,8.20,0.00,0.99,FALSE,FALSE,0.09,0.09,0.10,prot.4089,0.02,seq.33085.10,-0.04,
ATG16L1_43393,OID43393,ATG16L1,Q676U5,4,0.00,5.71,16.69,2.02,0.23,22.00,2.44,0.55,2.44,0.41,5.41,0.00,1.00,FALSE,FALSE,0.49,0.49,0.50,prot.3941,0.43,seq.34461.19,0.40,
ATG4A_42153,OID42153,ATG4A,Q8WYN0,3,0.00,43.08,38.76,1.60,0.46,22.00,2.15,0.76,2.10,0.09,5.74,0.01,0.99,FALSE,FALSE,0.48,0.47,0.48,prot.4699,0.54,seq.21436.56,0.51,
ATL3_40840,OID40840,ATL3,Q6DD88,2,0.14,81.60,40.38,-0.33,0.73,22.00,0.35,1.09,0.21,-3.74,6.85,0.00,0.99,FALSE,FALSE,0.02,0.02,0.03,prot.3956,-0.01,seq.21544.4,-0.03,
ATOX1_44471,OID44471,ATOX1,O00244,5,0.07,3.13,13.97,0.94,0.20,22.00,1.44,0.55,1.44,-0.76,4.05,0.00,1.00,FALSE,FALSE,0.49,0.49,0.50,,,seq.19233.75,0.40,
ATP1B1_42154,OID42154,ATP1B1,P05026,3,0.00,67.92,33.38,0.13,0.48,22.00,0.26,0.62,0.27,-1.80,4.34,0.01,1.00,FALSE,FALSE,0.08,0.07,0.08,prot.1784,-0.03,seq.13392.13,0.02,
ATP1B2_42155,OID42155,ATP1B2,P14415,3,0.00,80.03,102.40,-1.28,2.89,22.00,-0.86,2.69,-0.05,-6.62,5.47,0.00,0.00,FALSE,FALSE,0.01,0.01,0.01,prot.2095,-0.01,seq.7218.87,-0.02,
ATP1B3_42156,OID42156,ATP1B3,P54709,3,0.00,70.91,70.22,-0.67,0.95,22.00,0.03,1.28,-0.03,-6.72,6.46,0.02,0.99,FALSE,FALSE,0.04,0.04,0.05,prot.2893,0.04,seq.8990.42,0.04,
ATP1B4_42157,OID42157,ATP1B4,Q9UN42,3,0.00,58.46,29.97,-0.24,0.49,22.00,0.14,1.02,0.02,-2.67,6.58,0.02,0.99,FALSE,FALSE,0.04,0.04,0.04,,,seq.9933.49,0.02,
ATP2B3_40841,OID40841,ATP2B3,Q16720,2,0.14,76.45,57.55,-2.63,0.94,22.00,-1.69,1.27,-1.81,-5.33,5.47,0.00,0.98,FALSE,FALSE,0.02,0.02,0.02,prot.3709,0.00,,,
ATP2B4_42158,OID42158,ATP2B4,P23634,3,0.00,81.14,61.05,-0.49,0.92,22.00,0.48,1.03,0.39,-2.55,6.16,0.02,1.00,FALSE,FALSE,0.05,0.05,0.05,prot.2320,0.03,,,
ATP2C1_40842,OID40842,ATP2C1,P98194,2,0.14,77.00,49.59,-0.08,0.73,22.00,-0.04,1.31,-0.11,-7.98,8.04,0.00,0.99,FALSE,FALSE,0.03,0.03,0.04,prot.3171,0.04,,,
ATP5F1D_42159,OID42159,ATP5F1D,P30049,3,0.00,81.63,236.91,-0.39,3.47,22.00,0.08,3.51,0.08,-6.02,10.94,0.00,0.00,FALSE,FALSE,0.06,0.05,0.06,prot.2436,0.10,,,
ATP5IF1_44472,OID44472,ATP5IF1,Q9UII2,5,0.07,0.35,42.44,3.75,0.62,22.00,4.17,1.03,4.20,-0.59,8.13,0.00,0.99,FALSE,FALSE,0.56,0.55,0.56,prot.5977,0.60,seq.19755.38,0.52,4
ATP5PD_42160,OID42160,ATP5PD,O75947,3,0.00,82.74,32.63,4.58,0.50,22.00,-0.04,1.78,0.02,-7.36,7.31,0.03,0.95,FALSE,FALSE,0.09,0.09,0.10,prot.1462,0.11,,,
ATP5PO_42161,OID42161,ATP5PO,P48047,3,0.00,82.95,39.33,-0.97,0.64,22.00,-0.67,0.91,-0.67,-4.61,4.24,0.01,1.00,FALSE,FALSE,0.07,0.07,0.07,prot.2686,0.08,seq.9202.309,0.01,
ATP6AP1_40043,OID40043,ATP6AP1,Q15904,1,0.00,92.69,39.07,-0.15,0.56,22.00,-0.21,1.15,-0.07,-7.82,4.05,0.02,0.99,FALSE,FALSE,0.05,0.04,0.05,prot.3671,0.04,seq.34741.92,-0.02,
ATP6AP2_42162,OID42162,ATP6AP2,O75787,3,0.00,57.62,29.23,-1.79,0.45,22.00,-1.45,0.67,-1.44,-4.65,6.71,0.01,0.99,FALSE,FALSE,0.06,0.06,0.06,prot.1442,0.02,,,
ATP6V0D1_40843,OID40843,ATP6V0D1,P61421,2,0.14,76.03,35.89,-0.87,0.55,22.00,-0.59,0.65,-0.60,-3.95,2.53,0.00,0.93,FALSE,FALSE,0.07,0.07,0.07,prot.785,0.08,,,
ATP6V0D2_40844,OID40844,ATP6V0D2,Q8N8Y2,2,0.14,81.39,18.43,1.41,0.27,22.00,-0.12,1.25,-0.30,-3.70,8.18,0.00,0.99,FALSE,FALSE,0.07,0.06,0.08,prot.4458,0.03,seq.28321.4,0.03,
ATP6V1C2_40845,OID40845,ATP6V1C2,Q8NEY4,2,0.14,85.16,30.11,-1.70,0.46,22.00,-1.23,1.06,-1.41,-5.16,4.81,0.00,1.00,FALSE,FALSE,0.02,0.02,0.03,,,seq.22824.53,0.03,
ATP6V1D_43394,OID43394,ATP6V1D,Q9Y5K8,4,0.00,95.13,13.07,-0.18,0.18,22.00,-0.02,0.29,-0.02,-1.99,2.39,0.01,0.96,FALSE,FALSE,0.10,0.10,0.11,prot.6246,-0.03,,,
ATP6V1F_42163,OID42163,ATP6V1F,Q16864,3,0.00,68.55,42.62,0.86,0.66,22.00,1.15,1.14,1.12,-6.08,7.82,0.01,0.95,FALSE,FALSE,0.20,0.20,0.21,prot.3723,0.16,seq.25219.17,0.13,
ATP6V1G1_43395,OID43395,ATP6V1G1,O75348,4,0.00,58.94,33.83,-0.20,0.49,22.00,0.18,0.78,0.16,-2.78,3.70,0.01,1.00,FALSE,FALSE,0.31,0.30,0.31,prot.1395,0.50,,,
ATP6V1G2_43396,OID43396,ATP6V1G2,O95670,4,0.00,56.72,38.27,-0.08,0.59,22.00,0.37,0.98,0.31,-4.60,8.14,0.01,1.00,FALSE,FALSE,0.13,0.12,0.13,,,,,
ATRAID_43397,OID43397,ATRAID,Q6UW56,4,0.00,1.04,16.05,-0.06,0.23,22.00,0.12,0.35,0.08,-1.24,2.66,0.01,0.99,FALSE,FALSE,0.27,0.26,0.27,,,,,
ATRN_45440,OID45440,ATRN,O75882,8,0.84,6.32,8.65,0.42,0.13,22.00,0.29,0.25,0.29,-0.45,1.18,0.00,0.93,FALSE,FALSE,0.45,0.44,0.45,prot.1454,0.26,seq.15499.11,0.49,
ATRX_40044,OID40044,ATRX,P46100,1,0.00,55.46,67.53,-1.39,1.72,22.00,-0.75,1.42,-0.65,-8.21,5.37,0.03,1.00,FALSE,FALSE,0.07,0.06,0.08,,,,,
ATXN10_42164,OID42164,ATXN10,Q9UBB4,3,0.00,76.41,54.56,0.39,0.86,22.00,0.43,0.93,0.48,-7.13,6.58,0.00,0.95,FALSE,FALSE,0.14,0.14,0.14,prot.5880,0.21,seq.25481.66,0.04,
ATXN1_40045,OID40045,ATXN1,P54253,1,0.00,78.29,77.74,-2.99,1.67,22.00,-2.13,1.70,-1.96,-9.27,4.03,0.04,0.99,FALSE,FALSE,0.05,0.04,0.05,,,,,
ATXN2_42165,OID42165,ATXN2,Q99700,3,0.00,42.52,40.55,-1.23,0.61,22.00,0.30,1.52,0.00,-2.79,9.80,0.03,1.00,FALSE,FALSE,0.14,0.14,0.14,prot.5133,0.17,,,
ATXN3_43398,OID43398,ATXN3,P54252,4,0.00,42.73,44.04,1.53,0.55,22.00,2.18,0.79,2.13,-0.59,6.87,0.01,0.98,TRUE,FALSE,0.57,0.57,0.58,prot.2887,0.44,seq.16825.20,0.74,
ATXN7L1_40846,OID40846,ATXN7L1,Q9ULK2,2,0.14,63.14,30.74,-0.95,0.43,22.00,-0.46,0.90,-0.57,-4.79,6.32,0.00,0.99,FALSE,FALSE,0.03,0.03,0.03,,,,,
ATXN7L2_40047,OID40047,ATXN7L2,Q5T6C5,1,0.00,88.94,212.48,-1.45,3.22,22.00,0.18,3.25,0.42,-6.50,10.58,0.00,0.02,FALSE,FALSE,0.02,0.02,0.03,,,,,
ATXN7_40046,OID40046,ATXN7,O15265,1,0.00,64.58,111.35,-2.99,2.84,22.00,-1.99,2.75,-1.03,-7.07,5.06,0.00,0.00,FALSE,FALSE,0.02,0.02,0.03,,,,,
AUNIP_40048,OID40048,AUNIP,Q9H7T9,1,0.00,63.12,206.49,0.20,3.29,22.00,0.47,3.93,0.25,-6.28,14.58,0.00,0.00,FALSE,FALSE,0.00,0.00,0.00,,,seq.29686.79,-0.04,
AXIN1_43399,OID43399,AXIN1,O15169,4,0.00,12.25,24.08,2.57,0.34,22.00,2.83,0.70,2.82,-0.64,6.57,0.01,0.99,FALSE,FALSE,0.48,0.48,0.49,prot.6452,0.38,seq.30227.11,0.12,
AXL_45316,OID45316,AXL,P30530,7,0.07,0.00,7.87,0.07,0.12,22.00,0.43,0.28,0.42,-0.43,1.71,0.00,0.99,TRUE,FALSE,0.40,0.39,0.40,prot.2451,0.24,seq.34632.17,0.19,
AZI2_43400,OID43400,AZI2,Q9H6S1,4,0.00,13.85,24.53,0.64,0.38,22.00,1.16,0.64,1.16,-1.22,4.62,0.00,0.93,FALSE,FALSE,0.39,0.38,0.40,,,seq.31950.32,0.38,
AZU1_45037,OID45037,AZU1,P20160,6,1.11,14.78,10.71,-1.43,0.16,21.00,-1.51,0.57,-1.54,-3.44,2.62,0.00,0.99,FALSE,FALSE,0.61,0.59,0.61,prot.2222,0.61,seq.2751.16,0.11,
B2M_45441,OID45441,B2M,P61769,8,0.84,6.46,15.57,-0.19,0.23,22.00,0.20,0.42,0.17,-1.18,2.67,0.00,0.99,FALSE,FALSE,0.59,0.58,0.59,prot.3022,0.09,seq.3485.28,0.71,
B3GNT7_43401,OID43401,B3GNT7,Q8NFL0,4,0.00,0.00,11.78,0.97,0.17,22.00,1.16,0.52,1.18,-0.89,3.07,0.00,0.94,TRUE,TRUE,0.33,0.32,0.34,prot.4536,0.22,seq.33331.191,-0.03,
B4GALNT3_40847,OID40847,B4GALNT3,Q6L9W6,2,0.14,63.97,28.49,0.22,0.45,22.00,0.38,1.01,0.33,-7.20,5.45,0.00,0.99,FALSE,FALSE,0.06,0.05,0.06,,,,,
B4GALT1_44473,OID44473,B4GALT1,P15291,5,0.07,0.63,10.46,0.54,0.15,22.00,0.48,0.31,0.48,-0.95,2.66,0.00,1.00,TRUE,FALSE,0.47,0.46,0.47,prot.2117,0.29,seq.13381.49,0.47,
B4GAT1_45038,OID45038,B4GAT1,O43505,6,1.11,6.05,10.58,0.55,0.16,21.00,0.34,0.33,0.35,-2.66,1.58,0.00,0.99,FALSE,FALSE,0.48,0.47,0.49,prot.1243,0.26,seq.26076.4,0.47,
BABAM1_42168,OID42168,BABAM1,Q9NWV8,3,0.00,80.24,126.23,-3.24,2.65,22.00,-1.48,2.98,-0.94,-7.70,7.23,0.01,0.00,FALSE,FALSE,0.04,0.04,0.04,prot.5755,0.09,,,
BACE1_40848,OID40848,BACE1,P56817,2,0.14,41.67,14.84,0.22,0.22,22.00,0.17,0.45,0.15,-1.14,2.55,0.00,0.99,FALSE,FALSE,0.17,0.16,0.17,,,seq.26660.95,0.00,
BACH1_43402,OID43402,BACH1,O14867,4,0.00,19.07,24.18,0.78,0.32,22.00,0.98,0.55,0.93,-1.18,4.02,0.01,0.99,FALSE,FALSE,0.31,0.30,0.32,prot.6447,0.24,seq.12451.62,0.11,
BAG3_43403,OID43403,BAG3,O95817,4,0.00,0.00,6.87,1.68,0.10,22.00,1.52,0.45,1.54,-1.43,3.15,0.01,0.99,FALSE,FALSE,0.28,0.28,0.29,prot.7560,0.13,seq.10078.5,0.15,
BAG4_42169,OID42169,BAG4,O95429,3,0.00,44.82,62.57,0.75,0.84,22.00,1.01,1.00,1.06,-6.75,3.76,0.01,0.99,FALSE,FALSE,0.14,0.13,0.14,,,seq.12844.10,-0.01,
BAG5_43404,OID43404,BAG5,Q9UL15,4,0.00,14.27,21.20,1.81,0.29,22.00,2.13,0.58,2.10,-3.09,5.23,0.01,0.99,FALSE,FALSE,0.50,0.50,0.51,prot.6025,0.52,seq.12743.18,-0.20,
BAG6_43405,OID43405,BAG6,P46379,4,0.00,11.83,10.38,0.96,0.15,22.00,0.85,0.33,0.85,-0.21,2.42,0.00,0.80,FALSE,FALSE,0.46,0.46,0.46,,,seq.21955.36,0.51,
BAIAP2L2_42171,OID42171,BAIAP2L2,Q6UXY1,3,0.00,50.17,46.74,-0.53,0.74,22.00,0.90,1.43,0.68,-5.29,8.81,0.02,0.99,FALSE,FALSE,0.12,0.11,0.12,,,,,
BAIAP2_42170,OID42170,BAIAP2,Q9UQB8,3,0.00,14.96,26.34,0.68,0.41,22.00,0.35,0.72,0.26,-1.58,4.25,0.01,1.00,FALSE,FALSE,0.25,0.24,0.25,prot.6091,-0.02,seq.19331.117,0.23,
BAMBI_42172,OID42172,BAMBI,Q13145,3,0.00,60.96,38.72,-0.16,0.67,22.00,0.16,0.74,0.19,-3.29,3.09,0.00,0.91,FALSE,FALSE,0.09,0.09,0.10,,,seq.8811.24,0.14,
BANK1_43406,OID43406,BANK1,Q8NDB2,4,0.00,5.78,22.54,4.27,0.32,22.00,4.18,0.75,4.22,-0.78,7.44,0.01,0.99,FALSE,FALSE,0.58,0.58,0.59,prot.4511,0.66,,,
BANP_40049,OID40049,BANP,Q8N9N5,1,0.00,90.40,275.55,0.98,2.03,22.00,-0.79,2.70,-0.33,-7.48,8.95,0.04,0.00,FALSE,FALSE,0.03,0.03,0.04,,,seq.34796.9,0.06,
BAP18_43407,OID43407,BAP18,Q8IXM2,4,0.00,49.06,19.55,-0.50,0.30,22.00,-0.39,0.56,-0.41,-2.05,2.48,0.00,0.96,FALSE,FALSE,0.20,0.20,0.21,prot.7696,0.14,seq.21153.5,0.02,
BARGIN_42173,OID42173,BARGIN,Q6ZT62,3,0.00,31.38,18.99,2.36,0.27,22.00,1.82,0.69,1.84,-0.72,5.52,0.00,0.99,FALSE,FALSE,NA,NA,NA,,,,,
BATF_42174,OID42174,BATF,Q16520,3,0.00,54.07,68.79,-5.89,2.35,22.00,-4.65,2.26,-4.32,-11.24,4.63,0.07,0.00,FALSE,FALSE,0.04,0.04,0.04,,,seq.19227.18,0.00,
BAX_42175,OID42175,BAX,Q07812,3,0.00,28.67,29.07,0.65,0.41,22.00,1.08,0.78,1.08,-2.32,5.19,0.00,0.99,FALSE,FALSE,0.33,0.33,0.34,prot.3279,0.36,seq.31762.30,0.08,
BAZ1A_40050,OID40050,BAZ1A,Q9NRL2,1,0.00,78.98,89.64,-1.29,2.61,22.00,-1.42,2.54,-0.71,-7.51,6.30,0.00,0.00,FALSE,FALSE,0.00,-0.01,0.00,prot.5664,-0.05,,,
BAZ2A_40849,OID40849,BAZ2A,Q9UIF9,2,0.14,67.67,59.84,-1.88,1.00,22.00,-1.19,1.24,-1.21,-8.57,6.54,0.00,0.95,FALSE,FALSE,0.03,0.03,0.03,,,,,
BBOF1_40850,OID40850,BBOF1,Q8ND07,2,0.14,77.84,43.35,-0.75,0.74,22.00,-0.38,1.08,-0.42,-4.08,8.49,0.00,1.00,FALSE,FALSE,0.00,0.00,0.00,,,seq.31233.22,-0.02,
BBX_40851,OID40851,BBX,Q8WY36,2,0.14,55.54,23.26,0.85,0.34,22.00,-0.88,1.62,-1.11,-8.58,8.21,0.00,0.89,FALSE,FALSE,0.08,0.07,0.08,,,,,
BCAM_45039,OID45039,BCAM,P50895,6,1.11,9.15,11.15,0.50,0.16,21.00,0.34,0.33,0.34,-1.63,1.48,0.00,0.99,FALSE,FALSE,0.51,0.51,0.52,prot.2794,0.17,seq.2816.50,0.54,
BCAN_43408,OID43408,BCAN,Q96GW7,4,0.00,14.82,12.16,0.54,0.19,22.00,0.44,0.42,0.46,-1.31,1.91,0.00,0.99,FALSE,FALSE,0.48,0.48,0.49,prot.4939,0.46,seq.3461.58,0.57,
BCAR3_40852,OID40852,BCAR3,O75815,2,0.14,43.90,22.72,-1.01,0.43,22.00,-1.40,0.83,-1.56,-3.12,3.85,0.00,0.84,FALSE,FALSE,0.12,0.12,0.13,,,seq.12634.79,0.04,
BCAT1_44474,OID44474,BCAT1,P54687,5,0.07,21.80,22.47,-0.26,0.34,22.00,-0.25,0.49,-0.27,-1.83,3.69,0.00,1.00,TRUE,FALSE,0.31,0.31,0.32,prot.6563,0.17,,,
BCAT2_42176,OID42176,BCAT2,O15382,3,0.00,83.65,26.43,-0.06,0.38,22.00,-0.98,1.24,-1.07,-8.66,6.58,0.02,1.00,FALSE,FALSE,0.08,0.08,0.09,prot.1189,0.03,seq.19365.11,0.05,
BCHE_45317,OID45317,BCHE,P06276,7,0.07,0.00,7.78,0.54,0.11,22.00,0.43,0.33,0.44,-2.52,1.28,0.00,1.00,TRUE,FALSE,0.68,0.67,0.68,prot.1821,0.33,seq.15514.26,0.81,
BCL11B_40853,OID40853,BCL11B,Q9C0K0,2,0.14,66.69,27.86,3.20,0.47,22.00,0.10,1.01,-0.04,-3.23,6.07,0.00,0.99,FALSE,FALSE,0.06,0.06,0.07,,,,,
BCL2L10_40854,OID40854,BCL2L10,Q9HD36,2,0.14,71.99,109.86,-3.57,2.56,22.00,-1.83,2.36,-1.43,-7.65,7.30,0.00,0.00,FALSE,FALSE,0.01,0.01,0.01,,,seq.7249.37,0.00,
BCL2L11_40051,OID40051,BCL2L11,O43521,1,0.00,71.61,28.17,-0.44,0.42,22.00,-0.12,0.82,-0.21,-2.66,4.48,0.02,0.98,FALSE,FALSE,0.03,0.03,0.04,,,seq.17451.13,0.01,
BCL2L15_42177,OID42177,BCL2L15,Q5TBC7,3,0.00,74.53,52.21,-0.85,0.80,22.00,-0.44,0.86,-0.42,-8.52,3.36,0.01,0.99,FALSE,FALSE,0.12,0.12,0.13,,,,,
BCL2L1_43410,OID43410,BCL2L1,Q07817,4,0.00,71.89,46.64,1.29,0.76,22.00,1.72,1.08,1.77,-6.89,6.16,0.01,1.00,FALSE,FALSE,0.44,0.43,0.45,prot.370,0.58,seq.4423.77,0.19,
BCL2L2_40855,OID40855,BCL2L2,Q92843,2,0.14,63.00,29.26,-2.50,0.42,22.00,-2.46,0.95,-2.60,-5.58,5.11,0.00,1.00,FALSE,FALSE,0.08,0.07,0.08,prot.4756,0.06,seq.7134.14,0.03,
BCL2_43409,OID43409,BCL2,P10415,4,0.00,48.02,18.92,0.88,0.28,22.00,0.63,0.84,0.73,-7.41,4.62,0.02,0.99,TRUE,TRUE,0.18,0.18,0.19,,,seq.3412.7,0.07,
BCL7A_42178,OID42178,BCL7A,Q4VC05,3,0.00,79.47,34.46,-0.44,0.52,22.00,-0.01,1.13,-0.18,-3.92,9.08,0.03,0.99,FALSE,FALSE,0.02,0.02,0.02,,,seq.21331.19,-0.01,
BCL7B_43411,OID43411,BCL7B,Q9BQE9,4,0.00,71.54,19.51,0.02,0.28,22.00,0.08,0.39,0.07,-1.15,3.72,0.01,0.99,FALSE,FALSE,0.12,0.11,0.12,,,,,
BCL7C_40856,OID40856,BCL7C,Q8WUZ0,2,0.14,76.17,48.47,2.31,0.82,22.00,-0.31,1.43,-0.19,-7.81,5.33,0.00,0.99,FALSE,FALSE,0.04,0.04,0.04,,,,,
BCLAF1_40857,OID40857,BCLAF1,Q9NYF8,2,0.14,84.32,81.12,-0.77,1.67,22.00,-0.08,2.48,0.30,-6.04,7.32,0.00,0.00,FALSE,FALSE,0.02,0.02,0.03,,,,,
BCR_43412,OID43412,BCR,P11274,4,0.00,0.35,17.37,2.18,0.25,22.00,2.37,0.62,2.35,0.13,5.35,0.00,0.99,FALSE,FALSE,0.56,0.56,0.56,prot.2019,0.61,,,
BDH2_42179,OID42179,BDH2,Q9BUT1,3,0.00,34.45,25.17,0.45,0.37,22.00,0.05,0.70,0.04,-3.40,3.20,0.00,0.99,TRUE,TRUE,0.38,0.38,0.40,prot.7164,0.28,seq.17329.2,0.47,
BDNF_45040,OID45040,BDNF,P23560,6,1.11,3.03,17.65,1.86,0.30,21.00,2.04,0.94,2.08,-2.07,5.41,0.00,0.86,FALSE,FALSE,0.75,0.75,0.76,prot.2318,,seq.14047.78,0.88,3
BECN1_43413,OID43413,BECN1,Q14457,4,0.00,56.99,52.10,1.64,0.93,22.00,2.40,0.92,2.35,-3.46,7.23,0.01,1.00,FALSE,FALSE,0.29,0.29,0.30,prot.3520,0.19,seq.13032.1,-0.02,
BEND2_40858,OID40858,BEND2,Q8NDZ0,2,0.14,74.36,49.49,-0.56,1.44,22.00,0.31,1.59,0.27,-7.05,10.19,0.00,1.00,FALSE,FALSE,0.02,0.01,0.02,,,,,
BEND4_40859,OID40859,BEND4,Q6ZU67,2,0.14,81.88,24.17,-0.09,0.33,22.00,0.16,0.56,0.08,-1.36,4.25,0.00,1.00,FALSE,FALSE,0.05,0.05,0.06,,,,,
BEND5_40860,OID40860,BEND5,Q7L4P6,2,0.14,44.67,255.96,-0.82,3.08,22.00,-0.38,2.86,0.09,-6.77,8.92,0.00,0.00,FALSE,FALSE,0.01,0.01,0.01,,,seq.28792.187,-0.02,
BEND7_40861,OID40861,BEND7,Q8N7W2,2,0.14,69.76,31.99,0.15,0.46,22.00,-0.12,0.94,-0.18,-3.25,7.99,0.00,0.97,FALSE,FALSE,0.03,0.03,0.03,,,,,
BEX3_42180,OID42180,BEX3,Q00994,3,0.00,75.71,49.26,-5.65,0.72,22.00,-5.28,1.01,-5.36,-8.68,3.34,0.03,0.64,FALSE,FALSE,0.03,0.03,0.04,,,seq.34880.67,-0.01,
BFSP1_40862,OID40862,BFSP1,Q12934,2,0.14,91.57,44.92,0.21,0.68,22.00,0.18,1.22,0.26,-7.38,5.65,0.00,0.99,FALSE,FALSE,0.04,0.04,0.04,,,,,
BGLAP_45041,OID45041,BGLAP,P02818,6,1.11,17.38,11.68,-2.14,0.17,21.00,-1.07,0.99,-1.06,-5.13,3.21,0.00,0.96,FALSE,FALSE,0.70,0.69,0.70,prot.1743,0.85,seq.11067.13,0.01,
BGN_42181,OID42181,BGN,P21810,3,0.00,22.76,19.83,0.54,0.30,22.00,1.13,0.72,1.06,-0.68,8.13,0.01,0.95,FALSE,FALSE,0.34,0.33,0.34,prot.2262,0.37,seq.3284.75,0.36,
BHLHA15_40052,OID40052,BHLHA15,Q7RTS1,1,0.00,88.80,252.35,1.76,1.49,22.00,-0.89,2.80,-0.31,-7.20,7.87,0.01,0.00,FALSE,FALSE,0.02,0.02,0.02,,,,,
BHLHE40_42182,OID42182,BHLHE40,O14503,3,0.00,67.43,42.80,-1.17,0.57,22.00,-0.87,1.34,-1.06,-9.07,6.53,0.02,0.99,FALSE,FALSE,0.04,0.04,0.04,,,seq.30303.176,0.03,
BHMT2_42183,OID42183,BHMT2,Q9H2M3,3,0.00,93.88,70.57,-0.73,1.95,22.00,-0.14,1.35,0.07,-7.31,3.26,0.03,1.00,FALSE,FALSE,0.01,0.01,0.02,,,seq.14226.120,-0.02,
BICD1_40053,OID40053,BICD1,Q96G01,1,0.00,83.37,37.36,-2.59,0.48,22.00,-2.11,0.67,-2.18,-3.93,4.44,0.02,0.90,FALSE,FALSE,0.02,0.02,0.03,,,seq.25118.45,0.00,
BICD2_44475,OID44475,BICD2,Q8TD16,5,0.07,1.95,28.36,2.87,0.34,22.00,2.37,0.76,2.35,-0.81,7.44,0.00,0.99,TRUE,TRUE,0.63,0.63,0.64,prot.4603,0.74,,,
BICDL1_40054,OID40054,BICDL1,Q6ZP65,1,0.00,69.59,236.38,-1.14,3.05,22.00,0.09,3.27,0.29,-6.94,11.81,0.00,0.00,FALSE,FALSE,0.01,0.01,0.01,,,seq.11158.40,0.02,
BICDL2_42184,OID42184,BICDL2,A1A5D9,3,0.00,72.58,40.59,-0.26,0.57,22.00,-0.13,0.57,-0.15,-2.78,3.70,0.01,0.99,FALSE,FALSE,0.01,0.01,0.01,prot.6962,-0.03,,,
BICRAL_40055,OID40055,BICRAL,Q6AI39,1,0.00,83.09,227.57,-0.27,2.87,22.00,0.98,2.97,0.20,-5.89,9.31,0.28,0.00,FALSE,FALSE,0.02,0.02,0.03,,,,,
BIK_40056,OID40056,BIK,Q13323,1,0.00,84.97,126.51,-2.24,2.66,22.00,-1.45,2.58,-0.75,-7.54,6.16,0.00,0.00,FALSE,FALSE,0.01,0.01,0.01,,,seq.23153.14,0.01,
BIN1_40057,OID40057,BIN1,O00499,1,0.00,79.96,67.56,-1.20,1.43,22.00,-0.96,2.29,-0.58,-7.81,7.89,0.04,0.00,FALSE,FALSE,0.01,0.01,0.01,prot.1060,-0.01,seq.9574.11,-0.01,
BIN2_45042,OID45042,BIN2,Q9UBW5,6,1.11,14.71,32.46,1.67,0.47,21.00,2.03,0.72,2.06,-0.96,5.11,0.00,0.97,FALSE,FALSE,0.53,0.53,0.54,prot.5909,0.48,seq.21540.73,0.59,
BIN3_42185,OID42185,BIN3,Q9NQY0,3,0.00,80.03,60.98,-0.31,1.01,22.00,0.64,1.33,0.60,-7.07,7.21,0.01,0.99,FALSE,FALSE,0.05,0.05,0.06,prot.6849,-0.01,seq.24645.2,0.05,
BIRC2_42186,OID42186,BIRC2,Q13490,3,0.00,97.70,43.21,0.88,0.66,22.00,0.72,0.64,0.72,-1.47,4.76,0.00,0.99,FALSE,FALSE,0.14,0.14,0.14,prot.3428,0.13,seq.21464.2,0.07,
BIRC3_40058,OID40058,BIRC3,Q13489,1,0.00,88.31,168.89,-0.01,4.14,22.00,0.58,3.42,0.13,-5.44,8.62,0.00,0.00,FALSE,FALSE,0.02,0.01,0.02,,,seq.4973.18,0.00,
BIRC7_40059,OID40059,BIRC7,Q96CA5,1,0.00,92.35,242.76,0.36,1.45,22.00,0.17,2.48,0.27,-7.52,8.46,0.09,0.21,FALSE,FALSE,0.03,0.03,0.04,,,seq.15504.39,0.04,
BIVM_40864,OID40864,BIVM,Q86UB2,2,0.14,84.74,76.99,-0.75,1.66,22.00,-0.21,1.97,-0.07,-7.36,7.95,0.00,0.36,FALSE,FALSE,0.01,0.01,0.01,,,,,
BLMH_45043,OID45043,BLMH,Q13867,6,1.11,5.77,13.93,0.50,0.21,21.00,0.35,0.40,0.35,-2.31,2.01,0.00,0.81,TRUE,TRUE,0.34,0.34,0.35,prot.3463,0.09,seq.14250.115,-0.14,
BLM_40060,OID40060,BLM,P54132,1,0.00,98.75,60.45,-0.29,1.86,22.00,-0.14,1.52,0.09,-8.04,4.07,0.03,0.97,FALSE,FALSE,0.04,0.03,0.04,,,,,
BLNK_43414,OID43414,BLNK,Q8WV28,4,0.00,22.34,17.47,0.13,0.26,22.00,0.40,0.48,0.38,-1.27,2.27,0.00,0.98,FALSE,FALSE,0.23,0.22,0.23,,,seq.19225.11,0.08,
BLOC1S2_42187,OID42187,BLOC1S2,Q6QNY1,3,0.00,84.55,52.46,0.73,0.73,22.00,0.08,1.58,0.07,-7.99,10.13,0.03,1.00,FALSE,FALSE,0.03,0.03,0.03,prot.4038,-0.01,seq.21184.1,-0.01,
BLOC1S3_43415,OID43415,BLOC1S3,Q6QNY0,4,0.00,43.28,16.76,0.77,0.25,22.00,0.89,0.45,0.89,-0.83,3.83,0.00,0.99,FALSE,FALSE,0.31,0.30,0.31,prot.4037,0.33,seq.24487.95,0.00,
BLOC1S5_40865,OID40865,BLOC1S5,Q8TDH9,2,0.14,55.82,68.16,0.31,0.82,22.00,0.79,1.40,0.72,-7.68,7.95,0.00,0.99,FALSE,FALSE,0.10,0.10,0.10,prot.4608,0.07,seq.19116.1,-0.02,
BLTP3B_43268,OID43268,BLTP3B,A0JNW5,3,0.00,30.62,17.48,-0.04,0.27,22.00,-0.04,0.65,-0.10,-2.12,5.50,0.02,0.99,FALSE,FALSE,0.05,0.05,0.06,prot.502,-0.11,,,
BLVRA_42188,OID42188,BLVRA,P53004,3,0.00,53.79,25.60,0.19,0.41,22.00,0.37,0.49,0.35,-1.19,4.07,0.01,0.94,FALSE,FALSE,0.21,0.20,0.21,prot.2864,0.14,seq.11382.5,0.26,
BLVRB_45044,OID45044,BLVRB,P30043,6,1.11,5.14,15.97,0.87,0.22,21.00,1.09,0.69,1.00,-0.79,4.85,0.00,0.99,FALSE,FALSE,0.69,0.68,0.70,prot.2432,0.73,seq.17148.7,0.85,
BLZF1_40061,OID40061,BLZF1,Q9H2G9,1,0.00,75.02,45.24,0.27,0.69,22.00,-0.55,1.02,-0.61,-3.81,5.05,0.00,0.99,FALSE,FALSE,0.05,0.05,0.05,,,,,
BMAL1_43385,OID43385,BMAL1,O00327,4,0.00,97.77,53.34,-0.57,0.73,22.00,-0.29,0.75,-0.25,-3.74,4.18,0.01,0.99,FALSE,FALSE,0.04,0.03,0.04,,,seq.33596.2,-0.02,
BMERB1_42189,OID42189,BMERB1,Q96MC5,3,0.00,19.35,13.09,1.01,0.19,22.00,0.53,0.58,0.47,-0.92,5.62,0.02,0.99,FALSE,FALSE,0.10,0.10,0.11,,,seq.23325.18,-0.05,
BMI1_40062,OID40062,BMI1,P35226,1,0.00,86.15,64.41,-0.13,0.65,22.00,-0.01,0.56,-0.02,-1.90,2.62,0.00,0.99,FALSE,FALSE,0.03,0.03,0.03,,,seq.22085.86,-0.02,
BMP10_44476,OID44476,BMP10,O95393,5,0.07,5.22,13.43,-0.52,0.20,22.00,-0.42,0.34,-0.41,-1.81,0.76,0.00,1.00,FALSE,FALSE,0.43,0.43,0.44,prot.1543,0.32,seq.3587.53,0.28,
BMP2KL_40866,OID40866,BMP2KL,Q5H9B9,2,0.14,73.45,68.57,-0.89,0.77,22.00,-0.30,1.20,-0.35,-4.76,6.16,0.00,0.99,FALSE,FALSE,0.06,0.06,0.06,,,,,
BMP4_43416,OID43416,BMP4,P12644,4,0.00,48.16,37.30,-3.03,0.47,22.00,-2.58,0.51,-2.56,-4.81,-0.43,0.00,0.89,FALSE,FALSE,0.33,0.32,0.33,,,seq.15667.39,0.47,
BMP6_43417,OID43417,BMP6,P22004,4,0.00,97.43,14.96,0.46,0.21,22.00,0.19,0.71,0.15,-1.98,3.08,0.00,0.99,FALSE,FALSE,0.16,0.16,0.17,prot.2269,0.05,seq.3736.60,0.05,
BMP7_43418,OID43418,BMP7,P18075,4,0.00,8.84,8.14,1.12,0.12,22.00,1.34,0.33,1.33,-0.21,3.98,0.01,0.99,FALSE,FALSE,0.35,0.34,0.35,,,seq.2972.57,0.19,
BMPER_44477,OID44477,BMPER,Q8N8U9,5,0.07,52.99,15.50,0.02,0.23,22.00,0.46,0.33,0.46,-0.84,1.56,0.00,0.66,FALSE,FALSE,0.37,0.36,0.37,prot.4457,0.06,seq.15368.3,0.38,
BMPR1B_40063,OID40063,BMPR1B,O00238,1,0.00,84.20,32.68,1.46,0.52,22.00,-1.09,2.11,-0.81,-8.25,6.59,0.07,0.04,FALSE,FALSE,0.04,0.03,0.04,,,seq.10550.37,0.00,
BNC1_40867,OID40867,BNC1,Q01954,2,0.14,90.31,24.67,0.18,0.37,22.00,0.15,0.71,0.12,-2.14,4.78,0.00,0.99,FALSE,FALSE,0.03,0.03,0.03,,,seq.35461.7,-0.01,
BNIP2_44478,OID44478,BNIP2,Q12982,5,0.07,25.84,30.42,1.73,0.42,22.00,1.89,0.68,1.89,-1.17,5.37,0.00,0.99,FALSE,FALSE,0.55,0.54,0.55,,,seq.28557.17,0.63,
BNIP3L_43419,OID43419,BNIP3L,O60238,4,0.00,23.52,17.60,1.13,0.26,22.00,1.06,0.55,1.04,-0.92,3.73,0.00,1.00,FALSE,FALSE,0.35,0.34,0.35,prot.7000,0.34,seq.7835.2,0.10,
BNIP5_40868,OID40868,BNIP5,P0C671,2,0.14,89.83,94.99,-1.07,2.34,22.00,0.20,1.69,0.35,-6.52,7.62,0.00,1.00,FALSE,FALSE,0.02,0.01,0.02,,,,,
BOC_43420,OID43420,BOC,Q9BWV1,4,0.00,0.00,7.20,0.49,0.10,22.00,0.39,0.28,0.39,-0.63,2.87,0.00,0.98,TRUE,FALSE,0.52,0.51,0.52,,,seq.4328.2,0.63,
BOD1L1_40064,OID40064,BOD1L1,Q8NFC6,1,0.00,93.11,45.98,-0.52,0.66,22.00,-0.31,0.65,-0.27,-5.12,3.73,0.01,1.00,FALSE,FALSE,0.04,0.04,0.05,,,,,
BOLA1_42190,OID42190,BOLA1,Q9Y3E2,3,0.00,47.60,42.62,0.13,0.64,22.00,0.62,0.91,0.60,-3.28,9.75,0.01,1.00,FALSE,FALSE,0.23,0.23,0.24,prot.6189,,seq.15370.5,0.27,
BOLA2_43421,OID43421,BOLA2,Q9H3K6,4,0.00,5.50,20.91,2.56,0.24,22.00,2.57,0.63,2.56,0.57,5.66,0.01,1.00,FALSE,FALSE,0.31,0.31,0.33,,,seq.8404.102,0.04,
BPIFA2_43422,OID43422,BPIFA2,Q96DR5,4,0.00,31.73,13.89,0.36,0.20,22.00,-0.80,1.28,-0.79,-5.98,3.84,0.00,1.00,FALSE,FALSE,0.63,0.63,0.64,prot.4889,0.53,seq.5695.5,0.93,
BPIFA3_40065,OID40065,BPIFA3,Q9BQP9,1,0.00,86.22,87.56,-0.99,2.72,22.00,-0.16,2.11,0.12,-7.74,8.77,0.05,0.18,FALSE,FALSE,0.02,0.01,0.02,,,seq.29455.119,0.00,
BPIFB1_45045,OID45045,BPIFB1,Q8TDL5,6,1.11,1.97,12.13,-1.19,0.17,21.00,-0.64,0.72,-0.62,-3.41,1.93,0.00,0.99,TRUE,TRUE,0.72,0.70,0.73,prot.4609,0.57,seq.11246.3,0.92,
BPIFB2_44480,OID44480,BPIFB2,Q8N4F0,5,0.07,18.25,21.25,-1.72,0.30,22.00,-0.09,0.99,-0.17,-2.99,3.81,0.00,0.99,TRUE,TRUE,0.24,0.23,0.26,prot.7731,-0.08,,,
BPI_44479,OID44479,BPI,P17213,5,0.07,49.23,22.35,-1.62,0.34,22.00,-1.17,0.75,-1.20,-3.81,2.85,0.00,0.99,TRUE,FALSE,0.51,0.51,0.52,prot.231,0.71,seq.4126.22,0.72,
BRAP_43423,OID43423,BRAP,Q7Z569,4,0.00,6.61,21.84,1.52,0.30,22.00,1.83,0.69,1.84,-1.00,4.74,0.00,0.96,FALSE,FALSE,0.37,0.37,0.39,prot.4189,0.27,,,
BRD1_42191,OID42191,BRD1,O95696,3,0.00,72.72,57.45,-0.85,1.10,22.00,-0.53,1.52,-0.49,-8.45,6.34,0.02,0.99,FALSE,FALSE,0.02,0.01,0.02,,,seq.11607.15,-0.03,
BRD2_42192,OID42192,BRD2,P25440,3,0.00,76.97,49.32,-0.51,0.70,22.00,-0.63,0.96,-0.54,-7.13,3.23,0.01,0.99,FALSE,FALSE,0.08,0.08,0.08,,,seq.15372.43,0.11,
BRD3_42193,OID42193,BRD3,Q15059,3,0.00,67.85,131.53,3.06,2.94,22.00,2.19,3.34,1.72,-5.23,13.19,0.00,0.00,FALSE,FALSE,0.11,0.10,0.11,prot.7076,0.08,,,
BRD4_44481,OID44481,BRD4,O60885,5,0.07,71.38,27.13,-0.47,0.37,22.00,-0.40,0.81,-0.54,-2.42,5.81,0.00,0.99,FALSE,FALSE,0.11,0.10,0.11,prot.1350,-0.02,seq.10043.31,0.02,
BRDT_43424,OID43424,BRDT,Q58F21,4,0.00,45.58,32.91,1.69,0.47,22.00,1.51,0.67,1.54,-1.72,7.76,0.00,0.96,FALSE,FALSE,0.25,0.25,0.26,,,seq.12748.6,0.05,
BRF1_40869,OID40869,BRF1,Q92994,2,0.14,76.31,35.18,-0.36,0.50,22.00,0.18,0.82,0.07,-2.15,6.06,0.00,0.99,FALSE,FALSE,0.03,0.03,0.03,prot.4780,-0.01,seq.19596.18,0.02,
BRIP1_40870,OID40870,BRIP1,Q9BX63,2,0.14,86.20,82.78,-1.73,2.17,22.00,-0.87,2.02,-0.60,-7.36,7.91,0.00,0.01,FALSE,FALSE,0.02,0.02,0.02,,,,,
BRK1_43425,OID43425,BRK1,Q8WUW1,4,0.00,0.21,8.69,0.50,0.12,22.00,0.26,0.37,0.25,-1.37,2.28,0.01,0.92,FALSE,FALSE,0.32,0.31,0.32,prot.4656,0.29,seq.21001.393,-0.14,
BRME1_42194,OID42194,BRME1,Q0VDD7,3,0.00,60.82,28.53,-0.27,0.43,22.00,-0.13,0.81,-0.19,-2.03,9.22,0.02,0.99,FALSE,FALSE,0.02,0.02,0.02,,,seq.31038.22,-0.03,
BRPF1_40066,OID40066,BRPF1,P55201,1,0.00,69.24,364.85,-2.79,3.12,22.00,-1.54,3.60,-0.74,-6.62,9.03,0.00,0.00,FALSE,FALSE,0.02,0.02,0.02,,,seq.11671.19,0.01,
BRSK2_43426,OID43426,BRSK2,Q8IWQ3,4,0.00,43.91,24.42,0.11,0.35,22.00,0.90,0.69,0.82,-0.78,4.14,0.00,0.83,TRUE,FALSE,0.25,0.25,0.26,,,seq.9790.28,0.21,
BRWD3_40871,OID40871,BRWD3,Q6RI45,2,0.14,80.56,42.21,-0.53,1.39,22.00,0.13,1.00,0.10,-6.22,6.74,0.00,1.00,FALSE,FALSE,0.03,0.03,0.03,,,,,
BSG_43427,OID43427,BSG,P35613,4,0.00,0.00,7.37,-0.17,0.11,22.00,-0.08,0.25,-0.09,-1.69,1.48,0.01,1.00,FALSE,FALSE,0.29,0.28,0.30,prot.417,0.04,seq.3585.54,0.24,
BSND_42195,OID42195,BSND,Q8WZ55,3,0.00,79.75,58.99,-3.97,1.80,22.00,-3.34,1.22,-3.28,-11.22,1.54,0.02,1.00,FALSE,FALSE,0.04,0.04,0.05,,,,,
BSN_40872,OID40872,BSN,Q9UPA5,2,0.14,80.21,67.66,-1.06,2.00,22.00,-0.34,1.73,-0.16,-7.75,5.29,0.00,0.99,FALSE,FALSE,0.03,0.03,0.04,,,,,
BSPRY_42196,OID42196,BSPRY,Q5W0U4,3,0.00,76.20,20.84,-0.30,0.32,22.00,-0.43,0.51,-0.49,-1.66,4.14,0.03,0.99,FALSE,FALSE,0.03,0.03,0.04,,,seq.26801.4,0.02,
BST1_44482,OID44482,BST1,Q10588,5,0.07,1.39,10.06,-0.98,0.14,22.00,0.07,0.42,0.16,-3.32,1.02,0.00,1.00,TRUE,FALSE,0.65,0.65,0.66,,,seq.4535.50,0.75,
BST2_44483,OID44483,BST2,Q10589,5,0.07,5.64,7.24,-0.40,0.10,22.00,0.23,0.68,0.11,-1.92,3.44,0.00,0.99,FALSE,FALSE,0.42,0.42,0.44,prot.3323,0.26,seq.8832.8,0.14,
BTBD2_40873,OID40873,BTBD2,Q9BX70,2,0.14,77.35,78.38,0.32,1.16,22.00,0.88,1.28,0.93,-6.17,4.80,0.00,0.99,FALSE,FALSE,0.09,0.09,0.09,prot.5292,0.10,,,
BTBD3_40874,OID40874,BTBD3,Q9Y2F9,2,0.14,64.46,166.48,0.72,3.37,22.00,-0.10,3.36,0.08,-5.59,11.70,0.00,0.00,FALSE,FALSE,0.01,0.01,0.01,,,,,
BTBD7_40875,OID40875,BTBD7,Q9P203,2,0.14,70.38,36.83,-0.05,0.59,22.00,0.13,1.19,0.08,-8.09,5.45,0.00,0.89,FALSE,FALSE,0.04,0.03,0.04,,,,,
BTBD8_40876,OID40876,BTBD8,Q5XKL5,2,0.14,83.83,80.90,-3.07,2.16,22.00,-2.72,2.20,-2.19,-8.46,3.03,0.00,0.00,FALSE,FALSE,0.02,0.02,0.02,,,,,
BTBD9_40877,OID40877,BTBD9,Q96Q07,2,0.14,79.16,63.81,-1.48,1.09,22.00,-0.62,1.74,-0.67,-8.38,6.58,0.00,0.99,FALSE,FALSE,0.01,0.01,0.01,prot.6784,-0.01,,,
BTC_42197,OID42197,BTC,P35070,3,0.00,61.52,30.39,-0.21,0.51,22.00,0.11,0.94,0.14,-3.04,4.66,0.01,0.79,TRUE,TRUE,0.13,0.13,0.14,,,seq.13088.397,0.05,
BTD_45442,OID45442,BTD,P43251,8,0.84,0.00,8.23,0.44,0.12,22.00,0.13,0.30,0.15,-1.48,1.01,0.00,1.00,TRUE,TRUE,0.62,0.61,0.62,prot.2639,0.24,seq.9269.7,0.73,
BTG4_40067,OID40067,BTG4,Q9NY30,1,0.00,95.06,47.38,0.53,0.67,22.00,-0.90,1.84,-0.77,-8.30,6.79,0.05,0.60,FALSE,FALSE,0.00,0.00,0.01,,,seq.22089.13,-0.05,
BTLA_42198,OID42198,BTLA,Q7Z6A9,3,0.00,87.96,27.18,2.75,0.35,22.00,-0.60,1.17,-0.74,-3.84,6.84,0.02,0.99,FALSE,FALSE,0.06,0.06,0.06,prot.7812,-0.03,seq.16308.14,0.03,
BTN1A1_43428,OID43428,BTN1A1,Q13410,4,0.00,47.46,32.25,0.22,0.46,22.00,0.21,1.08,0.04,-2.81,7.20,0.03,0.98,FALSE,FALSE,0.09,0.08,0.09,,,seq.21674.132,0.04,
BTN2A1_44484,OID44484,BTN2A1,Q7KYR7,5,0.07,2.65,10.96,0.14,0.15,22.00,0.30,0.35,0.26,-0.75,2.36,0.00,1.00,FALSE,FALSE,0.27,0.26,0.29,prot.7108,-0.03,seq.8869.5,-0.01,
BTN3A2_43429,OID43429,BTN3A2,P78410,4,0.00,2.37,14.76,-0.12,0.22,22.00,0.69,0.47,0.69,-2.08,3.60,0.01,0.99,TRUE,TRUE,0.43,0.43,0.44,prot.3124,0.34,seq.21433.3,0.55,
BTNL10P_42199,OID42199,BTNL10P,A8MVZ5,3,0.00,87.06,69.09,-0.53,0.94,22.00,0.32,1.41,0.29,-7.65,10.02,0.02,1.00,FALSE,FALSE,0.02,0.01,0.02,,,seq.35667.19,-0.01,
BTNL9_40878,OID40878,BTNL9,Q6UXG8,2,0.14,84.53,75.82,-1.37,1.66,22.00,0.00,2.02,-0.05,-7.43,8.23,0.00,0.99,FALSE,FALSE,0.03,0.03,0.03,,,seq.7950.142,0.03,
BUB1B_40879,OID40879,BUB1B,O60566,2,0.14,72.54,43.92,-0.65,0.71,22.00,-0.30,1.13,-0.42,-4.93,5.53,0.00,0.85,FALSE,FALSE,0.04,0.04,0.05,,,,,
BYSL_40068,OID40068,BYSL,Q13895,1,0.00,68.75,112.13,-0.73,2.22,22.00,-0.21,2.79,0.18,-7.33,9.10,0.00,0.00,FALSE,FALSE,0.04,0.04,0.04,,,seq.31022.45,0.07,
C10orf62_40069,OID40069,C10orf62,Q5T681,1,0.00,80.10,193.16,3.23,2.19,22.00,-0.30,3.33,-0.03,-6.02,9.87,0.00,0.00,FALSE,FALSE,0.02,0.01,0.02,,,,,
C10orf67_40070,OID40070,C10orf67,Q8IYJ2,1,0.00,84.76,237.15,-0.34,3.41,22.00,0.18,3.58,0.04,-6.73,9.66,0.00,0.00,FALSE,FALSE,0.01,0.01,0.01,,,,,
C10orf90_40071,OID40071,C10orf90,Q96M02,1,0.00,64.09,36.94,-0.51,0.63,22.00,-1.38,1.31,-1.49,-6.48,5.15,0.01,1.00,FALSE,FALSE,0.03,0.03,0.03,,,,,
C10orf95_40880,OID40880,C10orf95,Q9H7T3,2,0.14,76.52,33.04,-1.29,0.49,22.00,-0.84,0.93,-0.96,-3.48,6.50,0.00,0.97,FALSE,FALSE,0.02,0.02,0.02,,,,,
C11orf52_40881,OID40881,C11orf52,Q96A22,2,0.14,67.60,27.41,0.95,0.43,22.00,1.00,1.41,0.84,-5.25,9.41,0.00,1.00,FALSE,FALSE,0.10,0.10,0.11,,,seq.35053.2,0.02,
C12orf40_40882,OID40882,C12orf40,Q86WS4,2,0.14,79.30,55.79,-0.41,1.43,22.00,-0.13,1.18,-0.08,-6.97,8.69,0.00,0.99,FALSE,FALSE,0.00,0.00,0.00,prot.4268,-0.01,,,
C12orf42_40072,OID40072,C12orf42,Q96LP6,1,0.00,84.97,76.41,-0.65,1.64,22.00,-0.21,1.48,0.01,-7.67,4.54,0.03,0.99,FALSE,FALSE,0.02,0.01,0.02,,,,,
C12orf56_40883,OID40883,C12orf56,Q8IXR9,2,0.14,53.87,137.19,-2.65,2.31,22.00,-0.87,3.03,-0.26,-6.27,9.50,0.00,0.00,FALSE,FALSE,0.00,0.00,0.01,,,,,
C14orf178_40073,OID40073,C14orf178,Q8N769,1,0.00,84.69,25.46,-0.01,0.35,22.00,0.11,0.52,0.05,-1.44,4.28,0.02,0.98,FALSE,FALSE,0.05,0.05,0.06,,,,,
C14orf93_42200,OID42200,C14orf93,Q9H972,3,0.00,78.91,39.80,0.13,0.56,22.00,0.58,0.73,0.53,-3.21,5.09,0.01,0.99,FALSE,FALSE,0.06,0.06,0.06,,,seq.6439.59,0.03,
C16orf78_40884,OID40884,C16orf78,Q8WTQ4,2,0.14,45.02,16.82,-0.37,0.27,22.00,-0.58,1.01,-0.83,-3.36,5.88,0.00,1.00,FALSE,FALSE,0.13,0.12,0.14,,,,,
C16orf82_40885,OID40885,C16orf82,Q7Z2V1,2,0.14,74.77,100.60,-1.59,0.81,22.00,-1.09,1.20,-1.32,-4.50,5.86,0.00,0.95,FALSE,FALSE,0.01,0.01,0.01,,,seq.34779.3,0.00,
C16orf86_40886,OID40886,C16orf86,Q6ZW13,2,0.14,55.40,37.73,1.08,0.44,22.00,1.30,0.68,1.25,-0.95,4.54,0.00,0.99,FALSE,FALSE,0.09,0.07,0.09,,,seq.29100.51,-0.16,
C16orf89_43430,OID43430,C16orf89,Q6UX73,4,0.00,0.00,12.66,0.11,0.17,22.00,0.15,0.41,0.15,-1.40,3.08,0.00,0.99,TRUE,TRUE,0.22,0.21,0.23,,,seq.33661.103,-0.02,
C16orf96_40887,OID40887,C16orf96,A6NNT2,2,0.14,46.48,19.41,-1.94,0.28,22.00,-1.42,1.08,-1.66,-4.46,6.10,0.00,0.99,FALSE,FALSE,0.13,0.12,0.13,,,,,
C17orf50_40888,OID40888,C17orf50,Q8WW18,2,0.14,84.88,105.54,-1.17,2.25,22.00,0.07,2.41,0.32,-6.82,7.83,0.00,0.01,FALSE,FALSE,0.01,0.01,0.01,,,,,
C17orf99_40889,OID40889,C17orf99,Q6UX52,2,0.14,73.73,127.77,-4.00,2.46,22.00,-1.51,2.61,-0.96,-7.30,7.91,0.00,0.00,FALSE,FALSE,-0.01,-0.01,-0.01,,,seq.33308.5,-0.05,
C19orf12_42201,OID42201,C19orf12,Q9NSK7,3,0.00,9.32,22.86,0.72,0.33,22.00,0.77,1.17,0.67,-2.30,8.27,0.00,1.00,FALSE,FALSE,0.20,0.19,0.21,,,seq.29395.49,0.11,
C1GALT1C1_43431,OID43431,C1GALT1C1,Q96EU7,4,0.00,24.15,27.24,-0.10,0.45,22.00,0.32,0.59,0.30,-1.58,4.85,0.01,0.94,FALSE,FALSE,0.12,0.12,0.13,prot.4906,0.03,seq.5735.54,0.05,
C1QA_43432,OID43432,C1QA,P02745,4,0.00,0.00,5.94,0.39,0.08,22.00,0.58,0.31,0.57,-0.90,1.86,0.00,0.99,TRUE,FALSE,0.30,0.30,0.30,prot.1723,0.12,seq.27203.49,0.11,
C1QBP_43433,OID43433,C1QBP,Q07021,4,0.00,52.61,19.16,0.17,0.28,22.00,0.68,0.87,0.55,-1.72,9.13,0.03,0.99,FALSE,FALSE,0.20,0.20,0.21,prot.3271,0.25,seq.4967.1,-0.04,
C1QL2_43434,OID43434,C1QL2,Q7Z5L3,4,0.00,0.07,15.00,1.61,0.22,22.00,1.32,0.59,1.34,-0.85,3.99,0.00,0.96,FALSE,FALSE,0.38,0.37,0.39,,,seq.15670.15,0.26,
C1QTNF1_45318,OID45318,C1QTNF1,Q9BXJ1,7,0.07,0.00,12.22,1.27,0.18,22.00,1.22,0.38,1.20,0.14,4.27,0.00,1.00,TRUE,FALSE,0.43,0.43,0.44,prot.122,0.32,seq.6304.8,0.11,
C1QTNF5_44485,OID44485,C1QTNF5,Q9BXJ0,5,0.07,5.01,12.73,0.34,0.18,22.00,0.74,0.37,0.75,-2.26,2.57,0.00,0.98,FALSE,FALSE,0.45,0.44,0.45,prot.7166,0.36,seq.7810.20,0.33,
C1QTNF6_43435,OID43435,C1QTNF6,Q9BXI9,4,0.00,34.38,26.08,0.92,0.37,22.00,1.15,0.58,1.14,-0.99,5.25,0.00,0.99,TRUE,TRUE,0.22,0.22,0.23,,,seq.33597.86,0.08,
C1QTNF9_44486,OID44486,C1QTNF9,P0C862,5,0.07,0.07,8.66,1.28,0.13,22.00,1.04,0.48,1.07,-3.13,2.33,0.00,0.99,TRUE,FALSE,0.42,0.42,0.44,prot.1964,,seq.16605.2,0.18,
C1RL_45443,OID45443,C1RL,Q9NZP8,8,0.84,5.26,11.41,0.08,0.16,22.00,0.31,0.33,0.33,-3.77,1.27,0.00,0.95,TRUE,FALSE,0.59,0.58,0.59,prot.5828,0.33,seq.9348.1,0.65,
C1R_45319,OID45319,C1R,P00736,7,0.07,7.59,13.14,0.41,0.19,22.00,0.48,0.27,0.49,-0.55,3.05,0.00,0.99,TRUE,TRUE,0.45,0.44,0.45,,,seq.3285.23,0.33,
C1S_45444,OID45444,C1S,P09871,8,0.84,0.00,8.52,0.13,0.13,22.00,0.20,0.24,0.21,-0.89,1.20,0.00,1.00,TRUE,TRUE,0.56,0.56,0.56,prot.1952,0.16,seq.20203.45,0.60,
C1orf131_40891,OID40891,C1orf131,Q8NDD1,2,0.14,38.47,126.72,-3.63,2.59,22.00,-2.26,2.62,-1.51,-7.55,6.38,0.00,0.00,FALSE,FALSE,0.04,0.04,0.05,,,,,
C1orf167_40074,OID40074,C1orf167,Q5SNV9,1,0.00,80.51,120.64,-0.85,1.68,22.00,-0.15,1.44,-0.15,-7.54,6.74,0.02,0.94,FALSE,FALSE,0.03,0.03,0.04,,,,,
C22orf15_40892,OID40892,C22orf15,Q8WYQ4,2,0.14,80.14,59.39,-0.58,0.69,22.00,-0.15,0.95,-0.19,-8.17,5.42,0.00,0.99,FALSE,FALSE,0.01,0.01,0.01,,,seq.7073.69,0.00,
C22orf23_40075,OID40075,C22orf23,Q9BZE7,1,0.00,83.37,272.24,-0.63,2.58,22.00,0.11,2.80,0.00,-5.91,9.59,0.31,0.00,FALSE,FALSE,0.02,0.02,0.02,,,seq.23273.42,0.02,
C22orf31_40893,OID40893,C22orf31,O95567,2,0.14,49.41,22.47,-0.54,0.32,22.00,-0.24,1.20,-0.50,-2.84,6.74,0.00,1.00,FALSE,FALSE,0.06,0.05,0.07,,,,,
C22orf42_40894,OID40894,C22orf42,Q6IC83,2,0.14,79.02,42.45,-0.36,0.65,22.00,-0.08,0.88,-0.16,-3.48,4.64,0.00,0.91,FALSE,FALSE,0.02,0.02,0.02,,,seq.35063.7,0.04,
C2CD2L_42202,OID42202,C2CD2L,O14523,3,0.00,45.79,29.44,-0.73,0.40,22.00,-0.15,0.51,-0.16,-2.03,4.06,0.01,0.99,FALSE,FALSE,0.23,0.23,0.24,prot.1082,0.34,seq.23704.11,0.33,
C2CD4C_40076,OID40076,C2CD4C,Q8TF44,1,0.00,57.34,39.42,-0.26,0.52,22.00,0.00,1.12,-0.18,-3.10,8.56,0.02,1.00,FALSE,FALSE,0.04,0.03,0.04,,,,,
C2_45320,OID45320,C2,P06681,7,0.07,5.15,20.60,-0.54,0.25,22.00,-0.70,0.33,-0.74,-2.76,0.45,0.00,0.68,FALSE,FALSE,0.50,0.49,0.51,prot.1832,0.21,seq.3186.2,0.49,
C2orf16_40895,OID40895,C2orf16,Q68DN1,2,0.14,83.97,30.38,1.13,0.46,22.00,-0.73,1.13,-0.79,-6.66,6.21,0.00,1.00,FALSE,FALSE,0.04,0.03,0.04,,,,,
C2orf42_40077,OID40077,C2orf42,Q9NWW7,1,0.00,53.24,197.57,-4.49,2.14,22.00,-2.43,2.85,-1.67,-7.95,6.65,0.00,0.00,FALSE,FALSE,0.02,0.02,0.02,,,,,
C2orf68_40896,OID40896,C2orf68,Q2NKX9,2,0.14,78.61,47.86,-0.39,0.80,22.00,0.30,1.17,0.27,-8.26,5.30,0.00,0.99,FALSE,FALSE,0.07,0.07,0.07,,,seq.23276.14,0.10,
C2orf69_42203,OID42203,C2orf69,Q8N8R5,3,0.00,62.14,49.57,-0.81,0.69,22.00,-0.33,1.16,-0.35,-8.45,6.04,0.01,0.99,FALSE,FALSE,0.13,0.13,0.13,prot.4456,0.02,seq.30709.7,0.23,
C2orf73_40897,OID40897,C2orf73,Q8N5S3,2,0.14,87.46,49.25,-1.44,0.76,22.00,-2.25,1.96,-1.97,-9.04,4.64,0.00,0.00,FALSE,FALSE,-0.01,-0.01,-0.01,,,seq.22094.15,-0.05,
C2orf80_40898,OID40898,C2orf80,Q0P641,2,0.14,52.89,25.41,-1.19,0.39,22.00,-0.19,1.34,-0.47,-4.14,7.53,0.00,1.00,FALSE,FALSE,0.04,0.04,0.05,,,,,
C2orf81_40899,OID40899,C2orf81,A6NN90,2,0.14,80.56,39.82,-0.45,0.64,22.00,-0.07,0.93,-0.09,-7.06,5.41,0.00,0.92,FALSE,FALSE,0.02,0.02,0.02,,,,,
C2orf83_40078,OID40078,C2orf83,Q53S99,1,0.00,82.67,112.29,-1.27,1.68,22.00,-0.50,2.11,-0.21,-8.18,6.88,0.06,0.35,FALSE,FALSE,0.02,0.02,0.02,,,,,
C2orf88_44487,OID44487,C2orf88,Q9BSF0,5,0.07,25.21,31.28,3.06,0.49,22.00,3.17,0.77,3.20,-2.02,7.65,0.00,0.99,FALSE,FALSE,0.58,0.57,0.58,prot.5210,0.67,,,
C3_45445,OID45445,C3,P01024,8,0.84,18.25,32.48,-4.48,0.40,22.00,-4.36,0.44,-4.39,-5.80,-0.29,0.00,1.00,FALSE,FALSE,0.34,0.34,0.35,prot.1647,0.23,seq.5803.24,0.26,
C3orf38_40900,OID40900,C3orf38,Q5JPI3,2,0.14,97.35,51.75,-0.36,1.71,22.00,0.19,1.53,0.33,-7.22,4.88,0.00,0.89,FALSE,FALSE,0.00,0.00,0.00,prot.7270,-0.05,,,
C3orf62_40901,OID40901,C3orf62,Q6ZUJ4,2,0.14,81.05,49.29,-0.70,1.64,22.00,0.05,1.74,0.19,-7.22,6.16,0.00,0.86,FALSE,FALSE,0.03,0.02,0.03,,,seq.31229.115,0.04,
C3orf70_40902,OID40902,C3orf70,A6NLC5,2,0.14,85.78,43.77,0.06,0.69,22.00,0.17,1.06,0.17,-7.04,5.13,0.00,0.99,FALSE,FALSE,0.02,0.02,0.02,,,,,
C4BPB_44488,OID44488,C4BPB,P20851,5,0.07,0.14,11.07,-0.15,0.15,22.00,0.33,0.45,0.29,-1.71,3.49,0.00,0.88,FALSE,FALSE,0.40,0.38,0.41,prot.2242,0.12,seq.7155.46,0.07,
C4B_45446,OID45446,C4B,P0C0L5,8,0.84,1.05,12.83,0.44,0.20,22.00,0.20,0.71,0.22,-2.51,2.33,0.00,1.00,TRUE,TRUE,0.57,0.57,0.57,,,seq.4481.34,0.59,
C4orf17_40079,OID40079,C4orf17,Q53FE4,1,0.00,67.50,162.56,-6.11,1.87,22.00,-5.16,2.79,-6.47,-8.72,4.64,0.01,0.00,FALSE,FALSE,0.01,0.01,0.02,,,,,
C4orf46_40903,OID40903,C4orf46,Q504U0,2,0.14,84.95,19.10,0.01,0.28,22.00,0.15,0.72,0.14,-3.15,4.48,0.00,1.00,FALSE,FALSE,0.10,0.08,0.11,,,,,
C4orf47_40904,OID40904,C4orf47,A7E2U8,2,0.14,74.49,280.46,-2.87,2.78,22.00,-2.06,2.58,-1.47,-7.95,6.33,0.00,0.00,FALSE,FALSE,0.00,0.00,0.00,,,,,
C4orf54_40905,OID40905,C4orf54,D6RIA3,2,0.14,72.06,21.63,-0.81,0.34,22.00,-0.25,0.79,-0.42,-2.08,5.51,0.00,0.99,FALSE,FALSE,0.06,0.05,0.06,,,,,
C5_45447,OID45447,C5,P01031,8,0.84,33.82,14.90,-0.54,0.22,22.00,-1.01,0.63,-0.95,-2.80,3.08,0.00,0.98,TRUE,TRUE,0.44,0.44,0.45,prot.1648,0.01,seq.2851.63,0.42,
C5orf22_40906,OID40906,C5orf22,Q49AR2,2,0.14,94.08,48.54,-0.34,1.72,22.00,-0.04,1.13,0.01,-7.67,8.14,0.00,1.00,FALSE,FALSE,0.02,0.02,0.02,prot.8024,-0.45,seq.31261.73,0.02,
C5orf24_40907,OID40907,C5orf24,Q7Z6I8,2,0.14,79.37,43.78,-1.44,0.76,22.00,-0.71,1.04,-0.82,-4.07,7.28,0.00,0.99,FALSE,FALSE,0.03,0.03,0.03,,,seq.28258.15,0.05,
C5orf34_40908,OID40908,C5orf34,Q96MH7,2,0.14,36.31,15.87,0.10,0.24,22.00,0.74,1.09,0.47,-1.22,10.18,0.00,0.99,FALSE,FALSE,0.24,0.23,0.25,,,,,
C6orf118_40909,OID40909,C6orf118,Q5T5N4,2,0.14,90.59,24.34,-1.28,0.36,22.00,0.48,0.80,0.46,-3.05,7.28,0.00,1.00,FALSE,FALSE,0.08,0.07,0.09,,,,,
C6orf132_40080,OID40080,C6orf132,Q5T0Z8,1,0.00,88.10,53.05,0.05,0.57,22.00,-0.11,1.08,-0.01,-8.07,4.15,0.02,0.99,FALSE,FALSE,0.03,0.03,0.04,prot.8066,,,,
C6orf163_40910,OID40910,C6orf163,Q5TEZ5,2,0.14,77.77,55.80,-0.94,0.95,22.00,-0.42,1.13,-0.48,-8.10,5.26,0.00,1.00,FALSE,FALSE,0.01,0.01,0.01,,,,,
C7_45448,OID45448,C7,P10643,8,0.84,0.14,9.50,-0.21,0.14,22.00,-0.03,0.36,-0.03,-1.93,1.56,0.00,0.97,TRUE,TRUE,0.65,0.64,0.65,prot.1989,0.37,seq.13731.14,0.79,
C7orf25_40911,OID40911,C7orf25,Q9BPX7,2,0.14,72.13,22.40,-0.94,0.37,22.00,-0.49,0.91,-0.66,-2.43,6.81,0.00,1.00,FALSE,FALSE,0.04,0.04,0.05,prot.5172,,,,
C7orf31_42204,OID42204,C7orf31,Q8N865,3,0.00,70.77,16.90,0.26,0.25,22.00,-1.43,1.09,-1.56,-5.06,3.97,0.02,0.93,FALSE,FALSE,0.12,0.12,0.13,,,,,
C7orf50_43436,OID43436,C7orf50,Q9BRJ6,4,0.00,48.02,15.03,-0.60,0.22,22.00,-0.49,0.30,-0.51,-1.41,1.52,0.01,0.99,FALSE,FALSE,0.21,0.21,0.22,,,seq.29947.27,0.27,
C8B_45449,OID45449,C8B,P07358,8,0.84,17.54,14.33,0.14,0.20,22.00,0.17,0.28,0.16,-0.74,5.11,0.00,1.00,TRUE,FALSE,0.39,0.39,0.40,,,seq.2429.27,0.27,
C8orf33_40912,OID40912,C8orf33,Q9H7E9,2,0.14,71.92,35.71,-0.11,0.55,22.00,0.32,0.77,0.32,-2.50,4.50,0.00,1.00,FALSE,FALSE,0.06,0.06,0.06,,,,,
C8orf34_40913,OID40913,C8orf34,Q49A92,2,0.14,74.84,40.76,-1.53,0.72,22.00,-0.45,1.34,-0.60,-5.33,6.83,0.00,0.99,FALSE,FALSE,0.02,0.02,0.02,,,,,
C8orf58_40914,OID40914,C8orf58,Q8NAV2,2,0.14,51.29,36.29,-0.26,0.59,22.00,0.44,0.85,0.29,-1.86,5.57,0.00,0.99,FALSE,FALSE,0.05,0.05,0.05,,,seq.31630.66,0.04,
C9_45321,OID45321,C9,P02748,7,0.07,20.33,17.84,-0.31,0.26,22.00,-0.08,0.57,0.00,-2.76,1.39,0.00,0.99,FALSE,FALSE,0.53,0.52,0.53,prot.1725,0.44,seq.13722.105,0.58,
C9orf131_40081,OID40081,C9orf131,Q5VYM1,1,0.00,83.86,223.47,-0.17,3.43,22.00,0.18,3.81,0.07,-6.62,12.84,0.00,0.00,FALSE,FALSE,0.01,0.01,0.01,,,,,
C9orf152_40915,OID40915,C9orf152,Q5JTZ5,2,0.14,60.14,56.71,-0.43,0.90,22.00,0.40,1.28,0.25,-3.78,9.12,0.00,0.99,FALSE,FALSE,0.02,0.02,0.02,,,seq.30334.131,0.01,
C9orf40_43437,OID43437,C9orf40,Q8IXQ3,4,0.00,36.88,75.85,2.32,0.58,22.00,2.84,1.12,2.75,-1.05,7.43,0.00,0.64,FALSE,FALSE,0.46,0.46,0.47,prot.4348,0.46,,,5
C9orf43_40916,OID40916,C9orf43,Q8TAL5,2,0.14,83.34,43.72,-2.61,0.72,22.00,-2.09,1.22,-2.22,-10.06,3.62,0.00,0.99,FALSE,FALSE,0.02,0.02,0.02,,,,,
CA11_42205,OID42205,CA11,O75493,3,0.00,49.48,24.47,-0.58,0.35,22.00,-0.37,0.47,-0.43,-1.69,3.58,0.02,1.00,FALSE,FALSE,0.10,0.09,0.10,,,seq.8859.51,0.08,
CA12_43438,OID43438,CA12,O43570,4,0.00,21.22,9.75,0.50,0.14,22.00,0.31,0.39,0.29,-1.12,2.74,0.01,1.00,TRUE,FALSE,0.31,0.30,0.32,,,seq.19347.37,0.22,
CA13_44489,OID44489,CA13,Q8N1Q1,5,0.07,32.66,27.65,2.89,0.38,22.00,3.24,0.82,3.26,-0.70,7.51,0.00,0.98,TRUE,FALSE,0.64,0.63,0.64,prot.4397,0.41,seq.3420.21,0.73,
CA14_43439,OID43439,CA14,Q9ULX7,4,0.00,0.07,11.75,0.58,0.17,22.00,-0.01,0.49,-0.04,-2.05,2.60,0.00,0.99,FALSE,FALSE,0.26,0.25,0.27,,,seq.34180.133,0.06,
CA1_45322,OID45322,CA1,P00915,7,0.07,0.00,51.71,2.07,0.43,22.00,2.24,0.90,2.19,-0.63,5.92,0.00,0.99,FALSE,FALSE,0.74,0.73,0.74,prot.1640,0.62,seq.4969.2,0.93,5
CA2_45046,OID45046,CA2,P00918,6,1.11,20.83,19.35,2.27,0.30,21.00,2.65,0.97,2.53,0.07,7.23,0.00,1.00,FALSE,FALSE,0.46,0.46,0.46,prot.1641,0.24,seq.4970.55,-0.04,5
CA3_45047,OID45047,CA3,P07451,6,1.11,1.97,8.39,0.74,0.12,21.00,1.26,0.81,1.17,-1.08,5.31,0.00,0.99,FALSE,FALSE,0.75,0.74,0.75,prot.1862,0.02,seq.3799.11,0.93,
CA4_45048,OID45048,CA4,P22748,6,1.11,1.97,6.88,0.52,0.10,21.00,0.25,0.32,0.27,-1.26,1.32,0.00,0.62,TRUE,FALSE,0.46,0.45,0.48,prot.2291,0.36,seq.3177.49,0.02,
CA5A_42206,OID42206,CA5A,P35218,3,0.00,33.40,12.35,1.21,0.18,22.00,-0.53,1.13,-0.62,-4.53,3.47,0.00,1.00,TRUE,FALSE,0.19,0.19,0.20,,,seq.8791.151,-0.01,
CA5B_40917,OID40917,CA5B,Q9Y2D0,2,0.14,91.29,51.93,-0.57,0.71,22.00,-0.54,1.37,-0.47,-8.31,8.10,0.00,0.99,FALSE,FALSE,0.03,0.02,0.03,,,seq.17673.34,0.03,
CA6_45049,OID45049,CA6,P23280,6,1.11,7.11,9.26,0.61,0.13,21.00,-0.16,0.72,-0.14,-3.66,1.84,0.00,0.98,TRUE,FALSE,0.75,0.75,0.76,prot.2305,0.76,seq.13747.9,0.88,
CA7_42207,OID42207,CA7,P43166,3,0.00,90.54,78.68,-1.91,2.27,22.00,-1.14,1.75,-0.89,-8.18,5.94,0.05,0.60,FALSE,FALSE,0.02,0.02,0.02,,,seq.3356.50,-0.01,
CA8_42208,OID42208,CA8,P35219,3,0.00,96.80,91.06,-0.49,1.97,22.00,-0.03,1.43,0.09,-7.51,6.69,0.02,0.99,FALSE,FALSE,0.05,0.05,0.05,prot.7527,0.07,seq.11390.24,0.04,
CA9_43440,OID43440,CA9,Q16790,4,0.00,40.50,22.05,0.05,0.34,22.00,0.18,0.84,0.09,-2.54,3.91,0.00,0.99,FALSE,FALSE,0.14,0.13,0.14,,,seq.3798.71,-0.02,
CABIN1_40918,OID40918,CABIN1,Q9Y6J0,2,0.14,84.95,50.29,-1.12,1.48,22.00,-0.60,1.51,-0.57,-8.25,5.48,0.00,0.99,FALSE,FALSE,0.04,0.04,0.04,,,,,
CABP2_42209,OID42209,CABP2,Q9NPB3,3,0.00,82.74,71.69,-3.90,0.96,22.00,-3.15,1.41,-3.04,-10.34,3.69,0.02,0.99,FALSE,FALSE,0.03,0.03,0.03,,,seq.24690.1,0.01,
CABP4_40082,OID40082,CABP4,P57796,1,0.00,44.12,39.31,-0.54,0.51,22.00,0.21,1.05,-0.02,-2.28,6.79,0.03,0.99,FALSE,FALSE,0.05,0.05,0.05,,,seq.29087.27,0.01,
CABP7_40919,OID40919,CABP7,Q86V35,2,0.14,86.76,77.69,-0.11,0.94,22.00,0.43,1.34,0.37,-6.86,6.73,0.00,1.00,FALSE,FALSE,0.02,0.01,0.02,,,seq.7104.71,-0.03,
CABYR_40920,OID40920,CABYR,O75952,2,0.14,66.97,22.90,0.24,0.36,22.00,-0.94,1.05,-1.10,-3.71,6.44,0.00,0.99,FALSE,FALSE,0.03,0.03,0.03,prot.1463,,seq.28577.14,-0.01,
CACNA1C_42210,OID42210,CACNA1C,Q13936,3,0.00,81.63,62.74,-0.08,1.00,22.00,0.00,1.50,0.11,-7.47,7.17,0.02,0.99,FALSE,FALSE,0.05,0.04,0.05,,,,,
CACNA1H_42211,OID42211,CACNA1H,O95180,3,0.00,78.01,32.57,0.70,0.46,22.00,0.56,0.86,0.55,-3.41,6.13,0.02,0.82,FALSE,FALSE,0.11,0.11,0.11,,,,,
CACNB1_42212,OID42212,CACNB1,Q02641,3,0.00,81.21,372.23,-2.29,2.94,22.00,-0.92,3.18,-0.35,-6.48,11.53,0.00,0.00,FALSE,FALSE,0.02,0.02,0.02,,,,,
CACNB3_43441,OID43441,CACNB3,P54284,4,0.00,37.30,17.25,2.48,0.24,22.00,2.72,0.72,2.73,-0.55,6.72,0.01,0.99,FALSE,FALSE,0.52,0.51,0.52,,,seq.24237.115,0.51,
CACNB4_40083,OID40083,CACNB4,O00305,1,0.00,86.08,24.91,0.60,0.41,22.00,0.30,0.52,0.29,-2.22,3.34,0.01,0.98,FALSE,FALSE,0.06,0.06,0.07,,,seq.11130.158,0.01,
CACTIN_40084,OID40084,CACTIN,Q8WUQ7,1,0.00,56.51,111.10,-4.62,2.50,22.00,-3.18,2.99,-2.62,-9.33,7.37,0.00,0.00,FALSE,FALSE,0.03,0.03,0.03,,,,,
CACYBP_44490,OID44490,CACYBP,Q9HB71,5,0.07,0.84,16.69,2.33,0.24,22.00,2.63,0.76,2.64,-0.95,7.48,0.00,1.00,FALSE,FALSE,0.71,0.71,0.72,prot.5553,0.78,seq.12432.23,0.83,4
CADPS_42213,OID42213,CADPS,Q9ULU8,3,0.00,82.39,39.98,-1.81,0.63,22.00,-1.61,1.14,-1.61,-9.21,6.73,0.02,0.99,FALSE,FALSE,0.04,0.04,0.05,,,,,
CAGE1_40085,OID40085,CAGE1,Q8TC20,1,0.00,52.33,48.13,-0.96,0.63,22.00,-0.70,1.52,-0.84,-9.41,7.76,0.02,1.00,FALSE,FALSE,0.04,0.03,0.04,,,,,
CALB1_43442,OID43442,CALB1,P05937,4,0.00,0.00,13.11,0.47,0.20,22.00,0.46,0.56,0.49,-3.13,3.77,0.01,0.97,FALSE,FALSE,0.21,0.20,0.22,,,seq.9918.23,-0.01,
CALB2_42214,OID42214,CALB2,P22676,3,0.00,91.65,35.24,-0.61,0.64,22.00,-0.56,0.90,-0.46,-8.87,2.60,0.01,0.99,FALSE,FALSE,0.08,0.08,0.08,,,seq.16803.4,0.12,
CALCA_43443,OID43443,CALCA,P01258,4,0.00,18.02,12.10,0.04,0.16,22.00,0.24,0.93,0.05,-1.59,6.79,0.00,0.99,FALSE,FALSE,0.29,0.28,0.30,prot.7339,0.14,,,
CALCB_43444,OID43444,CALCB,P10092,4,0.00,16.21,10.91,0.02,0.16,22.00,0.18,0.59,0.11,-1.24,4.53,0.02,0.97,FALSE,FALSE,0.33,0.32,0.33,,,seq.17170.15,0.36,
CALCOCO1_43445,OID43445,CALCOCO1,Q9P1Z2,4,0.00,0.00,24.05,2.77,0.37,22.00,3.75,0.85,3.81,-0.96,7.30,0.01,0.93,FALSE,FALSE,0.56,0.56,0.57,prot.5855,0.68,,,4
CALCOCO2_43446,OID43446,CALCOCO2,Q13137,4,0.00,49.62,27.64,0.60,0.36,22.00,0.99,0.74,0.98,-2.05,4.67,0.00,0.99,FALSE,FALSE,0.30,0.30,0.31,prot.3377,0.28,seq.12534.10,0.01,
CALML4_43447,OID43447,CALML4,Q96GE6,4,0.00,44.75,11.51,-0.12,0.17,22.00,0.19,0.48,0.16,-1.18,2.78,0.01,0.89,FALSE,FALSE,0.19,0.18,0.19,,,seq.30364.26,0.09,
CALML6_40921,OID40921,CALML6,Q8TD86,2,0.14,87.32,66.64,-0.77,1.08,22.00,-0.62,1.67,-0.34,-7.33,6.06,0.00,0.37,FALSE,FALSE,0.02,0.02,0.02,,,,,
CALY_42215,OID42215,CALY,Q9NYX4,3,0.00,55.67,226.59,-1.63,3.31,22.00,-0.01,3.30,0.25,-6.29,11.21,0.00,0.00,FALSE,FALSE,0.02,0.02,0.02,,,seq.8924.55,0.02,
CAMK1G_40086,OID40086,CAMK1G,Q96NX5,1,0.00,81.28,222.29,0.21,2.31,22.00,0.57,2.29,0.06,-5.14,11.06,0.25,0.00,FALSE,FALSE,0.02,0.01,0.02,,,seq.29072.84,-0.03,
CAMK4_42216,OID42216,CAMK4,Q16566,3,0.00,22.69,16.12,-0.10,0.23,22.00,0.50,0.70,0.43,-1.79,5.63,0.01,0.99,FALSE,FALSE,0.15,0.14,0.16,,,seq.18904.23,-0.04,
CAMKK1_42217,OID42217,CAMKK1,Q8N5S9,3,0.00,67.36,41.79,0.88,0.60,22.00,0.82,0.60,0.84,-1.56,3.82,0.00,0.57,FALSE,FALSE,0.10,0.09,0.10,,,seq.18860.2,-0.08,
CAMLG_42218,OID42218,CAMLG,P49069,3,0.00,54.84,41.49,0.49,0.79,22.00,1.14,0.93,1.12,-3.12,5.88,0.00,0.93,FALSE,FALSE,0.30,0.30,0.30,prot.2718,0.30,seq.21140.19,0.40,
CAMSAP1_43448,OID43448,CAMSAP1,Q5T5Y3,4,0.00,2.16,28.65,2.95,0.46,22.00,3.14,0.81,3.20,-0.89,6.83,0.01,1.00,FALSE,FALSE,0.44,0.43,0.44,prot.3876,0.37,,,4
CAMSAP2_42219,OID42219,CAMSAP2,Q08AD1,3,0.00,43.56,35.54,0.57,0.52,22.00,0.80,1.20,0.55,-1.99,7.20,0.03,1.00,FALSE,FALSE,0.11,0.11,0.11,,,seq.32045.164,0.07,
CANT1_44491,OID44491,CANT1,Q8WVQ1,5,0.07,0.00,8.04,0.53,0.12,22.00,0.47,0.20,0.47,-0.75,1.25,0.00,1.00,TRUE,FALSE,0.34,0.33,0.35,prot.4665,0.15,seq.6480.1,0.17,
CAP2_42220,OID42220,CAP2,P40123,3,0.00,55.95,20.15,0.31,0.29,22.00,0.67,1.03,0.43,-1.30,8.45,0.04,1.00,FALSE,FALSE,0.05,0.05,0.06,,,seq.33586.164,-0.07,
CAPG_43449,OID43449,CAPG,P40121,4,0.00,25.33,13.78,-1.94,0.19,22.00,-0.86,0.66,-0.85,-3.38,3.00,0.00,0.99,TRUE,TRUE,0.34,0.34,0.35,prot.2588,0.24,seq.4968.50,0.25,
CAPN3_43450,OID43450,CAPN3,P20807,4,0.00,4.66,15.74,0.84,0.23,22.00,0.35,0.82,0.22,-1.56,8.42,0.02,1.00,FALSE,FALSE,0.37,0.36,0.37,prot.2239,0.30,seq.12385.4,0.45,
CAPN8_40922,OID40922,CAPN8,A6NHC0,2,0.14,74.29,99.33,-3.10,2.84,22.00,-0.08,2.20,-0.03,-7.59,6.92,0.00,0.55,FALSE,FALSE,0.04,0.03,0.04,,,,,
CAPRIN1_42221,OID42221,CAPRIN1,Q14444,3,0.00,14.96,21.20,1.00,0.31,22.00,1.34,0.56,1.33,-0.86,4.82,0.01,0.99,FALSE,FALSE,0.38,0.38,0.39,prot.3518,0.39,seq.28173.35,0.31,
CAPRIN2_40923,OID40923,CAPRIN2,Q6IMN6,2,0.14,73.87,113.27,-0.40,1.93,22.00,-0.54,2.42,-0.08,-7.58,6.90,0.00,0.00,FALSE,FALSE,0.02,0.02,0.02,,,,,
CAPSL_40087,OID40087,CAPSL,Q8WWF8,1,0.00,79.68,183.02,-0.11,3.60,22.00,1.43,3.59,0.72,-6.42,9.71,0.00,0.00,FALSE,FALSE,0.01,0.00,0.01,,,seq.13688.2,-0.03,
CAPS_43451,OID43451,CAPS,Q13938,4,0.00,34.73,24.58,3.08,0.59,22.00,0.41,0.90,0.26,-1.21,7.02,0.03,1.00,FALSE,FALSE,0.39,0.38,0.39,prot.3468,0.50,seq.21143.10,0.46,
CARHSP1_42222,OID42222,CARHSP1,Q9Y2V2,3,0.00,26.17,62.89,1.90,0.50,22.00,2.32,0.77,2.25,0.26,6.32,0.00,0.95,FALSE,FALSE,0.51,0.51,0.52,prot.6154,0.58,seq.12808.103,0.40,
CASC3_42223,OID42223,CASC3,O15234,3,0.00,84.55,62.86,0.87,0.91,22.00,1.41,1.13,1.44,-6.71,6.65,0.01,0.99,FALSE,FALSE,0.16,0.15,0.16,prot.1172,0.04,seq.27119.106,0.05,
CASKIN1_40088,OID40088,CASKIN1,Q8WXD9,1,0.00,81.14,88.53,-3.53,2.63,22.00,-3.15,2.69,-2.41,-8.93,5.06,0.00,0.00,FALSE,FALSE,0.02,0.02,0.02,,,,,
CASKIN2_40924,OID40924,CASKIN2,Q8WXE0,2,0.14,63.41,26.23,-1.92,0.41,22.00,-1.38,1.41,-1.58,-9.51,5.80,0.00,0.99,FALSE,FALSE,0.06,0.06,0.07,prot.4689,0.07,,,
CASP10_43452,OID43452,CASP10,Q92851,4,0.00,4.73,13.84,-0.20,0.21,22.00,0.12,0.56,0.03,-1.14,6.08,0.03,1.00,FALSE,FALSE,0.18,0.18,0.19,,,seq.5340.24,0.10,
CASP1_42224,OID42224,CASP1,P29466,3,0.00,74.67,43.23,-0.83,0.56,22.00,-0.84,0.61,-0.82,-3.73,1.03,0.00,1.00,FALSE,FALSE,0.14,0.13,0.14,prot.7032,0.13,seq.34203.160,0.05,
CASP2_43453,OID43453,CASP2,P42575,4,0.00,12.46,17.61,-0.29,0.26,22.00,0.16,0.65,0.13,-2.06,4.71,0.01,1.00,FALSE,FALSE,0.31,0.31,0.32,prot.2627,0.38,seq.4904.7,-0.15,
CASP3_45050,OID45050,CASP3,P42574,6,1.11,7.32,10.67,2.97,0.16,21.00,3.20,0.66,3.22,0.00,6.62,0.00,1.00,FALSE,FALSE,0.67,0.67,0.67,prot.2626,0.67,seq.3593.72,0.73,4
CASP4_42225,OID42225,CASP4,P49662,3,0.00,40.22,29.63,-5.55,0.43,22.00,-3.63,2.17,-4.01,-10.20,9.17,0.01,0.99,FALSE,FALSE,0.13,0.12,0.13,prot.2745,-0.02,seq.22092.43,-0.02,
CASP7_43454,OID43454,CASP7,P55210,4,0.00,41.48,32.43,2.48,0.43,22.00,2.38,0.77,2.38,-0.31,6.48,0.00,0.99,FALSE,FALSE,0.42,0.42,0.43,prot.2924,0.29,seq.21513.1,0.14,
CASP8AP2_40925,OID40925,CASP8AP2,Q9UKL3,2,0.14,39.16,30.21,-0.15,0.46,22.00,-0.70,1.58,-0.86,-7.95,7.61,0.00,1.00,FALSE,FALSE,0.10,0.10,0.11,,,,,
CASP8_43455,OID43455,CASP8,Q14790,4,0.00,41.06,28.40,-1.44,0.47,22.00,-1.27,0.65,-1.26,-3.52,1.32,0.00,1.00,FALSE,FALSE,0.27,0.26,0.27,prot.3552,0.23,seq.18158.4,-0.01,
CASP9_43456,OID43456,CASP9,P55211,4,0.00,38.76,23.46,0.73,0.42,22.00,0.59,0.57,0.68,-2.12,2.75,0.01,1.00,FALSE,FALSE,0.23,0.23,0.23,prot.2925,0.24,,,
CASQ2_42226,OID42226,CASQ2,O14958,3,0.00,87.27,61.23,0.07,1.00,22.00,-0.21,1.75,0.07,-7.62,5.46,0.05,0.81,FALSE,FALSE,0.03,0.03,0.03,prot.7235,-0.04,seq.19291.2,0.01,
CAST_42227,OID42227,CAST,P20810,3,0.00,36.60,23.84,0.89,0.34,22.00,0.85,0.52,0.84,-0.96,4.78,0.00,0.69,TRUE,FALSE,0.33,0.32,0.33,prot.2240,0.38,seq.3026.5,-0.01,
CASZ1_40926,OID40926,CASZ1,Q86V15,2,0.14,82.86,55.41,-0.24,1.53,22.00,0.10,1.74,0.33,-7.03,5.78,0.00,0.98,FALSE,FALSE,0.01,0.01,0.02,prot.7279,0.00,,,
CAT_45323,OID45323,CAT,P04040,7,0.07,5.43,28.31,1.42,0.29,22.00,1.38,0.66,1.31,-0.27,5.73,0.00,0.99,TRUE,FALSE,0.71,0.71,0.72,prot.1750,0.11,seq.3488.64,0.88,
CBLB_42228,OID42228,CBLB,Q13191,3,0.00,59.99,43.38,-0.36,0.58,22.00,0.25,0.88,0.20,-4.00,6.25,0.01,0.95,FALSE,FALSE,0.08,0.07,0.08,prot.3390,0.05,seq.32049.21,-0.01,
CBLIF_44492,OID44492,CBLIF,P27352,5,0.07,0.00,5.92,0.52,0.09,22.00,0.37,0.94,0.37,-3.98,3.86,0.00,0.94,FALSE,FALSE,0.75,0.74,0.77,,,seq.17672.184,0.95,
CBLL2_40927,OID40927,CBLL2,Q8N7E2,2,0.14,77.00,88.58,-5.80,2.23,22.00,-3.35,2.41,-3.09,-10.07,5.25,0.00,0.00,FALSE,FALSE,0.01,0.01,0.01,,,,,
CBLN1_42229,OID42229,CBLN1,P23435,3,0.00,76.69,68.36,-2.55,1.46,22.00,-1.89,2.38,-1.88,-8.83,9.49,0.07,0.45,FALSE,FALSE,0.06,0.06,0.06,,,seq.9313.27,0.03,
CBLN2_45051,OID45051,CBLN2,Q8IUK8,6,1.11,8.09,9.36,-0.23,0.13,21.00,-0.08,0.47,-0.10,-1.65,1.69,0.00,0.99,TRUE,FALSE,0.56,0.54,0.57,,,seq.21887.2,0.53,
CBLN4_43457,OID43457,CBLN4,Q9NTU7,4,0.00,23.31,13.98,0.54,0.20,22.00,0.94,0.42,0.93,-0.88,4.04,0.01,0.95,FALSE,FALSE,0.49,0.49,0.50,,,seq.5688.65,0.70,
CBR3_40928,OID40928,CBR3,O75828,2,0.14,71.29,28.03,-0.09,0.43,22.00,-0.13,0.82,-0.21,-2.54,5.77,0.00,0.99,FALSE,FALSE,0.13,0.13,0.13,prot.1448,-0.01,seq.14091.42,0.16,
CBS_43458,OID43458,CBS,P35520,4,0.00,49.55,21.40,-1.25,0.31,22.00,-1.87,0.97,-1.96,-5.07,5.28,0.00,1.00,FALSE,FALSE,0.46,0.45,0.46,,,seq.29727.42,0.75,
CBX4_40929,OID40929,CBX4,O00257,2,0.14,69.06,58.73,-1.73,1.28,22.00,0.29,2.19,0.24,-7.53,9.88,0.00,0.99,FALSE,FALSE,0.04,0.04,0.04,,,,,
CBY1_40930,OID40930,CBY1,Q9Y3M2,2,0.14,67.67,81.73,-0.58,1.25,22.00,0.38,1.49,0.44,-6.79,6.49,0.00,0.72,FALSE,FALSE,0.05,0.04,0.05,,,,,
CBY2_40089,OID40089,CBY2,Q8NA61,1,0.00,88.73,96.51,-1.16,2.23,22.00,-0.07,1.87,0.21,-7.20,6.43,0.04,0.76,FALSE,FALSE,0.02,0.02,0.02,,,,,
CC2D1A_43460,OID43460,CC2D1A,Q6P1N0,4,0.00,0.00,22.33,0.90,0.26,22.00,1.43,0.58,1.38,-0.65,4.64,0.01,0.99,FALSE,FALSE,0.53,0.53,0.54,prot.3997,0.72,,,
CC2D1B_40931,OID40931,CC2D1B,Q5T0F9,2,0.14,92.61,27.81,-2.67,0.40,22.00,-2.29,0.99,-2.43,-5.94,7.58,0.00,0.41,FALSE,FALSE,0.03,0.03,0.04,prot.3855,-0.01,seq.30470.114,0.00,
CCAR1_43461,OID43461,CCAR1,Q8IX12,4,0.00,1.18,10.95,-0.72,0.16,22.00,-0.25,0.43,-0.28,-1.65,1.93,0.00,0.96,FALSE,FALSE,0.25,0.24,0.25,prot.7128,0.18,,,
CCAR2_43462,OID43462,CCAR2,Q8N163,4,0.00,7.72,21.16,1.21,0.32,22.00,1.43,0.77,1.41,-0.72,8.85,0.01,0.97,FALSE,FALSE,0.28,0.27,0.28,prot.7423,0.10,seq.31492.46,0.01,
CCBE1_44493,OID44493,CCBE1,Q6UXH8,5,0.07,0.00,14.15,0.22,0.20,22.00,0.23,0.37,0.21,-1.24,1.84,0.00,1.00,TRUE,FALSE,0.43,0.42,0.43,prot.4065,0.28,,,
CCDC102A_42230,OID42230,CCDC102A,Q96A19,3,0.00,55.11,34.62,0.28,0.47,22.00,0.42,0.69,0.40,-2.76,4.17,0.01,0.92,FALSE,FALSE,0.13,0.12,0.13,,,,,
CCDC102B_42231,OID42231,CCDC102B,Q68D86,3,0.00,82.95,24.85,1.34,0.42,22.00,-0.88,0.89,-1.02,-3.21,6.36,0.02,1.00,FALSE,FALSE,0.06,0.05,0.06,prot.6656,0.07,,,
CCDC117_40932,OID40932,CCDC117,Q8IWD4,2,0.14,64.39,33.37,-0.57,0.57,22.00,0.07,0.88,-0.05,-2.18,5.88,0.00,0.99,FALSE,FALSE,0.05,0.05,0.05,,,seq.32463.6,0.08,
CCDC121_40090,OID40090,CCDC121,Q6ZUS5,1,0.00,71.75,222.89,0.17,3.11,22.00,0.88,3.70,0.47,-6.11,13.17,0.00,0.00,FALSE,FALSE,0.02,0.01,0.02,,,,,
CCDC125_40933,OID40933,CCDC125,Q86Z20,2,0.14,57.84,30.42,-0.37,0.49,22.00,-1.75,1.65,-1.79,-9.30,4.65,0.00,0.98,FALSE,FALSE,0.05,0.05,0.06,,,,,
CCDC127_40934,OID40934,CCDC127,Q96BQ5,2,0.14,74.15,26.00,0.21,0.43,22.00,-1.13,1.21,-1.32,-4.24,5.14,0.00,1.00,FALSE,FALSE,0.05,0.04,0.05,prot.4844,0.07,,,
CCDC134_43463,OID43463,CCDC134,Q9H6E4,4,0.00,43.98,24.33,1.38,0.36,22.00,1.45,0.72,1.41,-1.16,8.10,0.01,0.99,FALSE,FALSE,0.48,0.47,0.48,prot.5494,0.24,seq.15300.66,0.61,
CCDC137_40936,OID40936,CCDC137,Q6PK04,2,0.14,80.84,72.76,-1.70,1.71,22.00,-0.85,1.77,-0.70,-7.94,7.64,0.00,0.74,FALSE,FALSE,0.02,0.01,0.02,,,,,
CCDC138_40937,OID40937,CCDC138,Q96M89,2,0.14,69.48,49.46,-7.28,0.82,22.00,-6.06,2.04,-6.18,-14.03,1.85,0.00,0.99,FALSE,FALSE,0.05,0.04,0.05,prot.5015,0.03,,,
CCDC13_40935,OID40935,CCDC13,Q8IYE1,2,0.14,79.09,69.26,0.27,0.91,22.00,0.27,1.56,0.44,-6.82,4.78,0.00,0.85,TRUE,TRUE,0.12,0.12,0.13,,,,,
CCDC140_40939,OID40939,CCDC140,Q96MF4,2,0.14,85.02,38.70,-0.71,0.55,22.00,-0.33,0.93,-0.36,-3.85,5.15,0.00,0.99,FALSE,FALSE,0.02,0.02,0.02,,,seq.25409.5,0.01,
CCDC144CP_40940,OID40940,CCDC144CP,Q8IYA2,2,0.14,80.14,32.05,-0.78,0.47,22.00,-0.50,0.79,-0.55,-3.29,6.06,0.00,0.99,FALSE,FALSE,0.03,0.03,0.03,,,,,
CCDC148_40941,OID40941,CCDC148,Q8NFR7,2,0.14,73.66,55.91,-0.44,1.06,22.00,-0.08,1.19,-0.15,-7.12,5.18,0.00,1.00,FALSE,FALSE,0.01,0.01,0.01,,,,,
CCDC14_40938,OID40938,CCDC14,Q49A88,2,0.14,68.64,93.19,0.57,1.10,22.00,1.38,2.12,1.24,-6.87,8.19,0.00,0.92,FALSE,FALSE,0.12,0.12,0.13,,,,,
CCDC150_42232,OID42232,CCDC150,Q8NCX0,3,0.00,68.62,10.48,1.07,0.15,22.00,-1.82,1.47,-1.99,-10.85,4.70,0.01,0.99,FALSE,FALSE,0.21,0.20,0.22,prot.4504,,,,
CCDC157_40942,OID40942,CCDC157,Q569K6,2,0.14,73.10,67.08,-4.59,1.80,22.00,-3.98,2.21,-3.59,-9.89,4.71,0.00,0.00,FALSE,FALSE,0.01,0.01,0.01,,,,,
CCDC168_40943,OID40943,CCDC168,Q8NDH2,2,0.14,67.32,43.28,0.43,0.67,22.00,-1.14,3.00,-0.63,-6.90,11.00,0.00,0.00,FALSE,FALSE,0.01,0.01,0.01,prot.4512,-0.02,,,
CCDC169_40944,OID40944,CCDC169,A6NNP5,2,0.14,83.97,66.23,-0.42,1.60,22.00,-0.15,1.41,-0.07,-7.14,8.05,0.00,1.00,FALSE,FALSE,-0.01,-0.01,-0.01,,,seq.34237.2,-0.05,
CCDC170_40945,OID40945,CCDC170,Q8IYT3,2,0.14,57.63,28.57,-0.86,0.47,22.00,-0.68,0.70,-0.72,-2.70,5.52,0.00,0.99,FALSE,FALSE,0.02,0.01,0.02,,,seq.32112.15,-0.02,
CCDC172_40091,OID40091,CCDC172,P0C7W6,1,0.00,83.51,102.81,-2.95,2.69,22.00,-2.59,2.58,-1.81,-7.85,5.78,0.00,0.00,FALSE,FALSE,0.01,0.01,0.01,,,seq.32871.192,0.01,
CCDC181_40092,OID40092,CCDC181,Q5TID7,1,0.00,53.72,53.90,0.23,0.67,22.00,0.34,0.72,0.34,-2.68,3.22,0.00,0.99,FALSE,FALSE,0.02,0.02,0.03,,,seq.34895.2,-0.04,
CCDC197_40946,OID40946,CCDC197,Q8NCU1,2,0.14,79.02,69.81,-0.53,1.17,22.00,-0.20,1.59,-0.14,-7.33,6.74,0.00,0.97,FALSE,FALSE,-0.01,-0.01,0.00,,,seq.34814.5,-0.05,
CCDC24_40947,OID40947,CCDC24,Q8N4L8,2,0.14,88.43,66.91,-0.49,0.98,22.00,0.16,1.14,0.12,-6.66,5.31,0.00,1.00,FALSE,FALSE,0.02,0.01,0.02,,,seq.23356.32,0.02,
CCDC28A_43464,OID43464,CCDC28A,Q8IWP9,4,0.00,91.51,22.70,-0.46,0.34,22.00,-0.33,0.62,-0.38,-2.53,3.53,0.02,0.93,FALSE,FALSE,0.06,0.06,0.06,,,seq.29327.66,0.02,
CCDC28B_40949,OID40949,CCDC28B,Q9BUN5,2,0.14,37.14,16.16,-0.74,0.23,22.00,-0.53,0.67,-0.64,-2.52,5.46,0.00,1.00,FALSE,FALSE,0.25,0.24,0.25,prot.5246,0.19,seq.30023.59,0.33,
CCDC30_40093,OID40093,CCDC30,Q5VVM6,1,0.00,95.55,250.35,-0.02,2.66,22.00,0.25,2.85,0.23,-7.13,9.43,0.00,0.04,FALSE,FALSE,0.02,0.02,0.02,,,seq.35124.84,0.03,
CCDC33_40094,OID40094,CCDC33,Q8N5R6,1,0.00,88.94,45.05,-0.27,0.74,22.00,-0.18,1.11,-0.20,-7.61,6.50,0.02,0.99,FALSE,FALSE,0.01,0.01,0.01,,,,,
CCDC40_40950,OID40950,CCDC40,Q4G0X9,2,0.14,76.45,73.42,-2.19,1.64,22.00,-1.24,1.39,-1.13,-8.29,3.88,0.00,1.00,FALSE,FALSE,0.02,0.02,0.02,,,,,
CCDC43_40951,OID40951,CCDC43,Q96MW1,2,0.14,2.93,19.83,0.32,0.28,22.00,0.69,0.91,0.54,-1.53,7.86,0.00,0.98,FALSE,FALSE,0.38,0.38,0.39,prot.5020,0.48,seq.21595.8,-0.08,
CCDC50_43465,OID43465,CCDC50,Q8IVM0,4,0.00,11.69,19.67,0.30,0.31,22.00,0.62,0.60,0.54,-0.77,8.36,0.02,0.99,FALSE,FALSE,0.20,0.20,0.21,prot.7126,0.11,seq.12399.194,0.14,
CCDC63_40952,OID40952,CCDC63,Q8NA47,2,0.14,77.84,23.72,-0.04,0.37,22.00,0.08,0.51,0.04,-1.49,2.92,0.00,1.00,FALSE,FALSE,0.03,0.03,0.04,prot.4469,0.00,,,
CCDC65_40953,OID40953,CCDC65,Q8IXS2,2,0.14,89.34,79.23,-0.76,1.48,22.00,-0.48,2.05,-0.12,-6.89,5.62,0.00,0.01,FALSE,FALSE,0.01,0.01,0.01,,,seq.29296.14,0.00,
CCDC66_40954,OID40954,CCDC66,A2RUB6,2,0.14,79.30,56.04,-1.92,1.26,22.00,-0.94,1.88,-0.75,-7.55,8.51,0.00,0.24,FALSE,FALSE,0.02,0.02,0.02,prot.6389,,,,
CCDC69_40095,OID40095,CCDC69,A6NI79,1,0.00,84.34,31.02,4.07,0.47,22.00,-0.12,1.26,-0.19,-7.95,6.27,0.02,0.92,FALSE,FALSE,0.04,0.03,0.04,,,seq.20932.10,0.02,
CCDC73_40956,OID40956,CCDC73,Q6ZRK6,2,0.14,74.84,113.26,-1.10,2.09,22.00,0.06,2.05,0.33,-6.86,8.27,0.00,0.22,FALSE,FALSE,-0.01,-0.01,-0.01,prot.7107,-0.06,,,
CCDC7_40955,OID40955,CCDC7,Q96M83,2,0.14,51.15,51.01,-1.35,1.39,22.00,-1.26,2.75,-0.97,-7.77,8.67,0.00,0.00,FALSE,FALSE,0.02,0.02,0.02,prot.5014,,,,
CCDC80_44494,OID44494,CCDC80,Q76M96,5,0.07,0.00,8.65,0.81,0.13,22.00,1.11,0.40,1.09,-0.23,3.26,0.00,1.00,FALSE,FALSE,0.59,0.57,0.59,prot.4128,0.61,seq.3234.23,0.72,
CCDC85A_42233,OID42233,CCDC85A,Q96PX6,3,0.00,13.22,14.43,0.85,0.21,22.00,0.74,0.65,0.68,-0.83,6.30,0.01,0.99,FALSE,FALSE,0.26,0.25,0.26,,,,,
CCDC88B_40957,OID40957,CCDC88B,A6NC98,2,0.14,79.51,27.63,-1.65,0.41,22.00,-1.50,0.78,-1.48,-9.32,1.81,0.00,1.00,FALSE,FALSE,0.07,0.06,0.07,prot.526,0.08,seq.31979.48,0.01,
CCDC89_40958,OID40958,CCDC89,Q8N998,2,0.14,77.91,27.74,2.33,0.39,22.00,0.06,0.95,-0.01,-3.83,4.06,0.00,0.97,FALSE,FALSE,0.06,0.05,0.06,,,seq.23596.17,0.00,
CCDC91_40959,OID40959,CCDC91,Q7Z6B0,2,0.14,80.49,42.49,0.14,0.65,22.00,0.68,1.05,0.66,-7.09,9.13,0.00,0.98,FALSE,FALSE,0.11,0.11,0.11,prot.4198,0.16,seq.27239.218,-0.02,
CCER2_43466,OID43466,CCER2,I3L3R5,4,0.00,15.87,8.04,0.36,0.12,22.00,0.52,0.71,0.46,-1.39,5.03,0.00,1.00,FALSE,FALSE,0.44,0.42,0.45,prot.7741,,seq.29456.16,0.59,
CCHCR1_40960,OID40960,CCHCR1,Q8TD31,2,0.14,55.96,35.31,0.03,0.52,22.00,0.39,1.01,0.31,-5.44,5.88,0.00,0.99,TRUE,TRUE,0.15,0.14,0.15,prot.4604,,,,
CCK_43467,OID43467,CCK,P06307,4,0.00,8.14,55.08,2.97,0.63,22.00,4.06,1.11,4.04,1.26,8.65,0.00,0.99,FALSE,FALSE,0.54,0.53,0.54,,,seq.6918.183,0.58,
CCL11_43468,OID43468,CCL11,P51671,4,0.00,0.00,10.48,0.31,0.15,22.00,0.68,0.57,0.65,-1.62,3.47,0.00,0.99,FALSE,FALSE,0.65,0.65,0.66,prot.7350,0.44,seq.5301.7,0.89,
CCL13_44495,OID44495,CCL13,Q99616,5,0.07,26.67,9.55,0.50,0.14,22.00,0.58,0.64,0.58,-1.51,3.47,0.00,1.00,TRUE,FALSE,0.57,0.56,0.57,prot.7159,0.53,seq.4144.13,-0.09,
CCL14_45324,OID45324,CCL14,Q16627,7,0.07,0.00,9.28,-0.62,0.14,22.00,-0.11,0.42,-0.10,-1.61,2.84,0.00,0.98,TRUE,FALSE,0.71,0.71,0.72,prot.3697,0.69,seq.2900.53,0.80,
CCL15_45052,OID45052,CCL15,Q16663,6,1.11,1.97,16.73,0.21,0.24,21.00,-0.03,0.63,-0.13,-1.65,2.87,0.00,0.90,TRUE,FALSE,0.71,0.71,0.72,prot.3702,0.21,seq.18289.16,0.85,
CCL16_45053,OID45053,CCL16,O15467,6,1.11,4.79,9.33,-0.75,0.13,21.00,-0.67,0.96,-0.53,-5.07,2.46,0.00,0.97,TRUE,TRUE,0.76,0.76,0.76,prot.1196,0.83,seq.4913.78,0.88,
CCL17_44496,OID44496,CCL17,Q92583,5,0.07,19.01,11.14,-0.23,0.16,22.00,0.81,0.82,0.78,-1.51,4.81,0.00,0.78,TRUE,FALSE,0.72,0.72,0.75,prot.4725,0.66,seq.3519.3,0.90,
CCL18_45325,OID45325,CCL18,P55774,7,0.07,0.00,14.23,-1.31,0.22,22.00,-0.20,0.73,-0.20,-2.58,5.39,0.00,0.99,TRUE,FALSE,0.71,0.71,0.72,prot.2938,0.84,seq.3044.3,0.82,
CCL19_44497,OID44497,CCL19,Q99731,5,0.07,0.00,14.16,-0.03,0.20,22.00,0.42,1.07,0.19,-1.65,6.74,0.00,0.99,FALSE,FALSE,0.65,0.64,0.66,,,seq.4922.13,0.66,
CCL1_40961,OID40961,CCL1,P22362,2,0.14,90.80,87.57,-0.96,2.05,22.00,0.01,1.44,0.20,-6.82,4.13,0.00,0.99,FALSE,FALSE,0.08,0.08,0.08,,,seq.13687.5,0.10,
CCL20_43469,OID43469,CCL20,P78556,4,0.00,0.00,66.37,-1.90,0.53,22.00,-0.36,1.06,-0.52,-2.67,4.89,0.01,1.00,FALSE,FALSE,0.38,0.37,0.38,prot.7599,0.44,seq.2468.62,0.03,
CCL21_44499,OID44499,CCL21,O00585,5,0.07,0.14,11.41,1.03,0.17,22.00,1.25,0.51,1.24,-0.50,5.68,0.00,0.99,FALSE,FALSE,0.63,0.62,0.63,prot.1067,0.65,seq.2516.57,0.62,
CCL22_44500,OID44500,CCL22,O00626,5,0.07,0.07,10.15,-0.84,0.14,22.00,-0.03,0.61,0.01,-4.47,1.94,0.00,0.98,TRUE,TRUE,0.69,0.68,0.69,,,seq.22993.9,0.79,
CCL23_44501,OID44501,CCL23,P55773,5,0.07,0.00,11.91,-0.88,0.18,22.00,-0.20,0.46,-0.21,-1.77,1.83,0.00,0.98,TRUE,FALSE,0.63,0.62,0.64,prot.2936,0.46,seq.2913.1,0.71,
CCL24_44502,OID44502,CCL24,O00175,5,0.07,0.56,10.39,0.55,0.15,22.00,-0.33,0.86,-0.40,-2.80,2.73,0.00,0.92,TRUE,FALSE,0.78,0.76,0.78,prot.1014,0.92,seq.4128.27,0.00,
CCL25_43470,OID43470,CCL25,O15444,4,0.00,5.43,12.00,-0.39,0.18,22.00,0.41,0.64,0.42,-1.47,3.27,0.00,0.96,TRUE,TRUE,0.52,0.51,0.53,,,seq.14068.29,0.61,
CCL26_43471,OID43471,CCL26,Q9Y258,4,0.00,37.37,24.38,0.45,0.32,22.00,0.92,0.89,0.83,-2.88,10.79,0.01,1.00,FALSE,FALSE,0.27,0.27,0.27,prot.7194,0.10,seq.9168.31,0.21,
CCL27_44503,OID44503,CCL27,Q9Y4X3,5,0.07,0.00,12.74,-0.91,0.18,22.00,-0.47,0.60,-0.51,-2.13,2.04,0.00,1.00,TRUE,TRUE,0.58,0.58,0.59,prot.6224,0.53,seq.2192.63,0.23,
CCL28_43472,OID43472,CCL28,Q9NRJ3,4,0.00,1.88,14.64,1.28,0.24,22.00,1.73,0.68,1.66,-0.04,6.10,0.01,0.99,FALSE,FALSE,0.60,0.59,0.61,prot.6852,0.44,seq.2890.59,0.81,
CCL2_44498,OID44498,CCL2,P13500,5,0.07,0.00,9.24,0.25,0.12,22.00,0.36,0.47,0.32,-0.89,5.82,0.00,1.00,FALSE,FALSE,0.63,0.62,0.64,,,seq.35554.7,0.68,
CCL3_43473,OID43473,CCL3,P10147,4,0.00,1.18,12.42,-1.18,0.18,22.00,-0.58,0.59,-0.64,-2.19,5.88,0.01,0.96,TRUE,TRUE,0.36,0.35,0.38,,,seq.3040.59,0.23,
CCL4_44504,OID44504,CCL4,P13236,5,0.07,23.40,11.30,0.43,0.16,22.00,0.21,0.67,0.18,-1.78,5.57,0.00,0.96,TRUE,FALSE,0.33,0.31,0.34,,,seq.29479.117,-0.08,
CCL5_45326,OID45326,CCL5,P13501,7,0.07,0.07,19.01,2.51,0.31,22.00,2.47,1.02,2.52,-2.63,6.99,0.00,0.99,TRUE,FALSE,0.75,0.74,0.76,prot.2067,0.88,seq.5480.49,0.87,
CCL7_43474,OID43474,CCL7,P80098,4,0.00,36.53,18.69,-1.55,0.27,22.00,-0.80,0.85,-0.91,-2.81,5.73,0.02,0.99,FALSE,FALSE,0.30,0.29,0.30,,,seq.22969.12,0.31,
CCL8_43475,OID43475,CCL8,P80075,4,0.00,0.00,9.48,0.37,0.14,22.00,-0.04,0.90,0.10,-2.52,5.70,0.00,0.51,TRUE,TRUE,0.65,0.64,0.65,,,seq.13748.4,0.86,
CCN1_43476,OID43476,CCN1,O00622,4,0.00,3.20,38.63,-0.87,0.46,22.00,0.05,0.92,0.06,-2.29,2.25,0.00,0.91,FALSE,FALSE,0.30,0.30,0.31,prot.1071,0.29,seq.6264.9,0.08,
CCN2_44505,OID44505,CCN2,P29279,5,0.07,20.54,12.88,1.27,0.20,22.00,0.93,0.57,0.90,-0.78,3.69,0.00,0.99,TRUE,FALSE,0.65,0.64,0.66,prot.2411,0.84,seq.2975.19,0.11,
CCN3_45054,OID45054,CCN3,P48745,6,1.11,17.73,12.53,0.56,0.18,21.00,0.40,0.49,0.37,-1.59,3.10,0.00,1.00,TRUE,TRUE,0.37,0.36,0.37,prot.2714,0.16,seq.2737.22,0.04,
CCN4_43477,OID43477,CCN4,O95388,4,0.00,0.00,7.50,0.54,0.11,22.00,0.42,0.37,0.38,-0.63,2.38,0.01,0.99,TRUE,FALSE,0.45,0.44,0.45,,,seq.13692.154,0.42,
CCN5_45055,OID45055,CCN5,O76076,6,1.11,1.97,9.86,0.86,0.15,21.00,1.03,0.47,1.02,-1.33,3.09,0.00,0.96,FALSE,FALSE,0.64,0.63,0.65,prot.1476,0.55,seq.6392.7,0.68,
CCND1_40096,OID40096,CCND1,P24385,1,0.00,72.93,120.91,-0.17,2.04,22.00,1.22,1.72,1.25,-7.68,7.02,0.00,0.99,FALSE,FALSE,0.10,0.10,0.11,,,seq.32932.69,0.05,
CCND2_42234,OID42234,CCND2,P30279,3,0.00,59.43,34.90,0.68,0.57,22.00,0.25,0.82,0.35,-8.04,2.30,0.01,0.95,FALSE,FALSE,0.07,0.07,0.07,,,seq.31914.102,-0.03,
CCNE1_42235,OID42235,CCNE1,P24864,3,0.00,79.33,50.23,-0.02,0.74,22.00,0.25,0.75,0.23,-3.79,6.39,0.02,0.99,FALSE,FALSE,0.03,0.03,0.03,,,seq.19767.20,0.00,
CCNL1_40962,OID40962,CCNL1,Q9UK58,2,0.14,51.50,38.49,-1.70,0.66,22.00,-0.61,1.51,-0.84,-4.95,7.46,0.00,0.95,FALSE,FALSE,0.09,0.09,0.09,,,,,
CCNL2_40963,OID40963,CCNL2,Q96S94,2,0.14,75.96,17.52,2.71,0.24,22.00,0.28,0.95,0.15,-2.55,6.77,0.00,0.98,FALSE,FALSE,0.16,0.15,0.16,,,,,
CCNYL2_40964,OID40964,CCNYL2,Q5T2Q4,2,0.14,80.84,58.26,-1.92,1.46,22.00,-0.61,2.19,-0.65,-8.07,10.90,0.00,0.99,FALSE,FALSE,0.01,0.01,0.01,,,,,
CCP110_40965,OID40965,CCP110,O43303,2,0.14,64.32,80.26,-0.44,1.37,22.00,0.99,1.52,0.92,-7.04,10.58,0.00,0.99,FALSE,FALSE,0.07,0.07,0.08,,,,,
CCSAP_40966,OID40966,CCSAP,Q6IQ19,2,0.14,19.44,10.67,0.91,0.16,22.00,-0.30,0.97,-0.53,-1.91,6.39,0.00,1.00,FALSE,FALSE,0.18,0.18,0.18,,,seq.34936.4,0.00,
CCS_43478,OID43478,CCS,O14618,4,0.00,42.45,31.38,1.79,0.44,22.00,1.94,0.62,1.92,-0.26,4.60,0.00,0.96,TRUE,TRUE,0.27,0.26,0.27,,,seq.13068.139,0.03,
CCT5_42236,OID42236,CCT5,P48643,3,0.00,78.22,23.70,0.25,0.33,22.00,0.27,0.53,0.27,-1.57,5.00,0.01,0.87,FALSE,FALSE,0.12,0.12,0.12,prot.2704,0.12,seq.12569.25,0.11,
CD101_43479,OID43479,CD101,Q93033,4,0.00,31.52,11.00,0.00,0.16,22.00,0.35,0.44,0.34,-1.44,5.67,0.01,1.00,TRUE,FALSE,0.26,0.25,0.27,prot.7145,0.17,,,
CD109_45056,OID45056,CD109,Q6YHK3,6,1.11,11.82,8.96,0.45,0.13,21.00,0.10,0.51,0.12,-7.46,1.46,0.00,0.99,TRUE,TRUE,0.54,0.53,0.55,prot.4080,0.17,seq.3290.50,0.69,
CD14_45327,OID45327,CD14,P08571,7,0.07,0.00,12.36,-0.06,0.18,22.00,0.22,0.47,0.20,-1.52,2.77,0.00,0.99,TRUE,FALSE,0.55,0.55,0.56,prot.1905,0.44,seq.8969.49,0.58,
CD160_43480,OID43480,CD160,O95971,4,0.00,25.61,12.08,0.10,0.17,22.00,0.77,0.50,0.74,-0.76,3.31,0.01,0.98,TRUE,TRUE,0.31,0.31,0.32,,,seq.17677.47,0.18,
CD163_45328,OID45328,CD163,Q86VB7,7,0.07,0.00,7.01,-0.39,0.10,22.00,0.36,0.50,0.38,-1.32,1.78,0.00,0.90,FALSE,FALSE,0.69,0.68,0.69,prot.7121,0.30,seq.5028.59,0.88,
CD164L2_42237,OID42237,CD164L2,Q6UWJ8,3,0.00,78.43,58.70,-0.78,0.82,22.00,-0.65,0.59,-0.63,-3.11,7.39,0.01,1.00,TRUE,TRUE,0.06,0.05,0.07,,,seq.6915.2,-0.02,
CD164_45057,OID45057,CD164,Q04900,6,1.11,31.81,27.96,0.48,0.29,21.00,0.41,0.34,0.39,-1.04,4.68,0.00,0.99,FALSE,FALSE,0.35,0.34,0.36,,,,,
CD177_45058,OID45058,CD177,Q8N6Q3,6,1.11,5.77,23.68,-2.39,0.44,21.00,-0.10,1.12,-0.05,-7.56,3.75,0.00,1.00,FALSE,FALSE,0.62,0.61,0.64,,,seq.13116.25,0.89,
CD1C_44506,OID44506,CD1C,P29017,5,0.07,0.00,10.17,-0.03,0.15,22.00,0.14,0.31,0.16,-2.17,0.91,0.00,0.99,FALSE,FALSE,0.30,0.29,0.31,,,seq.20588.49,0.04,
CD200R1L_40967,OID40967,CD200R1L,Q6Q8B3,2,0.14,96.03,55.56,0.13,0.86,22.00,-0.83,1.78,-0.54,-7.32,4.37,0.00,0.14,FALSE,FALSE,0.03,0.03,0.03,,,seq.8980.19,0.04,
CD200R1_43482,OID43482,CD200R1,Q8TD46,4,0.00,0.00,7.10,0.22,0.10,22.00,0.59,0.45,0.52,-0.84,2.14,0.00,0.95,TRUE,FALSE,0.33,0.33,0.35,prot.7425,-0.01,seq.5103.30,0.13,
CD200_43481,OID43481,CD200,P41217,4,0.00,71.05,15.48,0.23,0.23,22.00,0.43,0.37,0.44,-1.20,2.80,0.00,1.00,TRUE,FALSE,0.27,0.27,0.28,,,seq.5112.73,0.28,
CD207_43483,OID43483,CD207,Q9UJ71,4,0.00,30.20,29.57,-0.08,0.42,22.00,-0.09,0.58,-0.05,-3.81,2.43,0.00,1.00,TRUE,TRUE,0.16,0.16,0.18,prot.7680,,seq.3361.26,0.04,
CD226_43485,OID43485,CD226,Q15762,4,0.00,26.79,17.77,0.14,0.25,22.00,0.51,0.41,0.48,-0.76,2.78,0.01,0.97,TRUE,TRUE,0.32,0.31,0.32,prot.3654,0.37,seq.5721.1,0.28,
CD22_43484,OID43484,CD22,P20273,4,0.00,16.14,11.80,0.21,0.17,22.00,0.41,0.50,0.41,-1.26,2.28,0.00,1.00,FALSE,FALSE,0.35,0.35,0.36,prot.2223,0.25,seq.2891.1,0.15,
CD244_43486,OID43486,CD244,Q9BZW8,4,0.00,30.27,15.43,-0.01,0.23,22.00,0.55,0.35,0.53,-0.72,4.56,0.00,0.99,TRUE,FALSE,0.32,0.31,0.32,prot.5358,0.31,seq.5063.12,-0.02,
CD248_45059,OID45059,CD248,Q9HCU0,6,1.11,8.16,9.39,0.25,0.14,21.00,0.34,0.50,0.34,-2.60,2.17,0.00,0.99,FALSE,FALSE,0.63,0.62,0.63,prot.5580,0.51,seq.15491.20,0.77,
CD274_43487,OID43487,CD274,Q9NZQ7,4,0.00,14.75,18.19,-0.09,0.29,22.00,0.20,0.50,0.16,-1.62,3.94,0.02,0.99,TRUE,FALSE,0.25,0.25,0.26,prot.5830,0.20,seq.5060.62,0.25,
CD276_44508,OID44508,CD276,Q5ZPR3,5,0.07,0.00,6.04,0.59,0.09,22.00,0.58,0.46,0.60,-3.53,2.60,0.00,0.96,TRUE,TRUE,0.28,0.27,0.30,,,seq.34637.57,-0.03,
CD27_44507,OID44507,CD27,P26842,5,0.07,0.00,20.22,-0.59,0.35,22.00,0.43,0.57,0.41,-1.55,3.15,0.00,0.99,FALSE,FALSE,0.42,0.42,0.43,prot.6540,0.35,seq.5412.53,0.01,
CD28_42239,OID42239,CD28,P10747,3,0.00,52.40,35.90,-0.24,0.50,22.00,0.57,0.65,0.56,-2.74,7.14,0.01,0.96,FALSE,FALSE,0.23,0.23,0.24,,,seq.35755.21,0.33,
CD2AP_44509,OID44509,CD2AP,Q9Y5K6,5,0.07,6.62,26.75,1.65,0.34,22.00,1.99,0.62,1.97,-0.25,5.69,0.00,0.84,TRUE,FALSE,0.54,0.53,0.54,prot.6245,0.52,seq.21961.14,0.31,
CD2BP2_40968,OID40968,CD2BP2,O95400,2,0.14,85.16,28.95,-0.17,0.48,22.00,0.03,0.52,-0.03,-1.74,3.16,0.00,0.98,FALSE,FALSE,0.03,0.03,0.04,prot.7799,-0.06,seq.34933.28,0.00,
CD2_42238,OID42238,CD2,P06729,3,0.00,80.65,56.40,-0.93,0.95,22.00,-0.22,1.05,-0.14,-7.79,3.66,0.01,0.96,FALSE,FALSE,0.04,0.04,0.05,prot.1836,0.06,seq.7100.31,-0.03,
CD300A_44510,OID44510,CD300A,Q9UGN4,5,0.07,0.00,9.91,-0.42,0.15,22.00,0.04,0.39,0.04,-1.59,1.74,0.00,0.75,TRUE,FALSE,0.55,0.54,0.56,prot.5934,0.05,seq.5630.48,0.65,
CD300C_44511,OID44511,CD300C,Q08708,5,0.07,8.77,10.81,-0.28,0.15,22.00,0.34,0.47,0.34,-1.17,2.27,0.00,0.91,TRUE,FALSE,0.57,0.57,0.58,,,seq.5066.134,0.68,
CD300E_43488,OID43488,CD300E,Q496F6,4,0.00,1.60,12.76,0.01,0.19,22.00,0.31,0.55,0.28,-1.37,3.16,0.00,0.99,TRUE,TRUE,0.26,0.26,0.28,,,seq.8287.17,0.17,
CD300LB_40969,OID40969,CD300LB,A8K4G0,2,0.14,67.46,49.02,-0.60,0.70,22.00,0.05,0.72,-0.01,-2.57,5.62,0.00,1.00,FALSE,FALSE,0.06,0.06,0.07,,,seq.34097.11,0.03,
CD300LD_40097,OID40097,CD300LD,Q6UXZ3,1,0.00,82.95,35.13,-1.01,0.47,22.00,-0.66,0.82,-0.76,-2.82,5.23,0.03,0.99,FALSE,FALSE,0.03,0.02,0.03,,,seq.35668.5,0.01,
CD300LF_43489,OID43489,CD300LF,Q8TDQ1,4,0.00,5.36,12.82,0.60,0.19,22.00,0.60,0.78,0.72,-2.82,3.38,0.02,1.00,TRUE,FALSE,0.22,0.22,0.24,prot.7491,0.00,seq.5623.11,0.00,
CD300LG_45060,OID45060,CD300LG,Q6UXG3,6,1.11,1.97,14.78,-0.42,0.22,21.00,-0.22,0.50,-0.22,-2.57,2.75,0.00,1.00,TRUE,TRUE,0.65,0.64,0.66,,,seq.20585.5,0.80,
CD302_43490,OID43490,CD302,Q8IX05,4,0.00,29.02,12.00,0.46,0.18,22.00,0.58,0.37,0.55,-0.69,3.35,0.01,1.00,TRUE,FALSE,0.18,0.17,0.20,,,seq.34639.12,-0.03,
CD33_44512,OID44512,CD33,P20138,5,0.07,0.00,8.23,-1.23,0.12,22.00,-0.18,0.68,-0.18,-2.65,1.76,0.00,1.00,TRUE,TRUE,0.52,0.52,0.53,prot.6531,0.09,seq.3166.92,0.50,
CD34_44513,OID44513,CD34,P28906,5,0.07,5.36,16.67,0.05,0.22,22.00,0.04,0.26,0.04,-1.06,1.12,0.00,1.00,FALSE,FALSE,0.25,0.25,0.26,prot.2404,0.06,seq.11285.8,-0.10,
CD36_42240,OID42240,CD36,P16671,3,0.00,44.12,20.99,-0.53,0.29,22.00,-0.27,0.55,-0.24,-2.42,2.38,0.00,0.99,FALSE,FALSE,0.27,0.26,0.28,prot.2151,0.29,seq.2973.15,0.36,
CD37_42241,OID42241,CD37,P11049,3,0.00,86.22,25.96,-0.03,0.39,22.00,-0.03,0.44,-0.02,-1.51,3.66,0.00,0.99,FALSE,FALSE,0.06,0.06,0.06,prot.2004,0.03,seq.18202.22,0.03,
CD38_43491,OID43491,CD38,P28907,4,0.00,0.00,10.26,1.16,0.15,22.00,1.20,0.42,1.17,-0.10,3.16,0.00,0.77,TRUE,FALSE,0.35,0.34,0.35,prot.2405,0.20,seq.7174.15,0.00,
CD3D_42242,OID42242,CD3D,P04234,3,0.00,76.55,19.92,4.68,0.30,22.00,0.12,0.99,-0.02,-1.88,7.69,0.02,0.99,FALSE,FALSE,0.07,0.07,0.07,prot.1765,-0.02,seq.35701.117,-0.07,
CD3E_42243,OID42243,CD3E,P07766,3,0.00,72.30,80.11,-0.19,1.53,22.00,-0.04,1.92,0.17,-6.93,8.60,0.05,0.18,FALSE,FALSE,0.03,0.03,0.03,,,seq.8069.85,0.01,
CD3G_42244,OID42244,CD3G,P09693,3,0.00,55.74,30.84,-3.07,0.47,22.00,-2.28,1.19,-2.55,-4.58,6.92,0.04,1.00,FALSE,FALSE,0.06,0.06,0.06,prot.1950,0.04,seq.7924.7,-0.01,
CD40LG_43493,OID43493,CD40LG,P29965,4,0.00,18.37,28.65,2.69,0.37,22.00,2.47,0.74,2.49,-0.18,5.65,0.00,0.99,FALSE,FALSE,0.50,0.50,0.51,prot.2424,0.57,seq.3534.14,0.12,
CD40_44514,OID44514,CD40,P25942,5,0.07,0.00,13.20,1.01,0.19,22.00,1.16,0.47,1.12,-0.57,5.24,0.00,0.99,TRUE,FALSE,0.57,0.56,0.57,prot.2360,0.62,,,
CD46_45329,OID45329,CD46,P15529,7,0.07,0.00,9.06,0.13,0.13,22.00,0.36,0.29,0.34,-0.55,2.00,0.00,1.00,FALSE,FALSE,0.49,0.49,0.50,prot.2122,0.17,seq.17682.1,0.50,
CD48_44515,OID44515,CD48,P09326,5,0.07,0.00,8.97,-0.40,0.13,22.00,0.37,0.34,0.37,-1.90,2.03,0.00,0.96,TRUE,FALSE,0.58,0.58,0.59,,,seq.3292.75,0.62,
CD4_43492,OID43492,CD4,P01730,4,0.00,12.73,14.53,0.13,0.21,22.00,0.57,0.34,0.54,-0.30,4.00,0.00,0.95,FALSE,FALSE,0.26,0.26,0.27,prot.1680,0.14,seq.3143.3,0.02,
CD55_45330,OID45330,CD55,P08174,7,0.07,0.00,6.56,0.20,0.09,22.00,0.19,0.31,0.17,-0.73,4.35,0.00,0.98,TRUE,FALSE,0.58,0.58,0.59,prot.1886,0.00,seq.5069.9,0.67,
CD58_44516,OID44516,CD58,P19256,5,0.07,4.60,7.53,0.08,0.11,22.00,0.18,0.23,0.19,-1.06,1.14,0.00,0.99,FALSE,FALSE,0.29,0.28,0.30,prot.576,-0.02,seq.10938.13,0.10,
CD59_45061,OID45061,CD59,P13987,6,1.11,16.68,10.80,0.13,0.15,21.00,0.26,0.33,0.24,-1.92,2.61,0.00,0.99,FALSE,FALSE,0.52,0.52,0.53,,,seq.11514.196,0.50,
CD5L_45450,OID45450,CD5L,O43866,8,0.84,5.68,11.00,-0.64,0.16,22.00,0.39,0.55,0.40,-1.91,3.23,0.00,0.99,TRUE,FALSE,0.69,0.68,0.69,prot.1283,0.47,seq.3293.2,0.81,
CD5_43494,OID43494,CD5,P06127,4,0.00,1.39,9.06,-0.12,0.13,22.00,0.29,0.36,0.28,-0.88,2.17,0.00,1.00,FALSE,FALSE,0.27,0.26,0.29,prot.1817,0.10,seq.5596.75,0.14,
CD63_43496,OID43496,CD63,P08962,4,0.00,0.56,9.11,0.28,0.13,22.00,0.67,0.39,0.66,-0.53,2.39,0.00,0.98,FALSE,FALSE,0.20,0.19,0.20,,,seq.9190.7,-0.02,
CD69_44517,OID44517,CD69,Q07108,5,0.07,0.00,19.41,3.07,0.28,22.00,3.18,0.75,3.21,-0.68,7.95,0.00,1.00,FALSE,FALSE,0.65,0.64,0.66,prot.3275,0.73,seq.16618.7,0.48,4
CD6_43495,OID43495,CD6,P30203,4,0.00,0.00,9.38,0.18,0.13,22.00,0.89,0.43,0.90,-1.00,3.34,0.00,0.99,TRUE,TRUE,0.34,0.34,0.35,prot.2444,0.22,seq.20519.7,-0.12,
CD70_43498,OID43498,CD70,P32970,4,0.00,0.00,8.62,-0.96,0.13,22.00,-0.17,0.52,-0.16,-1.84,1.54,0.00,0.99,TRUE,FALSE,0.30,0.29,0.31,,,seq.35768.8,0.05,
CD72_44518,OID44518,CD72,P21854,5,0.07,27.51,36.82,0.03,0.54,22.00,0.75,0.69,0.79,-2.34,2.94,0.00,1.00,FALSE,FALSE,0.38,0.37,0.38,prot.2263,0.23,seq.7009.8,0.45,
CD74_44519,OID44519,CD74,P04233,5,0.07,0.00,9.35,-0.44,0.14,22.00,-0.05,0.35,-0.08,-1.63,1.37,0.00,0.99,FALSE,FALSE,0.43,0.42,0.44,prot.1764,0.36,seq.8748.45,-0.03,
CD79A_40970,OID40970,CD79A,P11912,2,0.14,50.10,37.77,-0.18,0.58,22.00,0.01,0.71,-0.01,-2.87,3.93,0.00,0.69,FALSE,FALSE,0.09,0.08,0.09,,,seq.7796.10,0.03,
CD79B_43499,OID43499,CD79B,P40259,4,0.00,5.64,12.04,0.14,0.17,22.00,1.17,0.50,1.15,-0.63,4.60,0.00,0.91,FALSE,FALSE,0.30,0.29,0.31,prot.2594,0.16,seq.6351.55,-0.05,
CD7_43497,OID43497,CD7,P09564,4,0.00,45.37,27.23,-0.17,0.43,22.00,0.19,0.61,0.18,-1.84,4.28,0.01,0.99,FALSE,FALSE,0.23,0.22,0.23,prot.7709,,seq.12008.3,0.31,
CD80_44520,OID44520,CD80,P33681,5,0.07,0.00,9.39,-0.37,0.13,22.00,0.36,0.39,0.34,-1.23,2.21,0.00,0.99,TRUE,FALSE,0.38,0.37,0.39,,,seq.2603.61,0.12,
CD82_42245,OID42245,CD82,P27701,3,0.00,77.66,64.65,-4.09,1.01,22.00,-3.70,1.69,-3.64,-11.02,4.96,0.04,0.99,FALSE,FALSE,0.02,0.02,0.03,prot.2384,0.01,seq.21480.2,0.01,
CD83_43500,OID43500,CD83,Q01151,4,0.00,11.00,11.46,-0.44,0.16,22.00,0.08,0.40,0.05,-1.15,2.00,0.00,0.99,FALSE,FALSE,0.33,0.32,0.34,,,seq.5065.98,0.35,
CD84_43501,OID43501,CD84,Q9UIB8,4,0.00,13.57,24.24,0.64,0.45,22.00,0.85,0.41,0.88,-1.60,2.72,0.02,0.95,TRUE,FALSE,0.34,0.33,0.34,prot.5973,0.41,seq.3642.4,0.40,
CD86_43502,OID43502,CD86,P42081,4,0.00,25.47,11.47,-0.18,0.16,22.00,0.12,0.36,0.12,-1.49,2.05,0.01,0.98,FALSE,FALSE,0.39,0.38,0.40,,,seq.6232.54,0.56,
CD8A_44521,OID44521,CD8A,P01732,5,0.07,0.00,8.80,0.14,0.13,22.00,1.12,0.47,1.12,-0.88,3.63,0.00,0.96,TRUE,FALSE,0.62,0.62,0.63,prot.1681,0.60,seq.5992.50,0.75,
CD93_45331,OID45331,CD93,Q9NPY3,7,0.07,0.00,7.80,0.04,0.11,22.00,0.11,0.35,0.10,-1.01,1.92,0.00,0.95,FALSE,FALSE,0.60,0.60,0.61,prot.5617,0.14,seq.14136.234,0.74,
CD99L2_45063,OID45063,CD99L2,Q8TCZ2,6,1.11,1.97,9.38,0.19,0.13,21.00,0.31,0.30,0.31,-0.83,1.72,0.00,0.99,FALSE,FALSE,0.39,0.39,0.40,prot.4600,0.29,seq.10539.30,-0.01,
CD99_45062,OID45062,CD99,P14209,6,1.11,5.77,8.78,0.40,0.12,21.00,0.28,0.31,0.29,-1.37,2.14,0.00,0.99,FALSE,FALSE,0.39,0.38,0.40,prot.2090,0.34,,,
CDAN1_43503,OID43503,CDAN1,Q8IWY9,4,0.00,82.32,20.95,0.01,0.30,22.00,0.25,0.59,0.17,-0.99,9.44,0.02,0.99,FALSE,FALSE,0.12,0.12,0.12,,,,,
CDA_44522,OID44522,CDA,P32320,5,0.07,0.00,8.76,1.13,0.13,22.00,0.71,0.50,0.72,-1.98,2.81,0.00,0.99,TRUE,TRUE,0.36,0.36,0.37,prot.2489,,seq.18336.31,0.09,
CDC123_42246,OID42246,CDC123,O75794,3,0.00,84.34,39.09,-0.32,0.66,22.00,-0.14,1.12,-0.17,-7.74,6.54,0.01,0.94,FALSE,FALSE,0.05,0.05,0.06,,,,,
CDC25A_42247,OID42247,CDC25A,P30304,3,0.00,65.76,44.01,-0.25,0.67,22.00,0.23,0.91,0.20,-2.93,9.15,0.02,0.98,FALSE,FALSE,0.04,0.04,0.04,,,seq.11548.84,-0.02,
CDC25C_40098,OID40098,CDC25C,P30307,1,0.00,84.69,46.82,0.04,0.64,22.00,0.07,0.79,0.11,-3.02,4.21,0.00,0.77,FALSE,FALSE,0.07,0.06,0.07,,,,,
CDC26_43504,OID43504,CDC26,Q8NHZ8,4,0.00,63.88,28.92,0.28,0.46,22.00,0.41,0.58,0.45,-2.50,3.33,0.00,0.98,FALSE,FALSE,0.25,0.24,0.25,prot.4551,0.23,seq.26142.2,0.04,
CDC27_42248,OID42248,CDC27,P30260,3,0.00,59.92,55.38,0.67,0.72,22.00,1.08,0.98,1.09,-7.54,6.82,0.01,0.99,FALSE,FALSE,0.19,0.18,0.19,prot.2445,0.19,seq.35434.6,0.05,
CDC37L1_40971,OID40971,CDC37L1,Q7L3B6,2,0.14,53.17,42.32,0.77,0.68,22.00,0.95,1.05,0.90,-6.33,6.31,0.00,0.98,FALSE,FALSE,0.14,0.14,0.15,prot.572,0.05,seq.32572.14,0.18,
CDC37_44523,OID44523,CDC37,Q16543,5,0.07,0.63,23.21,2.59,0.34,22.00,2.57,0.76,2.57,-0.82,7.63,0.00,0.82,FALSE,FALSE,0.65,0.64,0.66,prot.3688,0.68,seq.3879.50,0.42,
CDC42BPB_43505,OID43505,CDC42BPB,Q9Y5S2,4,0.00,11.06,33.41,3.08,0.54,22.00,3.74,0.94,3.79,-1.89,7.52,0.01,1.00,FALSE,FALSE,0.55,0.55,0.55,prot.6255,0.69,seq.3629.60,0.37,4
CDC42BPG_42249,OID42249,CDC42BPG,Q6DT37,3,0.00,82.05,56.54,-0.37,0.81,22.00,0.16,1.09,0.14,-7.59,7.77,0.01,1.00,FALSE,FALSE,0.06,0.06,0.06,,,,,
CDC42EP1_40972,OID40972,CDC42EP1,Q00587,2,0.14,66.83,37.88,-0.17,0.62,22.00,0.13,0.73,0.11,-2.45,6.85,0.00,0.97,FALSE,FALSE,0.04,0.04,0.04,,,,,
CDCA2_40099,OID40099,CDCA2,Q69YH5,1,0.00,64.65,44.84,-1.62,0.66,22.00,-1.32,1.15,-1.31,-9.54,6.18,0.02,0.98,FALSE,FALSE,0.05,0.05,0.06,,,,,
CDCA3_40100,OID40100,CDCA3,Q99618,1,0.00,33.40,40.39,-6.00,0.58,22.00,-4.97,1.16,-5.15,-7.82,2.82,0.02,1.00,FALSE,FALSE,0.07,0.07,0.08,,,seq.27155.9,0.00,
CDCA8_40101,OID40101,CDCA8,Q53HL2,1,0.00,87.68,40.85,-0.91,0.67,22.00,-0.25,1.04,-0.30,-7.81,5.52,0.02,1.00,FALSE,FALSE,0.02,0.02,0.03,,,,,
CDCP1_43506,OID43506,CDCP1,Q9H5V8,4,0.00,21.92,11.05,-0.64,0.16,22.00,0.16,0.77,0.13,-1.99,2.76,0.00,1.00,FALSE,FALSE,0.61,0.60,0.61,,,seq.16818.200,0.91,
CDH12_40973,OID40973,CDH12,P55289,2,0.14,94.98,33.23,-0.99,0.55,22.00,-1.03,0.81,-1.04,-3.87,4.32,0.00,1.00,FALSE,FALSE,0.01,0.01,0.01,,,seq.19388.2,-0.02,
CDH15_44524,OID44524,CDH15,P55291,5,0.07,6.75,13.95,-0.12,0.19,22.00,0.37,0.88,0.16,-1.28,6.43,0.00,1.00,TRUE,TRUE,0.59,0.58,0.59,prot.2933,0.75,seq.35714.32,0.30,
CDH17_44525,OID44525,CDH17,Q12864,5,0.07,0.14,14.98,-1.23,0.20,22.00,-0.09,0.95,-0.26,-2.30,3.34,0.00,1.00,TRUE,TRUE,0.72,0.70,0.73,,,seq.16613.3,0.95,
CDH1_45332,OID45332,CDH1,P12830,7,0.07,0.00,8.53,0.04,0.13,22.00,0.43,0.44,0.40,-0.74,3.58,0.00,0.75,FALSE,FALSE,0.56,0.56,0.57,prot.2054,0.64,seq.18429.10,0.43,
CDH2_44526,OID44526,CDH2,P19022,5,0.07,0.00,9.35,1.66,0.13,22.00,1.45,0.45,1.46,-0.70,2.65,0.00,0.97,FALSE,FALSE,0.35,0.34,0.35,prot.2195,-0.08,seq.3797.1,0.12,
CDH3_44527,OID44527,CDH3,P22223,5,0.07,0.00,10.79,0.12,0.15,22.00,0.28,0.40,0.25,-0.92,2.47,0.00,0.90,FALSE,FALSE,0.54,0.53,0.55,prot.2274,0.60,seq.2643.57,-0.05,
CDH4_42251,OID42251,CDH4,P55283,3,0.00,90.05,53.05,-2.01,1.59,22.00,-1.26,1.58,-1.18,-8.68,5.95,0.03,0.99,FALSE,FALSE,0.01,0.01,0.01,,,seq.20589.5,-0.01,
CDH5_45064,OID45064,CDH5,P33151,6,1.11,1.97,12.04,0.09,0.17,21.00,0.51,0.42,0.49,-1.61,2.17,0.00,1.00,FALSE,FALSE,0.60,0.59,0.61,prot.2497,0.49,seq.2819.23,0.73,
CDH6_44528,OID44528,CDH6,P55285,5,0.07,0.14,14.39,-0.16,0.22,22.00,-0.07,0.41,-0.08,-1.45,1.57,0.00,0.99,TRUE,FALSE,0.54,0.53,0.54,prot.2930,0.58,seq.16312.45,-0.08,
CDHR2_43507,OID43507,CDHR2,Q9BYE9,4,0.00,6.05,14.65,-0.11,0.22,22.00,-0.27,0.95,-0.21,-3.13,2.75,0.00,0.97,FALSE,FALSE,0.54,0.53,0.54,prot.5325,0.75,seq.30801.8,0.03,
CDHR4_40974,OID40974,CDHR4,A6H8M9,2,0.14,54.15,28.18,-0.57,0.42,22.00,-0.06,1.28,-0.31,-3.61,7.18,0.00,0.99,FALSE,FALSE,0.05,0.05,0.05,,,,,
CDHR5_44529,OID44529,CDHR5,Q9HBB8,5,0.07,0.00,7.51,0.31,0.10,22.00,0.46,0.40,0.49,-1.96,1.55,0.00,0.79,TRUE,TRUE,0.57,0.57,0.57,prot.5556,0.62,seq.9962.1,0.27,
CDIN1_42252,OID42252,CDIN1,Q9Y2V0,3,0.00,90.95,45.00,-0.14,0.62,22.00,-0.10,0.66,-0.09,-2.83,3.65,0.01,1.00,FALSE,FALSE,0.04,0.04,0.04,,,,,
CDK11A_42254,OID42254,CDK11A,Q9UQ88,3,0.00,77.66,66.69,-0.80,0.87,22.00,-0.06,1.33,-0.03,-7.91,5.28,0.02,1.00,FALSE,FALSE,0.04,0.03,0.04,,,,,
CDK12_40975,OID40975,CDK12,Q9NYV4,2,0.14,86.27,57.23,-3.24,0.80,22.00,-3.94,2.29,-3.58,-10.14,4.93,0.00,0.00,FALSE,FALSE,0.04,0.04,0.05,,,,,
CDK14_40976,OID40976,CDK14,O94921,2,0.14,73.80,63.66,-0.45,1.51,22.00,0.45,1.36,0.50,-7.15,6.20,0.00,0.85,FALSE,FALSE,0.05,0.05,0.05,prot.1499,0.06,seq.30582.55,0.02,
CDK17_40977,OID40977,CDK17,Q00537,2,0.14,31.01,20.98,0.31,0.33,22.00,1.07,0.84,1.02,-1.74,4.64,0.00,0.99,FALSE,FALSE,0.35,0.34,0.36,prot.3178,0.44,,,
CDK19_40978,OID40978,CDK19,Q9BWU1,2,0.14,83.41,62.76,-0.17,0.89,22.00,0.03,1.41,0.14,-7.45,4.72,0.00,0.98,FALSE,FALSE,0.05,0.05,0.05,prot.7304,0.10,seq.29065.61,0.00,
CDK2AP2_40979,OID40979,CDK2AP2,O75956,2,0.14,65.02,112.26,-3.08,2.59,22.00,-2.65,2.71,-2.26,-6.76,5.67,0.00,0.00,FALSE,FALSE,0.04,0.04,0.04,,,seq.22952.28,0.06,
CDK5RAP3_42255,OID42255,CDK5RAP3,Q96JB5,3,0.00,77.31,46.69,1.71,0.59,22.00,2.07,0.98,2.09,-5.60,6.01,0.00,1.00,FALSE,FALSE,0.40,0.40,0.40,prot.4979,0.50,seq.21238.40,0.00,
CDKL3_40980,OID40980,CDKL3,Q8IVW4,2,0.14,68.08,39.86,-0.23,0.60,22.00,0.26,0.96,0.17,-3.45,8.18,0.00,0.99,FALSE,FALSE,0.06,0.05,0.06,,,,,
CDKL5_40981,OID40981,CDKL5,O76039,2,0.14,64.39,166.30,1.21,3.60,22.00,0.61,3.48,0.26,-6.02,10.37,0.00,0.00,FALSE,FALSE,0.01,0.01,0.02,,,seq.32009.7,-0.03,
CDKN1A_43508,OID43508,CDKN1A,P38936,4,0.00,26.17,25.53,2.30,0.35,22.00,3.13,0.89,3.13,-0.53,7.23,0.00,0.99,TRUE,TRUE,0.54,0.53,0.54,prot.2582,0.55,seq.18291.8,0.25,
CDKN1C_40982,OID40982,CDKN1C,P49918,2,0.14,96.24,73.66,-1.31,1.42,22.00,-1.14,1.94,-0.69,-7.41,5.63,0.00,0.00,FALSE,FALSE,0.01,0.01,0.01,,,,,
CDKN2D_43509,OID43509,CDKN2D,P55273,4,0.00,23.24,31.94,2.02,0.40,22.00,1.95,0.90,1.94,-1.61,7.77,0.01,0.87,FALSE,FALSE,0.57,0.56,0.57,prot.2929,0.17,seq.12376.85,0.70,
CDNF_43510,OID43510,CDNF,Q49AH0,4,0.00,24.43,11.76,0.22,0.16,22.00,0.59,0.41,0.58,-0.55,3.43,0.01,1.00,FALSE,FALSE,0.47,0.46,0.48,,,seq.4962.52,0.62,
CDO1_40983,OID40983,CDO1,Q16878,2,0.14,90.94,73.66,-0.37,1.14,22.00,-0.15,1.69,0.02,-7.17,6.20,0.00,0.99,FALSE,FALSE,0.03,0.03,0.03,,,seq.26665.29,0.02,
CDON_44530,OID44530,CDON,Q4KMG0,5,0.07,2.02,8.43,0.70,0.12,22.00,0.56,0.37,0.55,-0.79,2.00,0.00,1.00,FALSE,FALSE,0.60,0.59,0.61,,,seq.4541.49,0.74,
CDR2L_42256,OID42256,CDR2L,Q86X02,3,0.00,25.40,31.18,0.53,0.42,22.00,1.30,0.92,1.30,-3.02,4.58,0.00,0.99,FALSE,FALSE,0.32,0.31,0.33,,,,,
CDSN_43511,OID43511,CDSN,Q15517,4,0.00,18.72,12.12,0.50,0.17,22.00,0.63,0.48,0.63,-1.03,2.94,0.00,0.97,TRUE,TRUE,0.29,0.28,0.29,,,seq.7085.81,0.15,
CDV3_44531,OID44531,CDV3,Q9UKY7,5,0.07,0.07,20.73,2.05,0.28,22.00,2.12,0.60,2.11,0.02,6.60,0.00,0.96,FALSE,FALSE,0.64,0.63,0.64,prot.6020,0.71,seq.34790.25,0.36,6
CDY1_40984,OID40984,CDY1,Q9Y6F8,2,0.14,80.28,49.58,-0.71,0.96,22.00,-0.93,1.57,-0.94,-8.47,7.45,0.00,0.99,FALSE,FALSE,NA,NA,NA,,,seq.7097.8,-0.03,
CEACAM16_43512,OID43512,CEACAM16,Q2WEN9,4,0.00,5.64,13.09,0.65,0.19,22.00,0.97,0.97,0.97,-2.83,5.43,0.00,0.99,TRUE,FALSE,0.43,0.43,0.43,,,seq.24299.1,0.37,
CEACAM18_42257,OID42257,CEACAM18,A8MTB9,3,0.00,77.52,63.98,-1.16,2.08,22.00,-0.66,1.96,-0.46,-7.98,8.60,0.04,0.82,FALSE,FALSE,0.01,0.01,0.01,,,seq.26325.10,0.00,
CEACAM19_43513,OID43513,CEACAM19,Q7Z692,4,0.00,1.74,13.05,0.18,0.19,22.00,0.19,0.38,0.18,-1.21,3.19,0.01,0.99,FALSE,FALSE,0.17,0.16,0.17,,,seq.7048.4,0.01,
CEACAM1_44532,OID44532,CEACAM1,P13688,5,0.07,9.12,13.80,0.31,0.20,22.00,0.26,0.24,0.25,-0.50,1.73,0.00,0.97,TRUE,TRUE,0.30,0.29,0.30,prot.7025,0.11,,,
CEACAM20_42258,OID42258,CEACAM20,Q6UY09,3,0.00,86.50,93.23,-0.60,2.22,22.00,-0.31,2.12,0.05,-6.91,7.00,0.06,0.02,FALSE,FALSE,0.02,0.02,0.02,prot.4070,-0.03,seq.10453.7,0.01,
CEACAM21_43514,OID43514,CEACAM21,Q3KPI0,4,0.00,37.72,17.02,-0.41,0.24,22.00,-0.87,0.84,-1.11,-2.88,2.84,0.00,0.06,TRUE,FALSE,0.14,0.13,0.14,,,seq.7204.1,-0.09,
CEACAM3_42259,OID42259,CEACAM3,P40198,3,0.00,52.12,42.40,-0.23,0.76,22.00,-0.07,0.77,-0.02,-3.84,2.60,0.01,1.00,FALSE,FALSE,0.08,0.08,0.09,,,seq.8999.19,0.02,
CEACAM4_40102,OID40102,CEACAM4,O75871,1,0.00,53.17,62.81,-4.43,1.06,22.00,-3.29,1.31,-3.45,-7.18,2.29,0.00,0.99,FALSE,FALSE,0.06,0.06,0.06,,,seq.10910.6,0.00,
CEACAM5_42260,OID42260,CEACAM5,P06731,3,0.00,47.11,69.82,-1.58,1.97,22.00,-0.42,1.54,-0.15,-7.69,4.10,0.03,0.99,FALSE,FALSE,0.09,0.09,0.09,prot.8067,-0.77,seq.33697.2,0.10,
CEACAM6_45065,OID45065,CEACAM6,P40199,6,1.11,64.60,17.45,-0.30,0.26,21.00,-0.15,0.43,-0.16,-1.55,1.90,0.00,0.99,FALSE,FALSE,0.25,0.25,0.26,prot.7928,0.16,,,
CEACAM7_40985,OID40985,CEACAM7,Q14002,2,0.14,83.34,57.65,-0.37,0.86,22.00,0.09,1.18,0.14,-6.89,9.07,0.00,0.99,FALSE,FALSE,0.02,0.01,0.02,,,seq.7184.13,-0.02,
CEACAM8_43515,OID43515,CEACAM8,P31997,4,0.00,10.02,13.36,-0.16,0.20,22.00,0.08,0.52,0.05,-1.54,3.27,0.00,0.96,FALSE,FALSE,0.50,0.49,0.50,prot.2484,0.10,seq.18873.8,0.57,
CEBPA_42261,OID42261,CEBPA,P49715,3,0.00,81.49,37.29,-0.34,0.59,22.00,-0.27,0.80,-0.25,-8.34,6.38,0.01,0.99,FALSE,FALSE,0.04,0.04,0.04,,,seq.18874.66,0.02,
CEBPB_40986,OID40986,CEBPB,P17676,2,0.14,71.43,31.83,0.52,0.41,22.00,0.23,0.71,0.22,-2.80,3.15,0.00,0.93,FALSE,FALSE,0.08,0.07,0.08,,,seq.22953.85,0.05,
CECR2_42262,OID42262,CECR2,Q9BXF3,3,0.00,62.14,27.93,-0.77,0.42,22.00,-0.64,0.59,-0.69,-2.34,3.43,0.02,0.99,FALSE,FALSE,0.08,0.07,0.08,,,,,
CEFIP_40987,OID40987,CEFIP,Q711Q0,2,0.14,78.68,21.30,-0.23,0.31,22.00,0.07,0.75,-0.02,-1.72,5.44,0.00,1.00,FALSE,FALSE,0.06,0.05,0.06,,,,,
CELA2A_45066,OID45066,CELA2A,P08217,6,1.11,14.50,8.70,1.14,0.13,21.00,0.00,0.77,0.00,-3.64,3.92,0.00,1.00,FALSE,FALSE,0.70,0.69,0.70,prot.7246,0.10,seq.7140.1,0.81,
CELA3A_45067,OID45067,CELA3A,P09093,6,1.11,7.11,8.75,1.29,0.13,21.00,0.72,0.68,0.72,-2.71,4.22,0.00,0.57,FALSE,FALSE,0.69,0.68,0.69,prot.1921,0.52,seq.29612.34,0.75,
CELF4_40988,OID40988,CELF4,Q9BZC1,2,0.14,77.63,76.00,-1.50,1.67,22.00,-1.06,1.58,-1.07,-8.37,9.93,0.00,0.99,FALSE,FALSE,0.02,0.02,0.03,,,,,
CELF5_42263,OID42263,CELF5,Q8N6W0,3,0.00,60.54,28.74,-2.89,0.44,22.00,-1.83,1.22,-2.01,-6.40,5.23,0.02,1.00,FALSE,FALSE,0.04,0.03,0.04,,,seq.31392.11,-0.01,
CELF6_42264,OID42264,CELF6,Q96J87,3,0.00,72.30,49.56,-1.33,0.89,22.00,-0.47,1.42,-0.53,-8.13,6.23,0.02,0.99,FALSE,FALSE,0.02,0.02,0.02,,,seq.32818.226,0.01,
CELSR2_44533,OID44533,CELSR2,Q9HCU4,5,0.07,12.74,9.99,1.62,0.15,22.00,1.59,0.35,1.59,0.39,2.95,0.00,0.99,TRUE,FALSE,0.35,0.34,0.36,prot.5581,0.24,,,
CEMIP2_42265,OID42265,CEMIP2,Q9UHN6,3,0.00,36.81,54.73,0.53,0.79,22.00,0.11,0.98,0.20,-7.51,3.20,0.01,1.00,FALSE,FALSE,0.11,0.11,0.12,prot.5958,0.07,seq.8992.1,0.05,
CENATAC_40989,OID40989,CENATAC,Q86UT8,2,0.14,68.22,70.76,0.39,1.03,22.00,1.20,1.12,1.22,-6.67,5.76,0.00,0.92,FALSE,FALSE,0.15,0.14,0.16,,,,,
CEND1_42266,OID42266,CEND1,Q8N111,3,0.00,30.97,30.97,-3.85,0.42,22.00,-3.44,0.95,-3.54,-6.71,4.83,0.03,0.99,FALSE,FALSE,0.08,0.08,0.08,,,seq.26090.2,-0.02,
CENPF_42267,OID42267,CENPF,P49454,3,0.00,66.25,44.90,-0.05,0.71,22.00,-0.54,1.16,-0.50,-7.71,5.25,0.01,1.00,FALSE,FALSE,0.05,0.04,0.05,prot.2736,0.01,seq.35305.6,-0.01,
CENPJ_42268,OID42268,CENPJ,Q9HC77,3,0.00,73.63,36.56,0.33,0.59,22.00,0.80,1.15,0.72,-3.93,8.72,0.02,0.99,FALSE,FALSE,0.15,0.15,0.15,,,seq.33870.179,0.16,
CENPS_40103,OID40103,CENPS,Q8N2Z9,1,0.00,66.46,31.70,-1.78,0.47,22.00,-1.24,1.68,-1.47,-8.03,7.81,0.01,0.99,FALSE,FALSE,0.04,0.04,0.05,,,seq.34777.36,-0.01,
CEP104_42269,OID42269,CEP104,O60308,3,0.00,7.10,25.26,2.03,0.37,22.00,2.69,0.72,2.72,-0.82,6.39,0.01,0.98,FALSE,FALSE,0.46,0.46,0.47,prot.7521,0.34,seq.30802.43,0.42,
CEP112_42270,OID42270,CEP112,Q8N8E3,3,0.00,80.65,43.05,-1.60,0.73,22.00,-1.43,1.38,-1.28,-8.42,3.09,0.02,0.99,FALSE,FALSE,0.00,0.00,0.00,,,seq.23292.1,-0.04,
CEP120_42271,OID42271,CEP120,Q8N960,3,0.00,27.42,26.07,-1.17,0.41,22.00,-0.76,0.64,-0.81,-2.77,3.91,0.01,0.90,FALSE,FALSE,0.21,0.20,0.21,,,,,
CEP128_42272,OID42272,CEP128,Q6ZU80,3,0.00,55.81,30.69,0.47,0.43,22.00,0.72,0.62,0.70,-1.26,3.81,0.00,0.99,FALSE,FALSE,0.15,0.14,0.15,,,,,
CEP131_44534,OID44534,CEP131,Q9UPN4,5,0.07,1.39,41.31,2.76,0.55,22.00,3.30,0.90,3.35,-1.13,7.17,0.00,1.00,FALSE,FALSE,0.57,0.56,0.57,prot.6076,0.61,,,
CEP135_43516,OID43516,CEP135,Q66GS9,4,0.00,13.29,28.69,1.23,0.43,22.00,1.65,0.77,1.69,-2.49,5.45,0.01,0.99,FALSE,FALSE,0.39,0.38,0.40,,,,,
CEP152_42273,OID42273,CEP152,O94986,3,0.00,77.73,56.11,0.04,0.82,22.00,0.36,0.89,0.38,-7.35,3.92,0.00,1.00,FALSE,FALSE,0.05,0.04,0.05,,,,,
CEP162_40990,OID40990,CEP162,Q5TB80,2,0.14,66.83,36.49,-0.40,0.52,22.00,0.03,0.65,-0.03,-2.12,3.93,0.00,0.96,FALSE,FALSE,0.04,0.04,0.04,,,,,
CEP164_42274,OID42274,CEP164,Q9UPV0,3,0.00,86.92,50.26,-0.47,0.95,22.00,-0.48,0.99,-0.44,-7.84,2.76,0.01,0.46,FALSE,FALSE,0.05,0.05,0.06,,,,,
CEP170B_42275,OID42275,CEP170B,Q9Y4F5,3,0.00,44.12,32.30,-1.01,0.49,22.00,-0.22,1.11,-0.41,-2.45,6.56,0.03,0.99,FALSE,FALSE,0.09,0.09,0.10,prot.7992,,,,
CEP170_43517,OID43517,CEP170,Q5SW79,4,0.00,14.82,26.30,2.80,0.41,22.00,3.15,0.75,3.19,-0.34,6.76,0.00,0.96,FALSE,FALSE,0.49,0.49,0.50,prot.3847,0.45,,,4
CEP20_42276,OID42276,CEP20,Q96NB1,3,0.00,64.93,31.48,-0.14,0.51,22.00,0.31,0.67,0.29,-2.32,4.75,0.01,0.86,FALSE,FALSE,0.05,0.05,0.05,,,seq.21655.18,-0.02,
CEP250_43518,OID43518,CEP250,Q9BV73,4,0.00,9.81,31.56,2.05,0.46,22.00,2.63,0.86,2.69,-2.12,6.43,0.01,0.99,FALSE,FALSE,0.33,0.32,0.33,prot.5256,0.17,,,
CEP290_42277,OID42277,CEP290,O15078,3,0.00,83.99,83.64,-1.72,2.01,22.00,-0.35,1.68,-0.17,-7.46,7.12,0.03,0.99,FALSE,FALSE,0.04,0.04,0.05,,,,,
CEP295NL_40991,OID40991,CEP295NL,Q96MC4,2,0.14,54.84,44.15,-0.90,0.62,22.00,0.02,1.12,-0.12,-3.84,8.10,0.00,1.00,FALSE,FALSE,0.05,0.05,0.05,,,,,
CEP350_42278,OID42278,CEP350,Q5VT06,3,0.00,65.90,40.30,-0.29,0.63,22.00,-0.09,1.14,-0.12,-5.19,11.23,0.02,0.97,FALSE,FALSE,0.07,0.07,0.07,prot.3904,0.08,,,
CEP43_43519,OID43519,CEP43,O95684,4,0.00,31.25,18.80,0.49,0.27,22.00,0.71,0.50,0.67,-0.79,3.37,0.01,1.00,FALSE,FALSE,0.22,0.21,0.22,,,seq.21793.4,0.09,
CEP44_42279,OID42279,CEP44,Q9C0F1,3,0.00,43.28,36.08,1.40,0.45,22.00,2.94,0.86,2.96,-0.31,6.85,0.00,0.99,FALSE,FALSE,0.48,0.47,0.48,prot.5372,0.52,,,
CEP55_42280,OID42280,CEP55,Q53EZ4,3,0.00,73.14,19.93,0.24,0.29,22.00,0.11,0.94,0.09,-3.25,6.99,0.01,0.99,FALSE,FALSE,0.19,0.18,0.19,,,,,
CEP57L1_40992,OID40992,CEP57L1,Q8IYX8,2,0.14,70.45,193.93,-5.53,1.65,22.00,-2.63,2.91,-1.77,-7.06,6.97,0.00,0.00,FALSE,FALSE,0.01,0.00,0.01,,,,,
CEP78_40104,OID40104,CEP78,Q5JTW2,1,0.00,97.22,73.34,-1.88,2.05,22.00,-1.00,1.63,-0.76,-8.73,4.08,0.04,0.94,FALSE,FALSE,0.02,0.02,0.02,,,,,
CEP83_40105,OID40105,CEP83,Q9Y592,1,0.00,96.10,56.29,-0.99,0.90,22.00,-0.86,1.40,-0.68,-8.13,6.34,0.02,0.99,FALSE,FALSE,0.02,0.02,0.02,,,,,
CEP85L_40993,OID40993,CEP85L,Q5SZL2,2,0.14,55.33,27.52,-0.22,0.40,22.00,0.27,0.77,0.21,-1.99,5.37,0.00,1.00,FALSE,FALSE,0.06,0.06,0.07,,,,,
CEP85_42281,OID42281,CEP85,Q6P2H3,3,0.00,22.83,25.04,0.40,0.37,22.00,0.97,0.68,0.97,-1.86,4.27,0.00,0.99,TRUE,TRUE,0.31,0.31,0.31,,,,,
CEP89_40994,OID40994,CEP89,Q96ST8,2,0.14,71.92,25.46,-1.30,0.41,22.00,-1.09,0.81,-1.20,-3.52,4.15,0.00,0.99,FALSE,FALSE,0.05,0.04,0.05,,,,,
CEP97_40995,OID40995,CEP97,Q8IW35,2,0.14,57.21,30.46,-0.28,0.54,22.00,0.05,0.91,0.03,-3.50,5.68,0.00,0.99,FALSE,FALSE,0.06,0.06,0.06,,,,,
CER1_40106,OID40106,CER1,O95813,1,0.00,90.95,32.55,-0.60,0.59,22.00,-0.66,0.80,-0.65,-3.91,4.86,0.01,1.00,FALSE,FALSE,0.02,0.02,0.02,,,seq.6230.56,-0.01,
CERK_40996,OID40996,CERK,Q8TCT0,2,0.14,79.23,72.22,-0.20,1.20,22.00,-0.01,1.34,0.06,-7.35,7.21,0.00,0.99,FALSE,FALSE,0.03,0.03,0.03,,,,,
CERT1_42282,OID42282,CERT1,Q9Y5P4,3,0.00,66.95,93.17,-0.54,2.27,22.00,0.78,1.76,1.11,-6.40,5.20,0.05,0.16,FALSE,FALSE,0.14,0.14,0.15,prot.6250,0.23,seq.13535.2,0.21,
CES1_45068,OID45068,CES1,P23141,6,1.11,2.04,23.98,0.33,0.44,21.00,0.85,1.04,0.78,-5.88,5.61,0.00,0.99,FALSE,FALSE,0.63,0.63,0.63,prot.2297,0.55,seq.15487.164,0.76,
CES2_43520,OID43520,CES2,O00748,4,0.00,11.69,10.12,-0.47,0.14,22.00,-0.79,0.56,-0.81,-3.30,1.98,0.00,0.99,FALSE,FALSE,0.53,0.52,0.54,prot.1075,0.60,seq.31918.65,0.22,
CES3_43521,OID43521,CES3,Q6UWW8,4,0.00,73.00,30.64,-4.60,0.49,22.00,-3.71,0.72,-3.73,-7.17,0.44,0.01,0.91,FALSE,FALSE,0.18,0.17,0.19,,,seq.25292.6,0.12,
CETN1_40107,OID40107,CETN1,Q12798,1,0.00,75.43,55.13,-0.14,0.69,22.00,0.04,0.74,0.06,-2.18,4.92,0.01,0.97,FALSE,FALSE,0.02,0.02,0.03,,,seq.21106.206,0.01,
CETN2_42283,OID42283,CETN2,P41208,3,0.00,59.64,44.61,1.52,0.63,22.00,1.43,0.93,1.48,-3.08,5.97,0.00,0.94,FALSE,FALSE,0.34,0.33,0.35,prot.2605,0.32,seq.13078.3,0.10,
CETN3_43522,OID43522,CETN3,O15182,4,0.00,0.28,12.39,1.49,0.18,22.00,1.30,0.50,1.27,-0.25,4.38,0.00,1.00,FALSE,FALSE,0.46,0.46,0.47,,,seq.17410.5,0.47,
CFAP126_40108,OID40108,CFAP126,Q5VTH2,1,0.00,78.29,176.54,-0.01,4.47,22.00,0.31,3.77,0.26,-5.75,12.95,0.00,0.00,FALSE,FALSE,-0.01,-0.01,0.00,,,seq.34774.12,-0.05,
CFAP161_40997,OID40997,CFAP161,Q6P656,2,0.14,80.42,29.43,-0.25,0.45,22.00,-0.02,0.64,-0.06,-2.54,5.25,0.00,1.00,FALSE,FALSE,0.02,0.02,0.02,,,,,
CFAP20DC_40109,OID40109,CFAP20DC,Q6ZVT6,1,0.00,83.30,91.00,-2.27,2.67,22.00,-1.51,2.68,-0.89,-7.85,10.93,0.00,0.00,FALSE,FALSE,0.01,0.01,0.01,,,,,
CFAP20_40998,OID40998,CFAP20,Q9Y6A4,2,0.14,72.13,68.38,-0.78,2.20,22.00,0.36,1.72,0.58,-6.73,7.00,0.00,0.81,FALSE,FALSE,0.04,0.04,0.04,prot.6931,0.01,seq.28653.32,0.05,
CFAP251_40999,OID40999,CFAP251,Q8TBY9,2,0.14,77.63,38.64,-0.27,0.61,22.00,0.22,0.94,0.12,-2.72,6.58,0.00,0.99,FALSE,FALSE,0.02,0.02,0.02,,,,,
CFAP276_41000,OID41000,CFAP276,Q5T5A4,2,0.14,75.82,28.20,-0.32,0.42,22.00,-0.01,0.81,-0.11,-2.39,5.48,0.00,0.99,FALSE,FALSE,0.01,0.01,0.01,,,seq.31624.35,-0.04,
CFAP299_41001,OID41001,CFAP299,Q6V702,2,0.14,78.82,53.31,-0.20,0.82,22.00,0.36,0.88,0.28,-2.82,7.77,0.00,0.99,FALSE,FALSE,0.02,0.02,0.02,,,seq.31380.294,-0.01,
CFAP36_43523,OID43523,CFAP36,Q96G28,4,0.00,14.27,16.71,1.56,0.24,22.00,1.52,0.55,1.50,-1.06,4.68,0.01,0.99,FALSE,FALSE,0.47,0.46,0.47,prot.7495,0.25,seq.21109.1,0.54,
CFAP410_42284,OID42284,CFAP410,O43822,3,0.00,11.20,31.80,1.80,0.49,22.00,2.39,0.87,2.43,-0.59,7.16,0.00,0.79,FALSE,FALSE,0.39,0.39,0.40,prot.1275,0.25,,,
CFAP43_40110,OID40110,CFAP43,Q8NDM7,1,0.00,87.47,89.56,-0.74,2.05,22.00,-0.05,2.16,0.31,-7.14,7.77,0.05,0.34,FALSE,FALSE,0.03,0.03,0.03,,,,,
CFAP45_42285,OID42285,CFAP45,Q9UL16,3,0.00,43.91,29.10,-0.14,0.43,22.00,0.19,0.76,0.14,-2.42,5.48,0.02,0.99,FALSE,FALSE,0.16,0.16,0.17,prot.6026,0.29,seq.6553.68,0.02,
CFAP46_41002,OID41002,CFAP46,Q8IYW2,2,0.14,71.64,57.38,-1.59,1.18,22.00,-0.63,1.39,-0.77,-7.10,8.80,0.00,0.98,FALSE,FALSE,0.02,0.02,0.03,,,,,
CFAP58_41003,OID41003,CFAP58,Q5T655,2,0.14,78.89,56.55,-1.54,1.13,22.00,-1.11,1.42,-1.07,-8.82,5.80,0.00,1.00,FALSE,FALSE,0.00,0.00,0.00,prot.3878,-0.09,seq.32081.10,-0.01,
CFAP61_41004,OID41004,CFAP61,Q8NHU2,2,0.14,75.75,54.32,-0.41,0.90,22.00,0.23,1.72,0.14,-7.41,7.82,0.00,1.00,FALSE,FALSE,0.02,0.02,0.02,,,,,
CFAP69_41005,OID41005,CFAP69,A5D8W1,2,0.14,92.96,81.44,-0.32,1.78,22.00,0.10,2.16,0.43,-6.83,7.07,0.00,0.02,FALSE,FALSE,0.02,0.01,0.02,,,,,
CFAP74_40111,OID40111,CFAP74,Q9C0B2,1,0.00,81.49,40.60,-1.19,1.90,22.00,-1.98,1.70,-1.94,-9.55,5.38,0.03,0.99,FALSE,FALSE,0.06,0.05,0.07,,,,,
CFAP92_41006,OID41006,CFAP92,Q9ULG3,2,0.14,81.18,37.84,-4.85,0.55,22.00,-4.26,0.97,-4.37,-7.23,1.32,0.00,0.92,FALSE,FALSE,0.04,0.04,0.04,,,,,
CFAP97_40112,OID40112,CFAP97,Q9P2B7,1,0.00,76.76,47.58,-0.47,0.70,22.00,0.09,0.90,0.08,-7.03,4.55,0.01,0.93,FALSE,FALSE,0.03,0.03,0.03,,,,,
CFAP99_41007,OID41007,CFAP99,D6REC4,2,0.14,65.85,119.94,-4.74,2.70,22.00,-2.25,2.51,-1.96,-8.86,6.30,0.00,0.00,FALSE,FALSE,0.01,0.00,0.01,,,,,
CFB_45451,OID45451,CFB,P00751,8,0.84,0.98,9.31,0.25,0.14,22.00,0.24,0.35,0.25,-1.24,4.03,0.00,1.00,TRUE,FALSE,0.63,0.63,0.64,prot.1638,0.44,seq.4129.72,0.72,
CFC1_42286,OID42286,CFC1,P0CG37,3,0.00,31.04,15.24,0.23,0.22,22.00,0.65,0.51,0.60,-1.22,5.16,0.01,1.00,FALSE,FALSE,0.16,0.15,0.16,,,seq.3294.55,-0.04,
CFDP1_42287,OID42287,CFDP1,Q9UEE9,3,0.00,58.80,34.90,-0.97,0.53,22.00,-0.33,1.09,-0.47,-3.26,6.02,0.03,0.99,FALSE,FALSE,0.09,0.09,0.09,,,seq.24706.73,0.10,
CFD_45452,OID45452,CFD,P00746,8,0.84,4.70,9.99,-0.19,0.15,22.00,-0.01,0.36,-0.03,-1.02,7.96,0.00,0.99,FALSE,FALSE,0.58,0.58,0.58,prot.1634,0.44,seq.2946.52,0.61,
CFHR2_45454,OID45454,CFHR2,P36980,8,0.84,0.84,8.99,0.25,0.13,22.00,-0.02,0.69,0.08,-5.74,6.68,0.00,0.96,TRUE,FALSE,0.74,0.73,0.75,,,seq.15584.9,0.86,
CFHR4_45455,OID45455,CFHR4,Q92496,8,0.84,5.75,9.56,0.14,0.14,22.00,0.04,0.67,0.12,-2.61,2.01,0.00,1.00,TRUE,FALSE,0.72,0.72,0.73,prot.4707,0.36,seq.6471.53,0.93,
CFHR5_45333,OID45333,CFHR5,Q9BXR6,7,0.07,0.00,15.06,0.45,0.23,22.00,-0.01,0.52,0.06,-5.14,1.38,0.00,0.82,TRUE,FALSE,0.58,0.57,0.59,prot.5307,-0.04,seq.3666.17,0.64,
CFH_45453,OID45453,CFH,P08603,8,0.84,0.00,6.97,0.24,0.10,22.00,0.38,0.28,0.37,-0.56,3.65,0.00,0.97,TRUE,FALSE,0.49,0.48,0.49,,,seq.4159.130,0.42,
CFI_45456,OID45456,CFI,P05156,8,0.84,0.00,9.85,0.21,0.15,22.00,0.32,0.28,0.33,-1.20,1.28,0.00,0.99,TRUE,TRUE,0.52,0.52,0.53,,,seq.2567.5,0.48,
CFP_45457,OID45457,CFP,P27918,8,0.84,6.74,11.28,0.40,0.17,22.00,0.41,0.36,0.41,-0.95,7.15,0.00,0.99,FALSE,FALSE,0.55,0.55,0.56,prot.2386,0.41,seq.2960.66,0.57,
CGB3_CGB5_CGB8_45334,OID45334,CGB3_CGB5_CGB8,P0DN86,7,0.07,83.36,38.23,-6.06,0.57,22.00,-5.81,1.08,-5.87,-8.02,7.71,0.00,0.99,FALSE,FALSE,0.24,0.22,0.24,prot.7889,0.07,seq.4914.10,0.30,
CGN_42288,OID42288,CGN,Q9P2M7,3,0.00,66.95,67.04,-0.50,1.73,22.00,-0.11,1.60,0.03,-7.42,6.02,0.03,0.99,FALSE,FALSE,0.14,0.14,0.15,prot.7806,0.30,,,
CGREF1_44535,OID44535,CGREF1,Q99674,5,0.07,5.71,11.92,0.51,0.18,22.00,0.48,0.50,0.44,-1.22,2.90,0.00,0.97,TRUE,TRUE,0.26,0.25,0.27,,,seq.6257.56,0.00,
CHAC1_41008,OID41008,CHAC1,Q9BUX1,2,0.14,76.17,29.48,0.20,0.44,22.00,0.08,0.80,-0.01,-1.86,5.32,0.00,1.00,FALSE,FALSE,0.04,0.04,0.04,,,seq.23293.15,0.02,
CHAC2_42289,OID42289,CHAC2,Q8WUX2,3,0.00,18.44,32.23,0.73,0.41,22.00,1.20,0.72,1.14,-0.70,6.17,0.01,1.00,FALSE,FALSE,0.32,0.32,0.33,,,seq.21156.5,0.32,
CHAD_44536,OID44536,CHAD,O15335,5,0.07,0.00,8.31,-0.30,0.12,22.00,-0.01,0.65,0.00,-2.62,2.53,0.00,0.96,FALSE,FALSE,0.77,0.76,0.77,prot.1185,0.88,seq.13460.4,0.91,
CHAF1B_40113,OID40113,CHAF1B,Q13112,1,0.00,77.24,100.63,-1.78,2.86,22.00,-0.09,2.81,0.14,-7.49,9.54,0.04,0.00,FALSE,FALSE,0.02,0.01,0.02,,,seq.28486.59,0.00,
CHAMP1_40114,OID40114,CHAMP1,Q96JM3,1,0.00,76.76,78.01,-2.28,2.03,22.00,-1.77,1.60,-1.58,-9.45,4.23,0.03,0.96,FALSE,FALSE,0.03,0.03,0.03,,,,,
CHCHD10_43524,OID43524,CHCHD10,Q8WYQ3,4,0.00,0.00,18.34,-0.27,0.24,22.00,0.16,0.49,0.10,-1.10,3.71,0.01,0.99,FALSE,FALSE,0.33,0.32,0.34,,,seq.11270.17,0.37,
CHCHD2P9_41009,OID41009,CHCHD2P9,Q5T1J5,2,0.14,97.98,38.31,1.77,0.50,22.00,-0.57,1.87,-0.47,-7.46,7.98,0.00,0.96,FALSE,FALSE,0.04,0.04,0.04,,,,,
CHCHD3_42290,OID42290,CHCHD3,Q9NX63,3,0.00,45.02,29.74,0.65,0.39,22.00,1.37,0.69,1.38,-1.68,5.09,0.01,0.99,FALSE,FALSE,0.42,0.41,0.43,,,seq.28488.9,0.57,
CHCHD6_43525,OID43525,CHCHD6,Q9BRQ6,4,0.00,0.70,13.61,-0.12,0.20,22.00,0.06,0.42,0.02,-1.13,2.42,0.01,0.99,TRUE,TRUE,0.22,0.22,0.23,,,seq.28711.2,0.07,
CHD2_40115,OID40115,CHD2,O14647,1,0.00,95.27,22.47,1.40,0.33,22.00,0.07,0.91,-0.05,-3.31,7.89,0.02,1.00,FALSE,FALSE,-0.04,-0.05,-0.04,prot.7393,-0.21,,,
CHD4_41010,OID41010,CHD4,Q14839,2,0.14,92.26,71.31,-2.40,1.67,22.00,-1.86,1.83,-1.78,-8.93,6.04,0.00,0.59,FALSE,FALSE,0.02,0.01,0.02,,,seq.35416.16,-0.02,
CHD6_41011,OID41011,CHD6,Q8TD26,2,0.14,85.37,41.15,-0.09,0.62,22.00,-0.20,1.08,-0.22,-7.82,5.29,0.00,1.00,FALSE,FALSE,0.04,0.03,0.04,,,,,
CHEK2_41012,OID41012,CHEK2,O96017,2,0.14,94.08,75.28,-1.12,2.29,22.00,-0.77,2.16,-0.18,-6.97,3.67,0.00,0.00,FALSE,FALSE,0.04,0.04,0.04,,,seq.19328.51,0.06,
CHGA_45070,OID45070,CHGA,P10645,6,1.11,1.97,11.21,0.43,0.16,21.00,1.12,1.31,0.78,-2.24,6.61,0.00,0.99,FALSE,FALSE,0.73,0.73,0.74,prot.1991,0.76,seq.11184.51,0.89,
CHGB_44537,OID44537,CHGB,P05060,5,0.07,7.94,13.00,1.00,0.17,22.00,0.96,0.53,0.97,-0.69,4.11,0.00,1.00,TRUE,TRUE,0.58,0.57,0.58,prot.1785,0.63,seq.8235.48,0.62,
CHI3L1_45335,OID45335,CHI3L1,P36222,7,0.07,3.27,11.57,-0.66,0.20,22.00,-1.19,0.92,-1.37,-3.36,6.11,0.00,0.99,TRUE,FALSE,0.58,0.58,0.59,prot.2552,0.49,seq.11104.13,0.55,
CHIT1_45071,OID45071,CHIT1,Q13231,6,1.11,14.14,9.26,-0.94,0.13,21.00,-1.95,3.27,-0.84,-10.30,4.13,0.00,0.00,TRUE,FALSE,0.77,0.76,0.78,,,seq.3600.2,0.94,
CHKB_41013,OID41013,CHKB,Q9Y259,2,0.14,82.16,34.42,-0.38,0.55,22.00,-0.04,0.89,-0.11,-6.74,5.31,0.00,0.99,FALSE,FALSE,0.06,0.06,0.06,prot.6109,0.00,seq.7761.125,0.06,
CHL1_45336,OID45336,CHL1,O00533,7,0.07,0.00,9.94,-0.03,0.14,22.00,0.11,0.34,0.09,-1.03,1.56,0.00,0.99,TRUE,FALSE,0.56,0.55,0.57,,,seq.8958.51,0.76,
CHMP1A_43527,OID43527,CHMP1A,Q9HD42,4,0.00,1.67,18.39,2.67,0.26,22.00,2.60,0.65,2.59,-0.04,5.84,0.00,0.99,FALSE,FALSE,0.64,0.64,0.65,prot.5589,0.77,seq.18224.11,0.77,
CHMP4C_41014,OID41014,CHMP4C,Q96CF2,2,0.14,80.84,32.36,-0.12,0.48,22.00,0.11,0.70,0.04,-2.58,6.14,0.00,1.00,FALSE,FALSE,0.04,0.04,0.04,,,seq.26015.131,0.06,
CHMP6_44538,OID44538,CHMP6,Q96FZ7,5,0.07,16.57,18.88,1.33,0.27,22.00,1.18,0.44,1.19,-0.49,3.95,0.00,1.00,TRUE,FALSE,0.53,0.53,0.54,prot.4926,0.56,seq.21160.4,0.45,
CHM_43526,OID43526,CHM,P24386,4,0.00,51.70,19.48,0.24,0.29,22.00,0.57,0.75,0.47,-1.06,6.50,0.03,0.95,FALSE,FALSE,0.20,0.19,0.20,prot.2328,0.28,,,
CHP1_42291,OID42291,CHP1,Q99653,3,0.00,81.56,136.12,-1.87,2.11,22.00,-0.96,2.14,-0.76,-8.01,9.69,0.06,0.18,FALSE,FALSE,0.03,0.03,0.03,prot.5129,0.01,seq.12458.79,0.01,
CHRDL1_44539,OID44539,CHRDL1,Q9BU40,5,0.07,0.00,7.37,1.33,0.11,22.00,1.66,0.33,1.65,0.50,2.92,0.00,0.99,TRUE,FALSE,0.56,0.55,0.56,prot.5234,0.61,seq.3362.61,0.67,
CHRDL2_44540,OID44540,CHRDL2,Q6WN34,5,0.07,0.00,8.49,0.94,0.12,22.00,0.88,0.58,0.87,-0.68,3.61,0.00,0.88,FALSE,FALSE,0.70,0.70,0.71,prot.4075,0.71,seq.6086.15,0.89,
CHRM1_42292,OID42292,CHRM1,P11229,3,0.00,88.17,75.76,-4.23,2.24,22.00,-2.47,2.24,-2.38,-10.00,5.93,0.05,0.19,FALSE,FALSE,0.04,0.03,0.04,,,,,
CHRM2_41015,OID41015,CHRM2,P08172,2,0.14,77.91,58.76,0.15,1.66,22.00,0.42,2.10,0.55,-7.13,9.28,0.00,0.78,FALSE,FALSE,0.05,0.04,0.05,,,,,
CHRM3_41016,OID41016,CHRM3,P20309,2,0.14,52.96,39.71,0.03,0.58,22.00,0.53,1.00,0.46,-3.15,7.91,0.00,0.95,FALSE,FALSE,0.12,0.11,0.13,,,,,
CHST1_40116,OID40116,CHST1,O43916,1,0.00,88.38,38.16,0.27,0.46,22.00,0.17,0.70,0.16,-2.91,5.94,0.01,0.90,FALSE,FALSE,0.04,0.03,0.04,prot.1286,0.01,seq.7803.4,-0.02,
CHST2_41017,OID41017,CHST2,Q9Y4C5,2,0.14,36.59,21.24,0.53,0.29,22.00,0.62,0.58,0.58,-1.41,4.79,0.00,1.00,FALSE,FALSE,0.14,0.14,0.15,prot.7203,-0.01,seq.18863.176,0.00,
CHST4_41018,OID41018,CHST4,Q8NCG5,2,0.14,48.22,30.21,-0.52,0.40,22.00,-0.16,0.70,-0.19,-2.07,3.91,0.00,0.97,FALSE,FALSE,0.18,0.17,0.18,,,seq.18876.77,0.31,
CHUK_42293,OID42293,CHUK,O15111,3,0.00,5.98,23.75,1.83,0.35,22.00,1.72,0.74,1.73,-1.03,4.79,0.01,0.98,FALSE,FALSE,0.44,0.44,0.45,prot.1151,0.43,,,
CIAO1_40117,OID40117,CIAO1,O76071,1,0.00,90.81,81.23,-0.02,0.66,22.00,-0.06,0.53,-0.07,-2.31,3.66,0.01,0.92,FALSE,FALSE,0.05,0.04,0.05,prot.1474,0.02,seq.21178.8,0.04,
CIAO2A_41019,OID41019,CIAO2A,Q9H5X1,2,0.14,77.56,71.43,-0.96,2.12,22.00,0.48,1.47,0.49,-7.31,9.44,0.00,1.00,FALSE,FALSE,0.08,0.07,0.08,prot.5491,0.11,seq.34891.29,0.01,
CIAPIN1_44541,OID44541,CIAPIN1,Q6FI81,5,0.07,5.92,14.58,1.70,0.21,22.00,2.14,0.53,2.14,-0.17,5.32,0.00,0.88,FALSE,FALSE,0.57,0.57,0.58,prot.3962,0.51,seq.33631.90,0.15,4
CIART_41020,OID41020,CIART,Q8N365,2,0.14,87.94,41.56,-0.95,2.24,22.00,-0.47,1.32,-0.32,-9.05,3.46,0.00,0.98,FALSE,FALSE,0.03,0.03,0.03,,,,,
CIB2_41021,OID41021,CIB2,O75838,2,0.14,70.45,71.89,0.06,0.93,22.00,0.67,1.16,0.65,-7.85,6.13,0.00,0.99,FALSE,FALSE,0.05,0.05,0.06,,,,,
CILK1_41022,OID41022,CILK1,Q9UPZ9,2,0.14,68.99,32.25,-0.33,0.54,22.00,0.03,1.36,-0.17,-6.83,8.58,0.00,0.94,FALSE,FALSE,0.08,0.08,0.09,,,,,
CILP_45072,OID45072,CILP,O75339,6,1.11,7.60,15.65,0.15,0.22,21.00,0.04,0.56,0.04,-2.08,3.43,0.00,0.90,TRUE,TRUE,0.58,0.57,0.58,prot.1391,0.64,seq.5717.2,0.16,
CINP_42294,OID42294,CINP,Q9BW66,3,0.00,95.89,96.77,-0.27,1.63,22.00,0.05,1.52,0.14,-6.95,8.03,0.04,0.99,FALSE,FALSE,0.03,0.03,0.03,prot.8064,,seq.19383.131,0.01,
CIPC_40118,OID40118,CIPC,Q9C0C6,1,0.00,66.60,127.09,-3.33,2.69,22.00,-1.47,2.90,-0.61,-7.04,6.05,0.00,0.00,FALSE,FALSE,0.01,0.01,0.01,,,seq.32850.161,0.00,
CIRBP_43528,OID43528,CIRBP,Q14011,4,0.00,43.56,31.05,2.60,0.42,22.00,3.13,0.89,3.15,-1.96,7.04,0.00,0.99,FALSE,FALSE,0.59,0.58,0.59,prot.3475,0.75,seq.12724.81,0.73,
CISD2_40119,OID40119,CISD2,Q8N5K1,1,0.00,89.49,72.09,-1.92,1.13,22.00,-1.92,1.82,-1.77,-9.07,4.99,0.04,0.75,FALSE,FALSE,0.06,0.06,0.06,prot.4437,0.06,seq.8094.20,0.01,
CIT_43529,OID43529,CIT,O14578,4,0.00,39.32,26.94,0.16,0.39,22.00,0.35,0.54,0.31,-1.16,4.50,0.01,0.98,FALSE,FALSE,0.07,0.06,0.07,,,seq.31986.1,-0.05,
CKAP2L_41023,OID41023,CKAP2L,Q8IYA6,2,0.14,40.21,85.04,-1.18,0.83,22.00,-0.05,1.89,-0.47,-8.99,9.01,0.00,0.91,FALSE,FALSE,0.05,0.05,0.06,,,,,
CKAP4_43530,OID43530,CKAP4,Q07065,4,0.00,2.02,10.65,-0.16,0.15,22.00,0.32,0.32,0.30,-0.77,2.43,0.01,0.98,FALSE,FALSE,0.20,0.19,0.20,prot.3272,-0.05,seq.35766.74,0.06,
CKAP5_44542,OID44542,CKAP5,Q14008,5,0.07,0.35,17.01,1.76,0.23,22.00,1.84,0.59,1.84,-0.57,6.12,0.00,1.00,FALSE,FALSE,0.64,0.62,0.64,prot.3474,0.73,seq.32054.1,0.19,4
CKB_45073,OID45073,CKB,P12277,6,1.11,11.33,18.15,0.39,0.26,21.00,-0.45,0.77,-0.51,-2.68,3.41,0.00,0.88,FALSE,FALSE,0.34,0.32,0.34,prot.2047,0.12,seq.3800.71,0.13,7
CKMT1A_CKMT1B_44543,OID44543,CKMT1A_CKMT1B,P12532,5,0.07,0.00,16.18,1.70,0.23,22.00,2.03,0.61,1.95,-3.73,5.04,0.00,0.99,TRUE,FALSE,0.69,0.69,0.70,prot.6518,-0.18,seq.15542.19,0.79,
CLASP1_42295,OID42295,CLASP1,Q7Z460,3,0.00,47.04,36.48,0.73,0.50,22.00,1.22,0.74,1.16,-0.93,7.29,0.01,1.00,FALSE,FALSE,0.33,0.32,0.33,prot.4180,0.43,seq.32099.30,0.09,
CLBA1_40120,OID40120,CLBA1,Q96F83,1,0.00,72.79,89.47,7.60,2.24,22.00,0.79,3.64,0.16,-5.76,10.84,0.00,0.00,FALSE,FALSE,0.02,0.02,0.03,,,,,
CLC_44544,OID44544,CLC,Q05315,5,0.07,0.84,11.39,-0.26,0.16,22.00,0.08,0.68,0.02,-2.14,3.98,0.00,0.50,FALSE,FALSE,0.62,0.61,0.63,prot.3254,0.69,seq.11094.31,0.06,
CLDN23_41024,OID41024,CLDN23,Q96B33,2,0.14,94.98,25.27,0.20,0.36,22.00,0.31,0.55,0.32,-2.61,4.46,0.00,1.00,FALSE,FALSE,0.07,0.07,0.08,,,,,
CLEC10A_43531,OID43531,CLEC10A,Q8IUN9,4,0.00,2.23,7.64,0.99,0.11,22.00,0.56,0.40,0.56,-1.45,2.51,0.00,0.92,TRUE,TRUE,0.53,0.52,0.53,prot.948,0.66,seq.10955.4,0.03,
CLEC11A_45074,OID45074,CLEC11A,Q9Y240,6,1.11,1.97,8.79,0.37,0.13,21.00,0.37,0.49,0.35,-1.33,2.61,0.00,0.99,FALSE,FALSE,0.67,0.67,0.68,prot.6104,0.41,seq.2966.65,0.77,
CLEC12A_43532,OID43532,CLEC12A,Q5QGZ9,4,0.00,17.26,22.11,-0.20,0.31,22.00,0.07,0.48,0.06,-1.37,4.23,0.00,1.00,TRUE,FALSE,0.22,0.21,0.22,prot.7482,0.11,seq.11187.11,0.11,
CLEC14A_45075,OID45075,CLEC14A,Q86T13,6,1.11,7.18,10.40,-0.09,0.15,21.00,0.11,0.41,0.10,-2.36,2.93,0.00,1.00,FALSE,FALSE,0.62,0.61,0.62,prot.4220,0.19,seq.26326.7,0.75,
CLEC1A_43533,OID43533,CLEC1A,Q8NC01,4,0.00,9.60,10.22,-0.04,0.15,22.00,0.11,0.42,0.08,-1.10,2.89,0.01,0.98,FALSE,FALSE,0.30,0.29,0.30,,,seq.21853.3,0.25,
CLEC1B_44545,OID44545,CLEC1B,Q9P126,5,0.07,0.00,19.10,2.17,0.26,22.00,2.60,0.73,2.56,-0.10,7.17,0.00,0.99,TRUE,FALSE,0.66,0.66,0.67,prot.5851,0.75,seq.4332.6,0.56,4
CLEC2L_42296,OID42296,CLEC2L,P0C7M8,3,0.00,79.61,62.25,-0.07,1.05,22.00,0.15,1.62,0.35,-7.23,6.22,0.03,0.95,FALSE,FALSE,0.03,0.03,0.03,prot.1962,0.02,seq.8242.9,0.03,
CLEC4A_43534,OID43534,CLEC4A,Q9UMR7,4,0.00,0.35,8.45,0.33,0.12,22.00,0.10,0.38,0.10,-1.51,1.88,0.00,1.00,FALSE,FALSE,0.24,0.23,0.25,,,seq.8853.2,0.00,
CLEC4C_43535,OID43535,CLEC4C,Q8WTT0,4,0.00,0.07,12.08,-0.01,0.18,22.00,0.60,0.50,0.58,-1.71,2.94,0.00,1.00,TRUE,FALSE,0.54,0.53,0.54,,,seq.9094.5,0.82,
CLEC4D_43536,OID43536,CLEC4D,Q8WXI8,4,0.00,30.13,19.64,0.51,0.28,22.00,0.77,0.73,0.72,-1.48,4.79,0.00,0.97,TRUE,FALSE,0.22,0.21,0.22,,,seq.7752.31,0.09,
CLEC4E_41025,OID41025,CLEC4E,Q9ULY5,2,0.14,49.41,36.65,-0.27,0.55,22.00,0.21,0.98,0.09,-2.51,8.60,0.00,0.91,FALSE,FALSE,0.07,0.06,0.07,,,seq.35741.127,-0.01,
CLEC4G_43537,OID43537,CLEC4G,Q6UXB4,4,0.00,5.85,21.33,0.51,0.39,22.00,0.49,0.45,0.52,-1.69,2.03,0.00,0.99,FALSE,FALSE,0.25,0.25,0.25,prot.4060,0.18,seq.10781.19,0.13,
CLEC4M_45076,OID45076,CLEC4M,Q9H2X3,6,1.11,17.66,10.95,0.97,0.15,21.00,0.47,0.50,0.46,-1.23,2.46,0.00,0.87,FALSE,FALSE,0.37,0.37,0.38,prot.6956,0.11,seq.3030.3,0.06,
CLEC5A_44546,OID44546,CLEC5A,Q9NY25,5,0.07,11.84,9.36,-0.03,0.13,22.00,-0.07,0.40,-0.07,-7.04,1.58,0.00,0.96,TRUE,FALSE,0.37,0.35,0.38,,,seq.26079.21,0.15,
CLEC6A_42297,OID42297,CLEC6A,Q6EIG7,3,0.00,52.33,24.48,-0.09,0.34,22.00,0.20,0.69,0.19,-2.03,2.99,0.00,0.99,TRUE,FALSE,0.12,0.12,0.13,,,seq.6911.103,-0.01,
CLEC7A_43538,OID43538,CLEC7A,Q9BXN2,4,0.00,49.27,20.22,0.03,0.28,22.00,0.16,0.80,0.23,-9.20,3.13,0.01,0.98,TRUE,TRUE,0.14,0.13,0.14,,,seq.3603.60,0.00,
CLGN_42298,OID42298,CLGN,O14967,3,0.00,23.73,46.23,-1.01,0.73,22.00,0.12,0.94,0.12,-4.05,4.60,0.00,0.94,TRUE,FALSE,0.17,0.16,0.18,prot.6992,0.09,seq.10600.24,-0.05,
CLHC1_41026,OID41026,CLHC1,Q8NHS4,2,0.14,78.05,53.92,-4.56,1.62,22.00,-3.39,1.24,-3.51,-11.75,2.20,0.00,0.99,FALSE,FALSE,0.03,0.02,0.03,,,,,
CLIC1_41027,OID41027,CLIC1,O00299,2,0.14,80.91,47.06,-2.57,0.81,22.00,-2.16,1.03,-2.19,-9.80,2.81,0.00,0.96,FALSE,FALSE,0.08,0.08,0.08,prot.1034,0.06,seq.5013.2,0.03,
CLIC3_41028,OID41028,CLIC3,O95833,2,0.14,64.95,29.68,-0.16,0.45,22.00,0.49,0.85,0.41,-3.12,6.88,0.00,0.93,FALSE,FALSE,0.08,0.08,0.08,prot.6495,-0.03,seq.24693.5,0.03,
CLIC5_42299,OID42299,CLIC5,Q9NZA1,3,0.00,46.62,32.62,-0.07,0.47,22.00,0.31,0.82,0.30,-3.37,4.84,0.01,1.00,FALSE,FALSE,0.12,0.12,0.13,prot.5810,-0.02,seq.12475.48,0.09,
CLINT1_42300,OID42300,CLINT1,Q14677,3,0.00,92.76,48.59,-1.36,1.66,22.00,-0.60,0.90,-0.57,-8.21,5.94,0.01,0.86,FALSE,FALSE,0.04,0.04,0.04,prot.3539,0.01,seq.11659.31,0.02,
CLIP2_43539,OID43539,CLIP2,Q9UDT6,4,0.00,20.95,16.49,3.17,0.23,22.00,2.83,0.85,2.89,-2.57,5.96,0.01,0.89,TRUE,FALSE,0.56,0.55,0.57,prot.5914,0.67,,,
CLK3_41029,OID41029,CLK3,P49761,2,0.14,36.86,16.61,-0.36,0.25,22.00,0.18,0.93,-0.10,-1.08,6.28,0.00,1.00,FALSE,FALSE,0.20,0.19,0.21,,,,,
CLLU1_AS1_41030,OID41030,CLLU1-AS1,Q5K130,2,0.14,79.65,35.67,0.24,0.49,22.00,-0.62,1.56,-0.64,-7.78,7.23,0.00,0.99,FALSE,FALSE,0.01,0.01,0.02,,,seq.34804.19,-0.02,
CLMP_43540,OID43540,CLMP,Q9H6B4,4,0.00,28.04,10.67,0.26,0.16,22.00,0.48,0.33,0.48,-0.83,2.34,0.01,1.00,TRUE,FALSE,0.44,0.44,0.45,,,seq.10440.26,0.60,
CLNS1A_42301,OID42301,CLNS1A,P54105,3,0.00,84.83,78.14,0.04,1.06,22.00,0.26,1.52,0.41,-7.16,11.29,0.03,0.98,FALSE,FALSE,0.14,0.13,0.14,prot.2885,0.27,,,
CLPP_43541,OID43541,CLPP,Q16740,4,0.00,10.23,28.51,2.33,0.41,22.00,2.50,0.99,2.56,-0.63,6.44,0.00,0.99,FALSE,FALSE,0.47,0.46,0.47,prot.3710,0.38,seq.17196.5,0.24,
CLPS_45077,OID45077,CLPS,P04118,6,1.11,1.97,16.44,0.05,0.25,21.00,-0.02,0.87,-0.03,-2.58,6.43,0.00,0.99,TRUE,FALSE,0.63,0.63,0.64,prot.7244,0.09,seq.5749.53,0.62,
CLPX_41031,OID41031,CLPX,O76031,2,0.14,79.79,47.02,-1.25,0.81,22.00,-0.48,1.02,-0.52,-8.67,6.15,0.00,0.99,FALSE,FALSE,0.07,0.07,0.07,prot.6483,0.09,,,
CLSPN_42302,OID42302,CLSPN,Q9HAW4,3,0.00,90.74,113.98,-1.90,2.66,22.00,-1.00,2.07,-0.56,-7.10,7.47,0.09,0.00,FALSE,FALSE,0.03,0.02,0.03,,,,,
CLSTN2_43542,OID43542,CLSTN2,Q9H4D0,4,0.00,4.31,12.03,0.82,0.17,22.00,0.77,0.46,0.76,-0.77,3.24,0.01,0.96,FALSE,FALSE,0.51,0.50,0.51,,,seq.18882.7,0.74,
CLSTN3_43543,OID43543,CLSTN3,Q9BQT9,4,0.00,18.23,9.91,0.51,0.14,22.00,0.90,0.44,0.90,-1.15,5.66,0.00,1.00,TRUE,FALSE,0.31,0.30,0.31,,,seq.6291.55,0.23,
CLTA_41032,OID41032,CLTA,P09496,2,0.14,74.98,71.14,-0.19,1.94,22.00,0.28,1.23,0.35,-7.13,4.18,0.00,0.69,FALSE,FALSE,0.06,0.06,0.07,prot.1939,0.07,seq.19257.11,0.08,
CLTB_44547,OID44547,CLTB,P09497,5,0.07,14.28,27.00,0.89,0.45,22.00,1.01,0.67,1.07,-1.84,4.12,0.00,0.86,FALSE,FALSE,0.42,0.42,0.43,prot.1940,0.42,seq.31612.32,0.08,
CLTCL1_41033,OID41033,CLTCL1,P53675,2,0.14,87.32,56.58,0.07,0.73,22.00,0.04,1.09,0.09,-7.48,4.79,0.00,1.00,FALSE,FALSE,0.02,0.01,0.02,prot.2876,0.00,,,
CLUAP1_41034,OID41034,CLUAP1,Q96AJ1,2,0.14,74.70,35.32,0.26,0.56,22.00,0.37,0.98,0.28,-3.31,8.19,0.00,0.99,FALSE,FALSE,0.03,0.02,0.03,,,seq.23307.7,-0.03,
CLUL1_44548,OID44548,CLUL1,Q15846,5,0.07,0.00,10.92,-0.36,0.15,22.00,0.17,0.53,0.18,-1.59,2.06,0.00,0.99,TRUE,FALSE,0.64,0.63,0.64,,,seq.21492.19,0.72,
CLU_45458,OID45458,CLU,P10909,8,0.84,5.19,15.11,0.11,0.22,22.00,0.02,0.28,0.02,-0.99,1.51,0.00,0.99,FALSE,FALSE,0.34,0.33,0.34,prot.1999,0.09,seq.4542.24,0.11,
CLVS2_42304,OID42304,CLVS2,Q5SYC1,3,0.00,79.82,19.21,-0.11,0.28,22.00,-0.03,0.44,-0.05,-1.22,6.03,0.01,0.98,FALSE,FALSE,0.04,0.03,0.04,,,seq.34987.5,0.00,
CLXN_40121,OID40121,CLXN,Q9HAE3,1,0.00,80.86,177.30,1.75,2.61,22.00,1.83,3.10,0.35,-5.62,8.85,0.04,0.00,FALSE,FALSE,0.00,0.00,0.01,,,seq.23274.27,-0.05,
CLYBL_42305,OID42305,CLYBL,Q8N0X4,3,0.00,47.18,28.77,-0.19,0.47,22.00,-0.65,0.96,-0.73,-3.23,5.49,0.01,0.76,FALSE,FALSE,0.34,0.33,0.35,prot.4380,0.07,seq.23541.61,0.58,
CMC1_44549,OID44549,CMC1,Q7Z7K0,5,0.07,63.37,73.75,2.17,0.91,22.00,2.38,1.13,2.36,-3.70,8.41,0.00,1.00,FALSE,FALSE,0.38,0.38,0.39,prot.6682,0.37,seq.31574.18,0.44,
CMIP_43544,OID43544,CMIP,Q8IY22,4,0.00,0.90,25.61,1.89,0.40,22.00,2.13,0.67,2.13,-0.42,5.78,0.01,1.00,FALSE,FALSE,0.59,0.58,0.59,prot.4350,0.70,seq.25100.11,0.59,
CMYA5_43545,OID43545,CMYA5,Q8N3K9,4,0.00,25.82,23.36,0.08,0.42,22.00,-0.06,1.25,-0.14,-3.53,6.19,0.01,0.75,FALSE,FALSE,0.11,0.10,0.11,prot.6711,-0.04,,,
CNBD1_41035,OID41035,CNBD1,Q8NA66,2,0.14,59.30,39.93,-0.23,0.57,22.00,0.27,0.83,0.16,-2.02,7.67,0.00,0.99,FALSE,FALSE,0.06,0.05,0.06,,,,,
CNDP1_45337,OID45337,CNDP1,Q96KN2,7,0.07,0.00,10.35,2.46,0.15,22.00,1.90,0.49,1.92,-1.33,3.60,0.00,0.93,TRUE,FALSE,0.71,0.70,0.71,prot.5001,0.54,seq.5456.59,0.83,
CNGA3_41036,OID41036,CNGA3,Q16281,2,0.14,85.51,17.08,-0.22,0.25,22.00,-0.05,0.59,-0.09,-1.83,4.46,0.00,0.98,FALSE,FALSE,0.16,0.15,0.16,,,,,
CNGB3_42306,OID42306,CNGB3,Q9NQW8,3,0.00,48.43,41.52,-0.10,0.60,22.00,0.25,0.93,0.15,-2.39,7.07,0.02,1.00,FALSE,FALSE,0.13,0.13,0.14,,,,,
CNKSR1_40122,OID40122,CNKSR1,Q969H4,1,0.00,64.86,24.12,-0.32,0.30,22.00,-0.22,0.75,-0.35,-2.31,4.52,0.02,1.00,FALSE,FALSE,0.07,0.06,0.07,,,,,
CNKSR2_41038,OID41038,CNKSR2,Q8WXI2,2,0.14,84.60,58.99,-0.72,0.95,22.00,-0.08,1.45,-0.14,-8.28,8.42,0.00,0.96,FALSE,FALSE,0.02,0.02,0.02,,,,,
CNN2_44550,OID44550,CNN2,Q99439,5,0.07,0.07,20.12,3.21,0.28,22.00,3.58,0.77,3.64,-0.51,6.68,0.00,1.00,TRUE,FALSE,0.56,0.55,0.56,,,seq.18877.15,0.38,4
CNOT10_41039,OID41039,CNOT10,Q9H9A5,2,0.14,81.25,69.01,-0.67,1.23,22.00,-0.27,1.47,-0.15,-7.55,6.26,0.00,0.99,FALSE,FALSE,0.02,0.02,0.02,prot.5528,-0.01,,,
CNOT11_40123,OID40123,CNOT11,Q9UKZ1,1,0.00,82.88,54.10,-1.09,1.04,22.00,-0.37,0.99,-0.40,-8.63,5.54,0.02,0.99,FALSE,FALSE,0.03,0.02,0.03,prot.6021,0.00,seq.28502.68,0.01,
CNOT4_41040,OID41040,CNOT4,O95628,2,0.14,87.87,42.77,-1.25,0.98,22.00,-1.72,1.57,-1.76,-9.04,6.83,0.00,0.99,FALSE,FALSE,0.00,0.00,0.01,prot.1560,-0.04,,,
CNPY2_42307,OID42307,CNPY2,Q9Y2B0,3,0.00,56.99,23.94,-0.26,0.37,22.00,0.17,0.78,0.07,-1.62,6.35,0.03,0.99,FALSE,FALSE,0.09,0.08,0.09,prot.6126,0.08,,,
CNPY3_41041,OID41041,CNPY3,Q9BT09,2,0.14,87.32,90.39,-0.76,2.19,22.00,0.08,2.02,0.42,-6.41,8.58,0.00,0.04,FALSE,FALSE,0.05,0.04,0.05,prot.5221,0.08,seq.17327.3,0.03,
CNPY4_43547,OID43547,CNPY4,Q8N129,4,0.00,47.95,23.13,0.71,0.36,22.00,0.78,0.54,0.81,-1.01,3.03,0.00,0.89,TRUE,FALSE,0.34,0.33,0.34,prot.7130,0.16,seq.26263.20,0.39,
CNP_43546,OID43546,CNP,P09543,4,0.00,1.60,19.61,2.18,0.27,22.00,2.54,0.59,2.52,0.37,5.43,0.01,0.99,FALSE,FALSE,0.62,0.62,0.63,prot.1943,0.70,seq.6609.22,0.74,
CNRIP1_42308,OID42308,CNRIP1,Q96F85,3,0.00,41.41,46.04,2.35,0.58,22.00,2.19,0.89,2.12,-0.28,6.86,0.01,0.76,TRUE,FALSE,0.54,0.53,0.55,prot.4916,0.27,seq.18218.48,0.72,
CNST_44551,OID44551,CNST,Q6PJW8,5,0.07,1.04,28.30,2.47,0.41,22.00,2.54,0.72,2.52,-0.33,6.53,0.00,0.99,FALSE,FALSE,0.55,0.54,0.56,prot.4030,0.59,,,
CNTF_42309,OID42309,CNTF,P26441,3,0.00,84.90,197.57,0.49,3.24,22.00,0.27,3.33,0.14,-6.22,7.02,0.00,0.00,FALSE,FALSE,0.03,0.03,0.03,,,seq.3489.9,0.03,
CNTN1_45078,OID45078,CNTN1,Q12860,6,1.11,1.97,8.70,0.49,0.13,21.00,0.44,0.30,0.45,-0.52,1.59,0.00,0.93,FALSE,FALSE,0.58,0.58,0.58,,,seq.2974.61,0.64,
CNTN2_43548,OID43548,CNTN2,Q02246,4,0.00,23.66,12.88,0.48,0.19,22.00,0.54,0.55,0.50,-1.55,2.30,0.00,1.00,TRUE,TRUE,0.57,0.57,0.57,,,seq.3296.92,0.74,
CNTN3_45079,OID45079,CNTN3,Q9P232,6,1.11,7.18,12.11,0.78,0.19,21.00,0.36,0.49,0.40,-2.09,1.68,0.00,0.73,TRUE,FALSE,0.64,0.63,0.64,,,seq.20586.18,0.77,
CNTN4_45080,OID45080,CNTN4,Q8IWV2,6,1.11,1.97,10.95,0.61,0.17,21.00,0.41,0.32,0.43,-2.53,1.24,0.00,0.99,TRUE,FALSE,0.57,0.56,0.57,,,seq.3298.52,0.62,
CNTN5_44552,OID44552,CNTN5,O94779,5,0.07,0.00,7.49,1.32,0.11,22.00,0.42,0.44,0.40,-1.09,2.80,0.00,1.00,TRUE,FALSE,0.65,0.64,0.65,,,seq.3299.29,0.73,
CNTNAP2_43549,OID43549,CNTNAP2,Q9UHC6,4,0.00,3.83,10.10,-0.41,0.15,22.00,0.04,0.47,0.02,-1.47,2.71,0.00,0.88,FALSE,FALSE,0.54,0.53,0.54,,,seq.6965.19,0.77,
CNTRL_42311,OID42311,CNTRL,Q7Z7A1,3,0.00,49.69,39.52,-0.64,0.56,22.00,-0.41,0.73,-0.42,-4.32,4.43,0.01,0.99,FALSE,FALSE,0.09,0.09,0.09,prot.4205,0.04,seq.35162.19,0.08,
COBLL1_41043,OID41043,COBLL1,Q53SF7,2,0.14,75.75,53.08,-0.98,1.02,22.00,0.59,1.54,0.32,-6.74,11.10,0.00,1.00,FALSE,FALSE,0.06,0.06,0.07,,,,,
COBL_41042,OID41042,COBL,O75128,2,0.14,78.12,42.85,-0.59,0.60,22.00,-0.52,1.43,-0.70,-8.83,8.13,0.00,0.99,FALSE,FALSE,0.04,0.04,0.04,,,,,
COCH_44553,OID44553,COCH,O43405,5,0.07,0.00,11.77,0.05,0.18,22.00,0.22,0.47,0.19,-1.65,2.84,0.00,1.00,TRUE,FALSE,0.62,0.62,0.63,,,seq.7227.75,0.68,
COG7_41044,OID41044,COG7,P83436,2,0.14,62.09,63.71,-1.73,1.65,22.00,-0.27,1.50,-0.46,-8.35,8.23,0.00,0.99,FALSE,FALSE,0.02,0.02,0.02,prot.3152,0.02,,,
COL15A1_45081,OID45081,COL15A1,P39059,6,1.11,6.97,10.29,0.37,0.15,21.00,0.41,0.35,0.39,-0.81,2.40,0.00,0.94,TRUE,FALSE,0.61,0.61,0.62,,,seq.8974.172,0.67,
COL18A1_45082,OID45082,COL18A1,P39060,6,1.11,1.97,10.86,0.23,0.17,21.00,0.20,0.31,0.20,-0.94,1.61,0.00,1.00,TRUE,TRUE,0.53,0.53,0.53,prot.2585,0.20,seq.2201.17,0.53,
COL1A1_45083,OID45083,COL1A1,P02452,6,1.11,3.24,8.85,-0.38,0.12,21.00,-0.09,0.58,-0.11,-1.95,2.24,0.00,0.63,FALSE,FALSE,0.60,0.59,0.60,prot.1706,0.27,seq.11140.56,0.59,
COL23A1_40124,OID40124,COL23A1,Q86Y22,1,0.00,48.64,31.33,1.59,0.42,22.00,0.59,0.91,0.55,-7.88,6.10,0.01,0.97,FALSE,FALSE,0.11,0.10,0.11,,,seq.4543.65,0.00,
COL24A1_43550,OID43550,COL24A1,Q17RW2,4,0.00,20.74,10.37,0.27,0.15,22.00,0.65,0.37,0.65,-0.68,2.40,0.00,0.99,FALSE,FALSE,0.36,0.35,0.37,,,,,
COL25A1_DT_41045,OID41045,COL25A1-DT,Q6ZST2,2,0.14,78.26,21.73,-0.01,0.33,22.00,-0.40,0.85,-0.53,-2.93,5.60,0.00,1.00,FALSE,FALSE,0.04,0.04,0.05,,,seq.35087.7,0.01,
COL26A1_41046,OID41046,COL26A1,Q96A83,2,0.14,51.01,26.77,2.03,0.36,22.00,1.28,1.22,1.27,-2.38,8.09,0.00,0.99,TRUE,FALSE,0.35,0.34,0.36,,,,,
COL28A1_43551,OID43551,COL28A1,Q2UY09,4,0.00,9.12,14.04,0.13,0.19,22.00,0.89,1.12,0.76,-2.43,4.35,0.00,0.99,TRUE,FALSE,0.49,0.48,0.50,prot.6639,0.55,seq.10702.1,0.04,
COL2A1_43552,OID43552,COL2A1,P02458,4,0.00,15.94,9.51,1.63,0.14,22.00,1.37,0.58,1.28,-1.03,5.67,0.01,0.93,TRUE,FALSE,0.62,0.62,0.63,,,seq.18875.125,0.87,
COL3A1_45084,OID45084,COL3A1,P02461,6,1.11,42.58,21.61,0.38,0.27,21.00,0.26,0.39,0.28,-1.91,1.78,0.00,0.99,FALSE,FALSE,0.47,0.46,0.48,prot.1707,0.15,seq.18880.81,0.56,
COL4A1_44554,OID44554,COL4A1,P02462,5,0.07,0.00,8.26,0.38,0.12,22.00,0.29,0.43,0.26,-1.02,2.38,0.00,1.00,FALSE,FALSE,0.38,0.36,0.39,prot.6500,-0.04,seq.29561.50,0.10,
COL4A4_42312,OID42312,COL4A4,P53420,3,0.00,81.70,60.81,0.02,0.89,22.00,0.12,1.21,0.27,-7.36,5.08,0.02,0.99,FALSE,FALSE,0.05,0.05,0.05,,,,,
COL4A6_40125,OID40125,COL4A6,Q14031,1,0.00,87.96,50.74,-0.12,0.74,22.00,-0.01,0.76,0.01,-3.36,4.90,0.01,0.91,FALSE,FALSE,0.05,0.05,0.05,,,,,
COL5A1_44555,OID44555,COL5A1,P20908,5,0.07,22.98,16.57,0.07,0.24,22.00,0.28,0.58,0.26,-1.74,3.25,0.00,0.85,TRUE,FALSE,0.44,0.44,0.45,prot.2243,0.46,seq.22047.46,0.15,
COL6A3_45085,OID45085,COL6A3,P12111,6,1.11,1.97,8.16,-0.01,0.12,21.00,0.26,0.43,0.23,-1.63,3.01,0.00,1.00,FALSE,FALSE,0.63,0.62,0.64,prot.2043,0.24,seq.11196.31,0.74,
COL6A6_41047,OID41047,COL6A6,A6NMZ7,2,0.14,67.39,25.91,-0.62,0.37,22.00,-0.21,0.68,-0.33,-1.88,5.96,0.00,1.00,FALSE,FALSE,0.04,0.04,0.04,prot.7717,,seq.33017.5,-0.01,
COL9A1_43553,OID43553,COL9A1,P20849,4,0.00,0.00,7.86,0.78,0.11,22.00,0.13,1.05,-0.06,-1.59,8.35,0.03,0.99,FALSE,FALSE,0.44,0.43,0.44,,,seq.15466.30,0.52,
COL9A2_42313,OID42313,COL9A2,Q14055,3,0.00,78.36,50.79,0.37,0.75,22.00,0.71,1.05,0.74,-7.42,7.09,0.01,0.93,FALSE,FALSE,0.09,0.09,0.10,,,,,
COLEC11_45086,OID45086,COLEC11,Q9BWP8,6,1.11,1.97,20.33,-0.34,0.56,21.00,0.20,0.47,0.26,-3.43,1.25,0.00,1.00,TRUE,FALSE,0.52,0.51,0.53,prot.5285,0.51,seq.4430.44,0.56,
COLEC12_44556,OID44556,COLEC12,Q5KU26,5,0.07,2.02,9.54,0.07,0.13,22.00,0.30,0.34,0.27,-1.01,2.24,0.00,0.99,FALSE,FALSE,0.45,0.45,0.46,prot.3829,0.35,seq.5457.5,0.05,
COLQ_40126,OID40126,COLQ,Q9Y215,1,0.00,81.70,30.50,0.63,0.40,22.00,0.14,0.82,0.04,-2.31,7.39,0.03,0.98,FALSE,FALSE,0.06,0.05,0.06,,,,,
COMMD1_43554,OID43554,COMMD1,Q8N668,4,0.00,38.14,24.06,0.23,0.35,22.00,0.48,0.50,0.48,-1.51,3.30,0.00,0.87,FALSE,FALSE,0.30,0.29,0.30,prot.4444,0.33,seq.12509.115,-0.02,
COMMD2_44557,OID44557,COMMD2,Q86X83,5,0.07,7.45,9.04,0.19,0.13,22.00,0.47,0.32,0.45,-0.37,3.34,0.00,1.00,TRUE,TRUE,0.39,0.38,0.39,prot.6690,0.28,seq.30233.32,0.10,
COMMD7_40127,OID40127,COMMD7,Q86VX2,1,0.00,91.93,32.24,-0.46,0.43,22.00,-0.28,0.79,-0.34,-3.28,7.84,0.02,1.00,FALSE,FALSE,0.07,0.07,0.07,,,seq.2823.7,0.11,
COMMD9_43555,OID43555,COMMD9,Q9P000,4,0.00,19.55,12.86,0.90,0.18,22.00,0.29,0.51,0.26,-0.96,4.96,0.01,1.00,FALSE,FALSE,0.22,0.22,0.23,prot.5834,0.13,seq.17683.2,0.15,
COMP_45338,OID45338,COMP,P49747,7,0.07,0.00,9.21,1.50,0.13,22.00,0.72,0.44,0.73,-0.88,2.40,0.00,1.00,FALSE,FALSE,0.69,0.68,0.70,,,seq.8043.153,0.81,
COMT_43556,OID43556,COMT,P21964,4,0.00,0.00,18.87,1.74,0.27,22.00,2.02,0.67,2.01,-0.61,5.18,0.00,0.97,TRUE,TRUE,0.53,0.52,0.54,prot.2266,0.60,seq.18382.109,-0.08,
COPB2_43557,OID43557,COPB2,P35606,4,0.00,97.63,32.29,0.13,0.50,22.00,0.10,0.57,0.11,-2.09,3.67,0.01,0.99,FALSE,FALSE,0.09,0.09,0.09,,,seq.24459.15,0.05,
COPE_42314,OID42314,COPE,O14579,3,0.00,73.21,55.45,-1.17,1.04,22.00,-0.58,1.30,-0.59,-8.66,6.08,0.02,1.00,FALSE,FALSE,0.04,0.04,0.04,prot.1091,0.04,seq.19310.81,0.01,
COPZ1_41048,OID41048,COPZ1,P61923,2,0.14,76.10,74.96,-1.27,2.02,22.00,0.21,1.29,0.34,-7.11,5.49,0.00,1.00,FALSE,FALSE,0.05,0.05,0.06,,,,,
COQ6_41049,OID41049,COQ6,Q9Y2Z9,2,0.14,79.16,34.43,-0.96,0.47,22.00,-0.49,0.83,-0.59,-3.07,5.58,0.00,0.99,FALSE,FALSE,0.04,0.04,0.04,,,seq.22113.2,0.06,
COQ7_43558,OID43558,COQ7,Q99807,4,0.00,25.47,16.42,-0.31,0.24,22.00,0.00,0.57,-0.06,-1.94,3.31,0.01,0.99,FALSE,FALSE,0.22,0.21,0.22,prot.890,0.06,seq.21499.17,0.20,
CORO1A_45087,OID45087,CORO1A,P31146,6,1.11,2.11,17.28,1.48,0.25,21.00,2.19,0.69,2.20,-0.18,6.21,0.00,0.92,FALSE,FALSE,0.60,0.60,0.61,prot.2462,0.60,seq.31924.38,0.05,
CORO6_42315,OID42315,CORO6,Q6QEF8,3,0.00,43.70,18.16,0.45,0.26,22.00,0.20,0.69,0.07,-1.06,6.16,0.01,0.99,FALSE,FALSE,0.07,0.07,0.08,,,seq.26807.3,-0.05,
COX5B_43559,OID43559,COX5B,P10606,4,0.00,41.34,16.31,0.02,0.26,22.00,0.38,0.65,0.32,-1.40,5.14,0.01,0.99,FALSE,FALSE,0.25,0.25,0.26,prot.1987,0.33,seq.7887.57,-0.07,
COX6B1_44558,OID44558,COX6B1,P14854,5,0.07,56.69,49.47,0.92,0.63,22.00,1.29,0.82,1.27,-1.46,5.31,0.00,0.99,FALSE,FALSE,0.38,0.38,0.39,prot.2105,0.44,,,
CPA1_45088,OID45088,CPA1,P15085,6,1.11,2.04,8.92,0.98,0.14,21.00,0.28,0.73,0.27,-2.36,4.09,0.00,0.98,FALSE,FALSE,0.72,0.71,0.72,prot.2111,0.65,seq.19760.26,0.83,
CPA2_44559,OID44559,CPA2,P48052,5,0.07,2.37,10.96,1.36,0.15,22.00,0.69,0.85,0.60,-1.60,4.40,0.00,0.99,TRUE,FALSE,0.43,0.42,0.45,prot.7712,0.06,seq.9276.7,0.01,
CPA4_44560,OID44560,CPA4,Q9UI42,5,0.07,3.90,13.42,0.90,0.20,22.00,0.59,0.52,0.61,-4.83,2.50,0.00,0.97,TRUE,TRUE,0.64,0.64,0.65,prot.5972,0.09,seq.9267.2,0.71,
CPB1_45089,OID45089,CPB1,P15086,6,1.11,19.63,8.50,0.98,0.13,21.00,-0.01,0.76,-0.04,-2.39,4.61,0.00,0.81,FALSE,FALSE,0.76,0.75,0.77,prot.6522,0.00,seq.15375.49,0.92,
CPB2_45459,OID45459,CPB2,Q96IY4,8,0.84,5.19,9.15,0.09,0.14,22.00,0.06,0.31,0.06,-1.41,6.80,0.00,0.94,TRUE,FALSE,0.53,0.52,0.53,prot.4972,0.09,seq.3518.54,0.47,
CPE_43560,OID43560,CPE,P16870,4,0.00,8.14,11.70,0.47,0.17,22.00,0.42,0.28,0.42,-0.56,1.80,0.00,0.98,TRUE,FALSE,0.49,0.48,0.49,prot.2152,0.58,seq.5343.74,0.13,
CPLX3_41050,OID41050,CPLX3,Q8WVH0,2,0.14,85.57,47.41,-1.21,0.70,22.00,-1.04,1.14,-1.11,-8.56,5.98,0.00,0.99,FALSE,FALSE,0.02,0.01,0.02,,,seq.21536.65,0.00,
CPM_44561,OID44561,CPM,P14384,5,0.07,0.00,6.64,1.08,0.10,22.00,0.71,0.39,0.71,-1.29,2.38,0.00,0.73,TRUE,TRUE,0.68,0.67,0.68,prot.2094,0.10,seq.9416.77,0.80,
CPN2_45339,OID45339,CPN2,P22792,7,0.07,0.00,6.95,-0.17,0.10,22.00,-0.01,0.30,0.00,-0.87,0.97,0.00,0.99,TRUE,TRUE,0.53,0.52,0.53,prot.2292,0.10,seq.6415.90,0.53,
CPOX_42317,OID42317,CPOX,P36551,3,0.00,55.60,19.79,0.38,0.29,22.00,0.22,0.51,0.21,-1.92,4.11,0.00,1.00,FALSE,FALSE,0.28,0.27,0.29,prot.2558,0.14,seq.18241.18,0.37,
CPPED1_44562,OID44562,CPPED1,Q9BRF8,5,0.07,0.00,15.95,1.89,0.21,22.00,1.63,0.63,1.61,-0.31,5.39,0.00,0.97,TRUE,TRUE,0.50,0.50,0.51,prot.5191,0.42,seq.21108.5,0.14,
CPQ_45090,OID45090,CPQ,Q9Y646,6,1.11,1.97,6.51,0.51,0.09,21.00,0.47,0.36,0.47,-0.89,1.82,0.00,0.99,TRUE,FALSE,0.60,0.59,0.60,prot.6278,0.48,seq.9394.19,0.66,
CPSF2_40128,OID40128,CPSF2,Q9P2I0,1,0.00,85.32,46.48,1.94,0.58,22.00,0.58,1.46,0.41,-8.19,8.20,0.02,1.00,FALSE,FALSE,0.08,0.08,0.09,,,,,
CPSF3_40129,OID40129,CPSF3,Q9UKF6,1,0.00,89.28,46.13,-0.37,0.74,22.00,0.03,0.67,0.01,-2.22,3.97,0.01,1.00,FALSE,FALSE,0.08,0.07,0.08,,,,,
CPTP_42318,OID42318,CPTP,Q5TA50,3,0.00,85.18,47.73,-0.17,0.76,22.00,0.07,0.98,0.17,-7.51,3.47,0.01,0.99,FALSE,FALSE,0.05,0.05,0.05,prot.7414,0.02,seq.21426.88,0.05,
CPVL_43561,OID43561,CPVL,Q9H3G5,4,0.00,19.21,12.02,-0.42,0.17,22.00,0.17,0.38,0.17,-1.49,2.65,0.01,0.99,TRUE,FALSE,0.38,0.37,0.38,prot.5456,0.40,seq.8891.7,0.01,
CPXM1_44563,OID44563,CPXM1,Q96SM3,5,0.07,0.42,12.09,0.75,0.19,22.00,0.85,0.57,0.83,-0.98,3.24,0.00,0.97,TRUE,FALSE,0.66,0.66,0.67,prot.5089,0.74,seq.6255.74,0.86,
CPXM2_44564,OID44564,CPXM2,Q8N436,5,0.07,2.37,10.71,0.77,0.16,22.00,1.03,0.41,1.02,-0.47,5.07,0.00,0.99,TRUE,FALSE,0.58,0.56,0.58,prot.4416,0.61,,,
CPZ_42319,OID42319,CPZ,Q66K79,3,0.00,52.40,21.73,-1.05,0.35,22.00,-0.91,0.89,-1.01,-3.52,5.23,0.01,0.96,TRUE,FALSE,0.21,0.20,0.21,prot.3938,0.20,seq.6493.9,0.11,
CR1_45340,OID45340,CR1,P17927,7,0.07,0.00,16.78,-0.34,0.24,22.00,0.24,0.46,0.22,-2.43,2.08,0.00,0.99,TRUE,TRUE,0.55,0.55,0.55,,,seq.19556.12,0.64,
CR2_45341,OID45341,CR2,P20023,7,0.07,0.00,7.72,-0.73,0.11,22.00,0.30,0.58,0.30,-1.88,2.23,0.00,0.99,FALSE,FALSE,0.69,0.69,0.70,,,seq.15570.99,0.90,
CRACDL_41051,OID41051,CRACDL,Q6NV74,2,0.14,52.54,30.82,0.89,0.53,22.00,0.71,0.83,0.71,-2.36,8.57,0.00,1.00,FALSE,FALSE,0.14,0.14,0.15,,,,,
CRACR2A_42320,OID42320,CRACR2A,Q9BSW2,3,0.00,29.16,42.45,1.80,0.71,22.00,2.34,0.92,2.39,-1.60,6.38,0.00,0.99,TRUE,FALSE,0.41,0.41,0.41,prot.5220,0.44,seq.24304.3,-0.10,
CRACR2B_41052,OID41052,CRACR2B,Q8N4Y2,2,0.14,81.18,45.03,-0.79,0.78,22.00,-0.56,1.06,-0.52,-7.90,4.40,0.00,0.99,FALSE,FALSE,0.05,0.05,0.06,,,,,
CRADD_43562,OID43562,CRADD,P78560,4,0.00,5.50,12.29,2.33,0.18,22.00,2.50,0.60,2.50,0.08,5.89,0.01,1.00,FALSE,FALSE,0.50,0.50,0.50,prot.6578,0.28,seq.15322.35,0.46,4
CRB2_44565,OID44565,CRB2,Q5IJ48,5,0.07,0.00,7.57,0.30,0.11,22.00,0.48,0.28,0.48,-0.64,1.47,0.00,0.99,TRUE,FALSE,0.51,0.51,0.52,,,,,
CREB3L1_41053,OID41053,CREB3L1,Q96BA8,2,0.14,75.75,51.32,-0.40,0.76,22.00,0.00,1.04,-0.02,-6.99,6.52,0.00,1.00,FALSE,FALSE,0.01,0.01,0.01,,,seq.11198.37,-0.01,
CREB3_42321,OID42321,CREB3,O43889,3,0.00,83.37,71.37,0.27,1.13,22.00,-0.11,1.78,0.13,-7.10,5.27,0.04,0.62,FALSE,FALSE,0.03,0.03,0.03,,,,,
CREBZF_42322,OID42322,CREBZF,Q9NS37,3,0.00,74.32,42.30,-0.52,0.60,22.00,-0.38,1.36,-0.34,-7.95,5.74,0.02,1.00,FALSE,FALSE,0.02,0.02,0.02,,,seq.21134.9,-0.02,
CREG1_44566,OID44566,CREG1,O75629,5,0.07,3.76,10.74,0.28,0.17,22.00,0.08,0.42,0.06,-1.40,2.59,0.00,0.99,TRUE,FALSE,0.63,0.63,0.64,prot.1432,0.10,seq.9357.4,0.80,
CREG2_40130,OID40130,CREG2,Q8IUH2,1,0.00,80.10,27.62,-0.10,0.40,22.00,-0.06,0.62,-0.08,-3.44,4.94,0.03,0.99,FALSE,FALSE,0.00,0.00,0.01,,,seq.28098.32,-0.06,
CRELD1_44567,OID44567,CRELD1,Q96HD1,5,0.07,0.00,9.62,0.22,0.13,22.00,0.35,0.33,0.34,-0.68,1.53,0.00,0.99,TRUE,FALSE,0.37,0.37,0.38,prot.324,0.09,seq.7628.40,0.24,
CRELD2_44568,OID44568,CRELD2,Q6UXH1,5,0.07,5.64,9.95,-0.11,0.14,22.00,0.51,0.50,0.48,-1.60,5.00,0.00,0.98,TRUE,TRUE,0.40,0.40,0.41,prot.4064,0.20,,,
CRHBP_44569,OID44569,CRHBP,P24387,5,0.07,3.97,11.18,-0.01,0.16,22.00,0.39,0.32,0.41,-0.79,1.34,0.00,1.00,TRUE,TRUE,0.55,0.54,0.55,prot.2329,0.31,seq.6039.24,0.61,
CRHR1_41054,OID41054,CRHR1,P34998,2,0.14,65.37,220.55,-0.08,3.41,22.00,-0.27,3.15,-0.02,-5.11,11.99,0.00,0.00,FALSE,FALSE,0.03,0.03,0.03,,,,,
CRH_42323,OID42323,CRH,P06850,3,0.00,79.40,44.98,0.59,0.60,22.00,0.22,1.51,0.34,-7.70,9.06,0.01,1.00,FALSE,FALSE,0.30,0.29,0.30,prot.1842,0.42,seq.19637.9,0.14,
CRIM1_44570,OID44570,CRIM1,Q9NZV1,5,0.07,7.45,10.62,0.14,0.15,22.00,0.39,0.29,0.37,-1.03,3.59,0.00,0.95,FALSE,FALSE,0.35,0.33,0.35,,,seq.6502.50,0.20,
CRIP2_43563,OID43563,CRIP2,P52943,4,0.00,8.28,16.39,1.19,0.23,22.00,0.96,0.57,0.95,-0.97,4.47,0.00,0.95,FALSE,FALSE,0.53,0.51,0.53,prot.2863,0.70,seq.9053.16,0.36,
CRIPT_42324,OID42324,CRIPT,Q9P021,3,0.00,84.62,37.00,-1.05,0.62,22.00,-0.85,1.07,-0.84,-7.28,8.08,0.02,0.98,FALSE,FALSE,0.03,0.03,0.04,,,seq.19294.26,-0.03,
CRISP2_43564,OID43564,CRISP2,P16562,4,0.00,2.16,10.63,0.65,0.15,22.00,-0.15,0.77,-0.08,-4.67,1.68,0.00,0.95,TRUE,FALSE,0.68,0.68,0.69,,,seq.9282.12,0.93,
CRISP3_45342,OID45342,CRISP3,P54108,7,0.07,0.63,9.16,-0.18,0.13,22.00,-0.09,0.42,-0.07,-4.25,0.87,0.00,1.00,TRUE,FALSE,0.35,0.34,0.36,prot.6430,0.03,seq.3187.52,0.01,
CRKL_44571,OID44571,CRKL,P46109,5,0.07,1.67,11.15,2.62,0.16,22.00,2.89,0.62,2.90,-0.24,6.32,0.00,0.95,FALSE,FALSE,0.71,0.70,0.72,prot.2657,0.66,seq.9877.28,0.82,4
CRLF1_44572,OID44572,CRLF1,O75462,5,0.07,0.00,10.03,0.28,0.14,22.00,0.40,0.35,0.39,-2.04,1.50,0.00,1.00,FALSE,FALSE,0.38,0.38,0.39,,,seq.2607.54,0.03,
CRLF2_41055,OID41055,CRLF2,Q9HC73,2,0.14,75.54,87.09,-0.30,1.44,22.00,-0.37,1.94,0.00,-6.79,4.35,0.00,0.03,FALSE,FALSE,0.02,0.02,0.02,,,seq.13694.24,0.01,
CRNN_43565,OID43565,CRNN,Q9UBG3,4,0.00,0.00,8.52,-0.16,0.12,22.00,0.20,0.82,0.16,-2.85,3.86,0.00,0.99,TRUE,FALSE,0.42,0.42,0.43,prot.7767,-0.12,seq.17738.7,0.44,
CROCCP2_40131,OID40131,CROCCP2,Q86T23,1,0.00,98.19,45.93,0.38,0.68,22.00,-0.05,1.16,0.09,-8.07,3.56,0.01,0.99,FALSE,FALSE,0.05,0.04,0.06,,,,,
CROCCP3_40132,OID40132,CROCCP3,Q8IVE0,1,0.00,81.56,88.06,-0.19,1.36,22.00,0.28,1.65,0.29,-8.04,7.70,0.02,0.98,FALSE,FALSE,0.02,0.02,0.03,,,,,
CRTAC1_45091,OID45091,CRTAC1,Q9NQ79,6,1.11,1.97,9.85,0.78,0.14,21.00,0.47,0.35,0.51,-1.62,1.63,0.00,0.99,FALSE,FALSE,0.63,0.63,0.64,prot.5626,0.43,seq.5632.6,0.76,
CRTAM_43566,OID43566,CRTAM,O95727,4,0.00,5.98,10.43,-0.46,0.15,22.00,0.36,0.48,0.34,-0.92,2.10,0.00,0.87,TRUE,FALSE,0.54,0.53,0.55,,,seq.7968.15,0.70,
CRTAP_42325,OID42325,CRTAP,O75718,3,0.00,49.13,16.49,0.85,0.23,22.00,0.79,0.44,0.79,-0.50,5.11,0.01,1.00,FALSE,FALSE,0.28,0.27,0.28,prot.1439,0.34,seq.29766.76,0.10,
CRTC1_41056,OID41056,CRTC1,Q6UUV9,2,0.14,83.14,54.46,0.26,0.79,22.00,0.24,1.36,0.24,-7.70,9.03,0.00,0.88,FALSE,FALSE,0.10,0.10,0.10,prot.7916,0.23,,,
CRX_42326,OID42326,CRX,O43186,3,0.00,70.15,64.88,-6.38,0.96,22.00,-5.20,1.89,-5.38,-13.11,2.02,0.02,1.00,FALSE,FALSE,0.04,0.04,0.04,,,,,
CRYAA_40133,OID40133,CRYAA,P02489,1,0.00,78.50,83.95,-1.49,2.30,22.00,-0.41,1.77,-0.17,-7.79,5.35,0.04,0.82,FALSE,FALSE,0.03,0.03,0.03,,,seq.10087.10,0.02,
CRYBB1_44573,OID44573,CRYBB1,P53674,5,0.07,2.02,9.96,1.20,0.14,22.00,1.28,0.47,1.27,-0.55,5.66,0.00,0.99,FALSE,FALSE,0.59,0.58,0.60,,,seq.17751.68,0.57,
CRYBB2_43567,OID43567,CRYBB2,P43320,4,0.00,13.22,15.16,1.21,0.21,22.00,0.55,1.08,0.34,-1.86,7.85,0.03,0.99,FALSE,FALSE,0.15,0.15,0.16,,,seq.10000.28,-0.04,
CRYBG3_41057,OID41057,CRYBG3,Q68DQ2,2,0.14,75.47,77.98,-1.55,2.23,22.00,-0.21,1.62,0.00,-7.03,5.19,0.00,0.90,FALSE,FALSE,0.03,0.03,0.03,prot.3952,0.01,,,
CRYGD_43568,OID43568,CRYGD,P07320,4,0.00,6.61,15.31,1.90,0.22,22.00,2.24,0.94,2.24,-0.89,6.31,0.00,1.00,TRUE,FALSE,0.27,0.25,0.29,,,seq.12366.16,-0.12,
CRYM_42327,OID42327,CRYM,Q14894,3,0.00,56.30,61.75,1.44,0.87,22.00,1.97,1.21,1.94,-1.94,9.23,0.00,0.99,TRUE,FALSE,0.31,0.31,0.31,prot.6619,0.25,,,
CRYZL1_43569,OID43569,CRYZL1,O95825,4,0.00,0.00,20.91,3.77,0.26,22.00,4.06,0.64,4.05,1.32,7.71,0.00,0.99,FALSE,FALSE,0.57,0.57,0.57,prot.1581,0.57,seq.9207.60,0.12,
CSDE1_43570,OID43570,CSDE1,O75534,4,0.00,26.65,27.20,1.59,0.40,22.00,1.89,0.86,1.82,-1.33,8.06,0.02,0.99,FALSE,FALSE,0.43,0.42,0.43,prot.1423,0.45,seq.12735.39,0.04,
CSF1R_45343,OID45343,CSF1R,P07333,7,0.07,0.00,7.94,-0.49,0.12,22.00,0.06,0.40,0.06,-1.13,1.85,0.00,1.00,TRUE,TRUE,0.64,0.64,0.66,,,seq.13682.47,0.85,
CSF1_44574,OID44574,CSF1,P09603,5,0.07,0.00,10.58,-0.67,0.15,22.00,-0.15,0.31,-0.17,-1.14,1.28,0.00,1.00,FALSE,FALSE,0.42,0.41,0.42,prot.1945,0.34,seq.10741.22,0.41,
CSF2RA_43571,OID43571,CSF2RA,P15509,4,0.00,0.84,12.08,-0.12,0.18,22.00,0.75,0.56,0.77,-0.98,3.93,0.01,0.95,FALSE,FALSE,0.53,0.51,0.53,,,seq.10438.19,0.69,
CSF2RB_43572,OID43572,CSF2RB,P32927,4,0.00,19.49,10.98,-0.14,0.17,22.00,0.12,0.71,0.22,-1.93,3.95,0.00,0.39,TRUE,FALSE,0.48,0.47,0.49,,,seq.10512.13,0.58,
CSF2_42328,OID42328,CSF2,P04141,3,0.00,35.63,87.92,-0.46,0.99,22.00,0.20,1.12,0.31,-7.47,3.28,0.01,0.99,FALSE,FALSE,0.08,0.08,0.09,,,seq.4697.59,-0.03,
CSF3R_43573,OID43573,CSF3R,Q99062,4,0.00,1.04,9.21,-0.23,0.13,22.00,0.06,0.39,0.03,-1.06,4.43,0.01,0.99,FALSE,FALSE,0.28,0.27,0.29,,,seq.2719.3,0.16,
CSF3_42329,OID42329,CSF3,P09919,3,0.00,2.71,9.60,0.30,0.13,22.00,0.31,0.57,0.28,-1.42,2.76,0.00,0.93,FALSE,FALSE,0.41,0.40,0.41,,,seq.4840.73,0.35,
CSH1_45344,OID45344,CSH1,P0DML2,7,0.07,96.31,20.17,-0.15,0.31,22.00,-0.08,0.79,-0.11,-1.40,11.80,0.00,0.99,FALSE,FALSE,0.15,0.14,0.16,prot.7524,-0.01,seq.13103.125,0.03,
CSN1S1_41058,OID41058,CSN1S1,P47710,2,0.14,89.76,37.82,0.20,0.64,22.00,-0.37,1.59,-0.28,-8.01,6.40,0.00,1.00,FALSE,FALSE,0.17,0.17,0.17,prot.7628,0.33,seq.29572.35,-0.01,
CSNK1D_42330,OID42330,CSNK1D,P48730,3,0.00,93.81,206.93,-0.98,2.84,22.00,0.31,2.39,0.49,-6.76,7.55,0.03,0.29,FALSE,FALSE,0.06,0.06,0.07,prot.2708,0.09,seq.11289.31,0.01,
CSNK1G2_40134,OID40134,CSNK1G2,P78368,1,0.00,84.48,69.66,-0.91,2.03,22.00,-0.32,1.87,-0.15,-7.60,7.33,0.04,0.97,FALSE,FALSE,0.03,0.03,0.03,prot.3120,0.02,seq.17436.193,0.03,
CSNK2A1_43574,OID43574,CSNK2A1,P68400,4,0.00,72.03,33.46,0.24,0.52,22.00,0.27,0.79,0.29,-2.82,5.33,0.01,0.98,FALSE,FALSE,0.17,0.17,0.18,,,seq.5225.50,0.20,
CSPG4_45092,OID45092,CSPG4,Q6UVK1,6,1.11,7.04,10.23,0.15,0.15,21.00,0.20,0.41,0.20,-1.45,1.84,0.00,1.00,FALSE,FALSE,0.54,0.53,0.55,prot.4044,0.58,seq.8951.162,-0.08,
CSPG5_42331,OID42331,CSPG5,O95196,3,0.00,37.72,38.98,0.79,0.53,22.00,1.67,0.73,1.64,-0.87,6.26,0.01,0.75,FALSE,FALSE,0.25,0.24,0.25,prot.6492,0.19,seq.34676.24,-0.02,
CSPP1_41059,OID41059,CSPP1,Q1MSJ5,2,0.14,30.94,32.25,-0.47,0.45,22.00,0.22,0.86,0.09,-1.82,4.76,0.00,1.00,FALSE,FALSE,0.14,0.14,0.15,,,,,
CSRP3_43575,OID43575,CSRP3,P50461,4,0.00,12.73,19.90,1.20,0.29,22.00,1.42,1.41,1.23,-2.11,9.28,0.01,0.98,FALSE,FALSE,0.33,0.33,0.34,prot.2785,0.14,seq.9171.11,0.26,
CST1_44575,OID44575,CST1,P01037,5,0.07,2.51,15.49,1.75,0.23,22.00,0.62,1.20,0.61,-3.54,7.72,0.00,0.99,TRUE,FALSE,0.71,0.70,0.72,prot.7561,0.02,seq.5459.33,0.87,
CST3_45345,OID45345,CST3,P01034,7,0.07,0.00,6.29,-0.17,0.09,22.00,0.32,0.36,0.31,-1.21,2.81,0.00,1.00,TRUE,TRUE,0.62,0.61,0.62,prot.1650,0.43,seq.2609.59,0.73,
CST5_43576,OID43576,CST5,P28325,4,0.00,0.00,8.05,-0.09,0.11,22.00,-0.07,0.59,-0.10,-1.78,2.38,0.00,0.99,TRUE,TRUE,0.69,0.67,0.69,,,seq.3803.10,0.88,
CST6_45093,OID45093,CST6,Q15828,6,1.11,6.05,8.34,1.02,0.12,21.00,0.83,0.50,0.83,-1.20,3.59,0.00,0.98,FALSE,FALSE,0.71,0.70,0.72,prot.3664,0.19,seq.3303.23,0.85,
CST7_44576,OID44576,CST7,O76096,5,0.07,10.52,10.96,1.55,0.17,22.00,0.90,1.02,0.75,-1.32,7.37,0.00,0.99,TRUE,FALSE,0.75,0.74,0.76,prot.1479,0.55,seq.14038.130,0.91,
CSTB_45094,OID45094,CSTB,P04080,6,1.11,16.82,12.31,0.73,0.18,21.00,0.84,0.56,0.82,-1.60,3.41,0.00,1.00,TRUE,FALSE,0.65,0.64,0.65,prot.1754,0.42,seq.19768.13,0.74,
CSTL1_40135,OID40135,CSTL1,Q9H114,1,0.00,29.23,48.98,-1.21,0.52,22.00,0.21,1.56,-0.12,-3.04,9.62,0.03,0.99,FALSE,FALSE,0.09,0.08,0.09,,,seq.6368.9,0.06,
CT45A1_40136,OID40136,CT45A1,Q5HYN5,1,0.00,77.38,89.39,-1.27,1.52,22.00,-0.56,2.17,-0.44,-8.56,7.77,0.03,0.95,FALSE,FALSE,0.02,0.02,0.02,,,seq.24667.27,0.01,
CT83_41061,OID41061,CT83,Q5H943,2,0.14,77.14,34.84,1.26,0.50,22.00,-0.39,1.73,-0.32,-7.79,6.42,0.00,1.00,FALSE,FALSE,0.02,0.01,0.02,,,seq.23579.3,-0.04,
CTAG1A_CTAG1B_42332,OID42332,CTAG1A_CTAG1B,P78358,3,0.00,90.95,245.09,-1.98,3.39,22.00,-1.11,2.91,-0.21,-6.01,7.27,0.00,0.00,FALSE,FALSE,0.02,0.02,0.02,,,seq.23586.32,0.01,
CTAGE3P_41062,OID41062,CTAGE3P,Q8IX95,2,0.14,93.17,40.74,-0.18,0.50,22.00,-0.03,0.67,-0.08,-2.42,4.42,0.00,0.99,FALSE,FALSE,0.01,0.01,0.01,,,seq.34783.1,-0.04,
CTBS_45346,OID45346,CTBS,Q01459,7,0.07,11.07,5.45,0.51,0.08,22.00,0.35,0.40,0.38,-1.72,5.67,0.00,0.79,TRUE,FALSE,0.38,0.37,0.38,prot.3193,0.26,,,
CTDSPL2_41063,OID41063,CTDSPL2,Q05D32,2,0.14,76.10,53.89,-0.69,1.55,22.00,-0.76,1.62,-0.45,-7.63,3.86,0.00,0.48,FALSE,FALSE,0.02,0.02,0.02,,,,,
CTDSPL_40137,OID40137,CTDSPL,O15194,1,0.00,75.85,108.69,0.03,1.22,22.00,0.78,1.11,0.78,-7.50,6.88,0.01,1.00,FALSE,FALSE,0.13,0.13,0.13,prot.1165,0.19,seq.20929.4,0.17,
CTF1_42333,OID42333,CTF1,Q16619,3,0.00,56.72,27.65,0.29,0.41,22.00,0.45,0.51,0.40,-0.73,4.72,0.01,1.00,FALSE,FALSE,0.11,0.10,0.12,,,seq.2889.37,0.12,
CTHRC1_45095,OID45095,CTHRC1,Q96CG8,6,1.11,1.97,14.42,1.12,0.22,21.00,0.95,0.41,0.96,-1.21,2.74,0.00,0.97,FALSE,FALSE,0.61,0.61,0.61,prot.4864,0.71,seq.6236.51,0.50,
CTH_43577,OID43577,CTH,P32929,4,0.00,10.86,30.59,0.81,0.31,22.00,1.21,0.80,1.13,-0.77,4.89,0.01,0.99,TRUE,FALSE,0.29,0.29,0.30,prot.2493,0.08,seq.21599.6,0.08,
CTIF_42334,OID42334,CTIF,O43310,3,0.00,17.40,22.08,2.37,0.31,22.00,2.90,0.79,2.90,-0.88,7.67,0.01,0.95,FALSE,FALSE,0.56,0.56,0.57,prot.1226,0.64,seq.35066.40,-0.17,
CTLA4_45096,OID45096,CTLA4,P16410,6,1.11,95.07,32.53,-0.08,0.49,21.00,-0.12,0.48,-0.07,-2.73,1.34,0.00,0.98,FALSE,FALSE,0.13,0.12,0.14,,,seq.3022.4,-0.02,
CTNNA1_42335,OID42335,CTNNA1,P35221,3,0.00,85.53,44.12,-0.97,0.58,22.00,-0.66,1.20,-0.72,-7.79,6.51,0.02,0.99,FALSE,FALSE,0.01,0.01,0.02,prot.2519,-0.06,seq.24426.191,-0.03,
CTNNA2_41064,OID41064,CTNNA2,P26232,2,0.14,92.89,88.50,-2.27,2.52,22.00,-0.23,2.07,-0.04,-7.15,8.13,0.00,0.18,FALSE,FALSE,0.01,0.01,0.01,prot.7726,-0.03,seq.9872.23,-0.02,
CTNNA3_40138,OID40138,CTNNA3,Q9UI47,1,0.00,89.70,47.90,-0.28,0.88,22.00,-0.07,1.21,0.03,-7.81,6.22,0.02,0.98,FALSE,FALSE,0.00,0.00,0.00,,,seq.25283.2,-0.06,
CTNNBL1_41065,OID41065,CTNNBL1,Q8WYA6,2,0.14,82.30,49.22,-0.48,0.76,22.00,-0.64,1.16,-0.66,-8.25,4.77,0.00,0.76,FALSE,FALSE,0.02,0.02,0.02,prot.8032,0.00,,,
CTNND1_40139,OID40139,CTNND1,O60716,1,0.00,74.53,63.93,0.14,0.97,22.00,0.33,1.32,0.34,-7.39,6.90,0.01,0.99,FALSE,FALSE,0.10,0.09,0.10,prot.1335,0.18,,,
CTPS1_42336,OID42336,CTPS1,P17812,3,0.00,92.28,51.03,0.28,0.79,22.00,-0.15,1.56,0.03,-7.34,4.30,0.03,0.88,FALSE,FALSE,0.04,0.04,0.05,prot.2170,0.04,seq.23705.42,0.03,
CTRB1_45097,OID45097,CTRB1,P17538,6,1.11,2.04,8.13,0.61,0.12,21.00,0.61,0.61,0.58,-1.65,5.36,0.00,0.99,TRUE,FALSE,0.74,0.73,0.75,prot.7944,-0.02,seq.5671.1,0.91,
CTRC_44577,OID44577,CTRC,Q99895,5,0.07,0.42,9.08,1.26,0.13,22.00,1.41,0.78,1.35,-1.86,4.92,0.00,1.00,FALSE,FALSE,0.67,0.67,0.68,prot.5156,0.71,seq.5626.20,0.00,
CTRL_43578,OID43578,CTRL,P40313,4,0.00,0.00,15.19,0.75,0.21,22.00,0.52,0.80,0.52,-5.61,4.01,0.01,0.95,FALSE,FALSE,0.24,0.23,0.24,prot.7596,-0.01,seq.9229.9,-0.02,
CTSA_45098,OID45098,CTSA,P10619,6,1.11,6.33,13.52,1.22,0.19,21.00,0.52,0.53,0.52,-1.64,2.73,0.00,0.99,FALSE,FALSE,0.67,0.66,0.67,prot.365,,seq.3179.51,0.74,
CTSB_45099,OID45099,CTSB,P07858,6,1.11,5.21,11.93,-0.06,0.18,21.00,-0.08,0.57,-0.14,-2.25,3.77,0.00,1.00,TRUE,FALSE,0.70,0.69,0.70,,,seq.8007.19,0.79,
CTSC_44578,OID44578,CTSC,P53634,5,0.07,17.48,29.96,0.51,0.36,22.00,-0.11,0.55,-0.14,-2.23,2.50,0.00,1.00,TRUE,TRUE,0.45,0.44,0.45,prot.351,0.25,seq.13730.18,0.42,
CTSD_45347,OID45347,CTSD,P07339,7,0.07,4.25,7.38,0.18,0.11,22.00,0.10,0.51,0.04,-1.01,4.79,0.00,0.86,TRUE,TRUE,0.62,0.61,0.63,prot.188,0.38,seq.5508.62,0.66,
CTSE_44579,OID44579,CTSE,P14091,5,0.07,0.21,28.49,0.90,0.55,22.00,1.22,0.74,1.24,-5.79,3.54,0.00,1.00,FALSE,FALSE,0.58,0.58,0.59,prot.7377,0.16,seq.15376.134,0.69,
CTSF_44580,OID44580,CTSF,Q9UBX1,5,0.07,6.75,15.62,0.42,0.23,22.00,-0.22,0.49,-0.22,-2.27,2.98,0.00,0.99,FALSE,FALSE,0.62,0.62,0.63,,,seq.9212.22,0.75,
CTSH_43579,OID43579,CTSH,P09668,4,0.00,22.76,16.78,0.58,0.25,22.00,-1.14,1.01,-1.06,-5.63,2.83,0.01,0.98,TRUE,FALSE,0.63,0.62,0.64,,,seq.8644.46,0.89,
CTSL3P_40140,OID40140,CTSL3P,Q5NE16,1,0.00,55.25,90.29,-2.23,2.18,22.00,-2.92,3.00,-1.91,-7.70,6.06,0.00,0.00,FALSE,FALSE,0.01,0.01,0.02,,,,,
CTSL_44581,OID44581,CTSL,P07711,5,0.07,7.31,12.14,0.26,0.17,22.00,0.40,0.37,0.39,-1.00,2.78,0.00,1.00,FALSE,FALSE,0.42,0.42,0.44,prot.1866,0.23,,,
CTSO_43580,OID43580,CTSO,P43234,4,0.00,0.00,7.83,0.31,0.12,22.00,0.47,0.36,0.46,-0.98,2.19,0.00,0.98,FALSE,FALSE,0.51,0.50,0.51,,,seq.9264.11,0.61,
CTSS_44582,OID44582,CTSS,P25774,5,0.07,0.00,12.80,0.29,0.16,22.00,0.44,0.20,0.43,-0.19,1.58,0.00,0.99,TRUE,FALSE,0.52,0.51,0.52,prot.2353,0.29,seq.3181.50,0.49,
CTSV_43581,OID43581,CTSV,O60911,4,0.00,5.50,9.77,-0.02,0.13,22.00,0.31,0.47,0.29,-1.43,2.91,0.00,1.00,FALSE,FALSE,0.62,0.61,0.63,prot.426,0.54,seq.3364.76,0.82,
CTSW_42337,OID42337,CTSW,P56202,3,0.00,11.34,16.35,0.69,0.22,22.00,0.19,0.88,0.12,-2.57,5.90,0.02,0.99,TRUE,FALSE,0.35,0.34,0.36,,,seq.35135.22,0.42,
CTSZ_45348,OID45348,CTSZ,Q9UBR2,7,0.07,0.00,9.15,0.11,0.13,22.00,0.29,0.39,0.28,-0.89,2.03,0.00,0.98,FALSE,FALSE,0.62,0.61,0.62,,,seq.4971.1,0.77,
CTTNBP2NL_40141,OID40141,CTTNBP2NL,Q9P2B4,1,0.00,59.22,25.35,-1.81,0.33,22.00,-1.16,0.83,-1.26,-3.09,5.46,0.02,0.99,FALSE,FALSE,0.10,0.10,0.10,prot.5868,0.13,seq.31294.157,0.01,
CUEDC1_41066,OID41066,CUEDC1,Q9NWM3,2,0.14,47.32,34.56,0.53,0.55,22.00,1.08,0.75,1.05,-1.64,7.13,0.00,0.99,FALSE,FALSE,0.16,0.15,0.16,,,seq.21149.27,0.11,
CUL4B_41067,OID41067,CUL4B,Q13620,2,0.14,79.79,50.22,-0.63,0.92,22.00,-0.02,1.05,-0.10,-7.17,6.36,0.00,1.00,FALSE,FALSE,0.02,0.02,0.02,,,seq.13743.56,0.01,
CUL7_40142,OID40142,CUL7,Q14999,1,0.00,82.12,69.23,-0.42,0.91,22.00,-0.23,1.04,-0.12,-7.88,6.99,0.02,0.99,FALSE,FALSE,0.06,0.06,0.06,prot.3559,0.12,,,
CUTC_42338,OID42338,CUTC,Q9NTM9,3,0.00,33.61,17.07,-0.20,0.26,22.00,-0.08,0.94,-0.21,-2.82,5.52,0.02,1.00,FALSE,FALSE,0.17,0.17,0.18,prot.5706,0.09,seq.15315.64,0.10,
CUX2_41068,OID41068,CUX2,O14529,2,0.14,49.55,30.93,-0.22,0.43,22.00,-0.21,0.95,-0.25,-3.80,4.92,0.00,1.00,FALSE,FALSE,0.15,0.14,0.15,prot.7630,0.20,,,
CUZD1_42339,OID42339,CUZD1,Q86UP6,3,0.00,70.42,39.73,0.37,0.48,22.00,-0.08,0.93,-0.16,-4.00,5.44,0.01,1.00,FALSE,FALSE,0.03,0.03,0.03,prot.7751,,seq.7943.16,0.01,
CWC15_43582,OID43582,CWC15,Q9P013,4,0.00,58.11,17.35,-0.28,0.27,22.00,-0.13,0.52,-0.15,-2.27,5.56,0.01,0.99,FALSE,FALSE,0.11,0.11,0.11,,,seq.28563.1,0.04,
CWC22_41069,OID41069,CWC22,Q9HCG8,2,0.14,37.56,32.33,-0.57,0.49,22.00,0.15,1.19,-0.07,-3.45,5.79,0.00,1.00,FALSE,FALSE,0.13,0.13,0.14,,,,,
CWF19L1_40143,OID40143,CWF19L1,Q69YN2,1,0.00,79.19,82.51,-2.78,2.46,22.00,-1.13,2.44,-0.70,-7.85,6.72,0.01,0.00,FALSE,FALSE,0.02,0.02,0.02,prot.7655,-0.03,seq.23686.44,0.03,
CWF19L2_42340,OID42340,CWF19L2,Q2TBE0,3,0.00,77.73,67.94,-0.90,0.91,22.00,0.16,1.13,0.08,-3.95,6.46,0.01,0.99,FALSE,FALSE,0.05,0.05,0.06,,,,,
CX3CL1_43583,OID43583,CX3CL1,P78423,4,0.00,53.93,28.76,-0.16,0.53,22.00,0.02,0.51,0.05,-2.40,2.53,0.01,0.99,FALSE,FALSE,0.17,0.17,0.18,,,seq.2827.23,0.17,
CXADR_43584,OID43584,CXADR,P78310,4,0.00,13.57,9.40,-0.04,0.14,22.00,-0.01,0.49,-0.05,-1.31,2.79,0.01,0.90,FALSE,FALSE,0.20,0.19,0.21,,,seq.11204.80,-0.02,
CXCL10_44584,OID44584,CXCL10,P02778,5,0.07,10.79,12.24,0.58,0.18,22.00,0.30,0.74,0.24,-2.44,6.38,0.00,0.99,FALSE,FALSE,0.70,0.69,0.71,prot.1735,0.84,seq.4141.79,0.71,
CXCL11_44585,OID44585,CXCL11,O14625,5,0.07,0.07,13.02,0.37,0.18,22.00,1.20,0.79,1.13,-1.01,6.22,0.00,0.84,TRUE,FALSE,0.73,0.72,0.74,prot.1095,0.63,seq.3038.9,0.89,
CXCL13_44586,OID44586,CXCL13,O43927,5,0.07,0.00,11.57,-1.76,0.17,22.00,-0.99,0.85,-1.12,-3.19,5.87,0.00,0.97,FALSE,FALSE,0.72,0.71,0.72,prot.7396,0.45,seq.3487.32,0.81,
CXCL14_42342,OID42342,CXCL14,O95715,3,0.00,95.06,19.90,1.11,0.30,22.00,0.29,0.78,0.26,-1.96,7.34,0.01,0.99,FALSE,FALSE,0.14,0.13,0.14,prot.133,0.12,seq.5730.60,0.03,
CXCL16_45100,OID45100,CXCL16,Q9H2A7,6,1.11,11.05,11.56,0.08,0.16,21.00,0.18,0.31,0.17,-1.57,1.75,0.00,0.98,FALSE,FALSE,0.52,0.51,0.52,prot.7543,0.09,seq.2436.49,0.60,
CXCL17_43585,OID43585,CXCL17,Q6UXB2,4,0.00,4.38,17.48,1.91,0.24,22.00,1.80,0.72,1.78,-0.59,6.55,0.00,0.97,FALSE,FALSE,0.53,0.52,0.53,prot.4059,0.56,seq.9495.10,0.02,
CXCL1_44583,OID44583,CXCL1,P09341,5,0.07,26.88,22.84,0.48,0.35,22.00,1.51,1.06,1.47,-1.86,7.12,0.00,0.99,TRUE,FALSE,0.67,0.66,0.67,prot.6511,0.61,seq.2985.35,0.80,
CXCL3_45101,OID45101,CXCL3,P19876,6,1.11,2.32,14.47,1.71,0.21,21.00,1.81,0.82,1.85,-2.44,5.35,0.00,1.00,FALSE,FALSE,0.71,0.71,0.72,prot.6530,0.43,seq.2986.49,0.83,
CXCL5_44587,OID44587,CXCL5,P42830,5,0.07,0.84,19.18,1.05,0.30,22.00,1.48,1.11,1.48,-2.82,4.90,0.00,1.00,TRUE,FALSE,0.70,0.69,0.71,prot.2633,0.75,seq.2979.8,0.21,
CXCL6_44588,OID44588,CXCL6,P80162,5,0.07,17.06,26.71,1.06,0.35,22.00,1.25,0.76,1.24,-1.52,5.08,0.00,0.99,TRUE,FALSE,0.59,0.58,0.60,,,seq.3495.15,0.67,
CXCL8_43586,OID43586,CXCL8,P10145,4,0.00,21.99,10.97,-0.28,0.16,22.00,0.06,0.55,0.02,-1.49,3.95,0.01,0.99,FALSE,FALSE,0.49,0.48,0.50,,,seq.3447.64,0.66,
CXCL9_44589,OID44589,CXCL9,Q07325,5,0.07,0.00,15.84,1.02,0.27,22.00,0.66,0.82,0.49,-1.27,5.46,0.00,0.97,FALSE,FALSE,0.58,0.57,0.59,prot.3276,0.57,seq.9188.119,0.50,
CXorf49_41070,OID41070,CXorf49,A8MYA2,2,0.14,87.94,51.22,0.10,0.81,22.00,-0.04,1.54,0.04,-7.51,6.46,0.00,1.00,FALSE,FALSE,0.01,0.01,0.01,,,seq.30605.22,0.00,
CXorf51B_40144,OID40144,CXorf51B,P0DPH9,1,0.00,58.73,144.85,-4.57,2.36,22.00,-2.74,2.95,-1.94,-7.89,7.00,0.00,0.00,FALSE,FALSE,0.01,0.01,0.01,,,seq.34871.43,0.00,
CYB5A_42343,OID42343,CYB5A,P00167,3,0.00,72.16,19.26,-0.16,0.28,22.00,0.22,1.05,0.03,-3.47,7.93,0.04,0.97,FALSE,FALSE,0.14,0.14,0.15,prot.1612,0.16,seq.11287.14,0.14,
CYB5R2_43587,OID43587,CYB5R2,Q6BCY4,4,0.00,36.74,13.31,0.41,0.20,22.00,0.46,0.58,0.47,-4.56,6.40,0.01,1.00,TRUE,TRUE,0.47,0.46,0.47,prot.8020,-0.58,seq.19143.38,0.67,
CYLC2_40145,OID40145,CYLC2,Q14093,1,0.00,88.17,50.44,0.86,0.71,22.00,-0.04,1.46,-0.10,-8.46,10.09,0.02,0.99,FALSE,FALSE,0.03,0.02,0.03,,,,,
CYLD_41071,OID41071,CYLD,Q9NQC7,2,0.14,73.94,74.68,1.02,1.00,22.00,1.55,1.35,1.50,-6.68,8.62,0.00,0.99,FALSE,FALSE,0.18,0.18,0.19,prot.5632,0.21,seq.21765.10,0.15,
CYP1A2_41072,OID41072,CYP1A2,P05177,2,0.14,85.44,72.26,-0.45,1.00,22.00,-0.76,1.66,-0.65,-7.77,6.48,0.00,0.99,FALSE,FALSE,0.05,0.05,0.05,,,seq.28156.64,0.06,
CYP24A1_42345,OID42345,CYP24A1,Q07973,3,0.00,78.57,44.00,-1.06,0.73,22.00,-0.64,2.02,-0.70,-8.38,6.82,0.03,0.99,FALSE,FALSE,0.03,0.02,0.03,,,seq.35182.145,0.00,
CYP26C1_41073,OID41073,CYP26C1,Q6V0L0,2,0.14,92.13,35.70,-0.75,0.64,22.00,-0.43,0.84,-0.48,-4.07,5.49,0.00,0.99,FALSE,FALSE,0.00,0.00,0.00,,,seq.31972.93,-0.05,
CYP3A4_42346,OID42346,CYP3A4,P08684,3,0.00,82.32,29.90,-0.13,0.45,22.00,0.34,1.11,0.22,-4.35,8.07,0.02,0.99,FALSE,FALSE,0.06,0.06,0.07,,,seq.2943.5,0.03,
CYP4B1_41074,OID41074,CYP4B1,P13584,2,0.14,75.96,52.02,-2.06,0.96,22.00,-1.52,1.33,-1.58,-9.42,6.90,0.00,0.93,FALSE,FALSE,0.00,0.00,0.00,,,seq.30347.79,-0.04,
CYSRT1_40146,OID40146,CYSRT1,A8MQ03,1,0.00,60.26,166.40,-0.15,4.03,22.00,0.29,3.56,0.13,-5.55,12.25,0.00,0.00,FALSE,FALSE,0.07,0.07,0.07,prot.7932,0.13,seq.25220.8,0.01,
CYTH2_41075,OID41075,CYTH2,Q99418,2,0.14,80.49,29.28,-0.38,0.46,22.00,-0.09,0.60,-0.15,-2.25,3.43,0.00,1.00,FALSE,FALSE,0.04,0.04,0.05,prot.153,-0.04,seq.12533.135,0.02,
CYTH3_42347,OID42347,CYTH3,O43739,3,0.00,77.73,82.09,-1.52,2.39,22.00,-0.45,1.78,-0.23,-7.62,5.77,0.05,0.26,FALSE,FALSE,0.02,0.02,0.02,,,seq.21365.5,0.01,
CYTL1_45102,OID45102,CYTL1,Q9NRR1,6,1.11,9.36,11.92,0.17,0.17,21.00,0.41,0.55,0.43,-2.35,3.18,0.00,1.00,TRUE,FALSE,0.52,0.51,0.52,prot.5672,0.44,seq.8402.22,0.35,
DAAM1_44590,OID44590,DAAM1,Q9Y4D1,5,0.07,37.67,33.09,3.74,0.51,22.00,3.88,0.81,3.92,-0.23,6.89,0.00,0.95,FALSE,FALSE,0.55,0.55,0.56,prot.6209,0.58,,,
DAB1_40147,OID40147,DAB1,O75553,1,0.00,87.68,33.83,-0.31,0.59,22.00,0.01,0.75,-0.02,-2.64,4.11,0.01,0.99,FALSE,FALSE,0.03,0.03,0.04,,,,,
DAB2IP_40148,OID40148,DAB2IP,Q5VWQ8,1,0.00,55.95,56.77,-0.32,0.71,22.00,0.12,0.90,0.07,-2.64,5.90,0.02,1.00,FALSE,FALSE,0.04,0.04,0.05,,,seq.24966.3,0.00,
DAB2_43588,OID43588,DAB2,P98082,4,0.00,21.64,27.96,2.84,0.41,22.00,2.85,0.90,2.87,-1.69,7.30,0.01,0.99,FALSE,FALSE,0.60,0.60,0.60,prot.3161,0.70,seq.21963.48,0.67,
DACT1_41076,OID41076,DACT1,Q9NYF0,2,0.14,91.29,77.01,-0.40,0.98,22.00,-0.67,1.69,-0.43,-7.27,4.10,0.00,0.75,FALSE,FALSE,0.01,0.01,0.02,,,,,
DAG1_44591,OID44591,DAG1,Q14118,5,0.07,0.00,10.81,0.85,0.16,22.00,0.99,0.45,0.97,-0.99,3.51,0.00,0.81,FALSE,FALSE,0.45,0.45,0.46,prot.3485,0.35,seq.23176.17,-0.05,
DAPK2_43589,OID43589,DAPK2,Q9UIK4,4,0.00,19.07,22.60,-0.23,0.33,22.00,-0.14,0.59,-0.15,-2.58,3.24,0.00,0.46,TRUE,FALSE,0.38,0.38,0.39,,,seq.4355.13,0.44,
DAPP1_43590,OID43590,DAPP1,Q9UN19,4,0.00,4.87,54.02,1.79,0.62,22.00,2.17,0.83,2.10,-1.08,5.32,0.00,0.94,FALSE,FALSE,0.53,0.53,0.54,prot.6055,0.61,seq.11615.16,0.49,
DAP_44592,OID44592,DAP,P51397,5,0.07,0.00,26.51,2.83,0.35,22.00,3.19,0.94,3.17,-0.54,8.59,0.00,0.99,FALSE,FALSE,0.48,0.48,0.49,prot.2809,0.33,seq.19141.22,-0.04,
DARS1_43591,OID43591,DARS1,P14868,4,0.00,0.90,11.45,1.26,0.17,22.00,1.60,0.52,1.59,-1.24,4.90,0.00,1.00,FALSE,FALSE,0.55,0.54,0.55,prot.2107,0.70,seq.12675.14,0.67,
DAZ1_41078,OID41078,DAZ1,Q9NQZ3,2,0.14,79.72,40.70,0.01,0.58,22.00,-1.14,1.41,-1.25,-8.20,6.48,0.00,1.00,FALSE,FALSE,NA,NA,NA,,,,,
DAZ4_42348,OID42348,DAZ4,Q86SG3,3,0.00,42.66,22.26,-1.22,0.32,22.00,-0.72,0.99,-0.92,-2.60,8.03,0.04,0.99,FALSE,FALSE,NA,NA,NA,,,seq.33153.74,0.05,
DBH_45349,OID45349,DBH,P09172,7,0.07,5.22,13.62,0.33,0.20,22.00,-0.41,1.31,-0.13,-6.29,2.19,0.00,0.97,TRUE,FALSE,0.68,0.68,0.69,prot.1926,0.84,,,
DBI_45103,OID45103,DBI,P07108,6,1.11,7.67,9.02,0.30,0.13,21.00,0.55,0.33,0.54,-0.93,2.98,0.00,0.98,TRUE,FALSE,0.60,0.59,0.60,prot.1847,,seq.16919.1,0.73,
DBN1_43592,OID43592,DBN1,Q16643,4,0.00,7.17,23.01,0.85,0.33,22.00,0.90,0.48,0.90,-1.25,3.23,0.00,0.97,FALSE,FALSE,0.47,0.46,0.47,prot.3698,0.55,,,
DBNL_44593,OID44593,DBNL,Q9UJU6,5,0.07,5.71,13.70,3.20,0.21,22.00,3.24,0.71,3.27,-0.55,7.17,0.00,0.99,FALSE,FALSE,0.68,0.67,0.68,prot.5989,0.74,seq.9755.19,0.54,4
DBP_41079,OID41079,DBP,Q10586,2,0.14,57.14,43.67,-3.70,0.76,22.00,-2.62,1.19,-2.83,-9.35,4.92,0.00,0.97,FALSE,FALSE,0.07,0.07,0.08,,,,,
DBX2_41080,OID41080,DBX2,Q6ZNG2,2,0.14,80.00,58.70,-0.73,1.15,22.00,0.06,1.09,0.01,-7.22,7.39,0.00,0.99,FALSE,FALSE,0.01,0.01,0.01,,,seq.31614.85,0.03,
DCAF12_40149,OID40149,DCAF12,Q5T6F0,1,0.00,80.31,69.03,-0.88,1.35,22.00,-1.94,2.61,-1.19,-7.65,7.45,0.01,0.00,FALSE,FALSE,0.01,0.01,0.02,prot.7272,-0.08,seq.22121.43,0.00,
DCBLD2_44594,OID44594,DCBLD2,Q96PD2,5,0.07,0.00,14.87,0.83,0.23,22.00,0.62,0.45,0.60,-1.34,2.31,0.00,1.00,TRUE,FALSE,0.57,0.57,0.58,prot.6782,0.01,seq.26084.5,0.68,
DCC_42349,OID42349,DCC,P43146,3,0.00,57.55,30.17,-0.16,0.53,22.00,0.06,0.49,0.04,-1.79,4.28,0.01,1.00,TRUE,FALSE,0.26,0.25,0.26,,,seq.21685.29,0.38,
DCDC2B_40150,OID40150,DCDC2B,A2VCK2,1,0.00,78.15,38.22,-0.93,0.51,22.00,-0.30,1.17,-0.50,-5.57,10.15,0.04,1.00,FALSE,FALSE,0.03,0.02,0.03,,,,,
DCDC2C_42350,OID42350,DCDC2C,A8MYV0,3,0.00,73.97,63.26,-2.83,1.42,22.00,-2.83,2.22,-2.58,-10.11,5.06,0.06,0.00,FALSE,FALSE,0.03,0.03,0.03,,,,,
DCLK2_41081,OID41081,DCLK2,Q8N568,2,0.14,80.63,69.75,-3.10,0.93,22.00,-1.88,1.28,-1.93,-10.31,5.00,0.00,0.99,FALSE,FALSE,0.02,0.02,0.02,,,seq.29134.32,0.01,
DCLK3_40151,OID40151,DCLK3,Q9C098,1,0.00,70.63,112.06,-2.28,2.38,22.00,-1.87,3.15,-1.07,-7.91,7.59,0.00,0.00,FALSE,FALSE,0.00,0.00,0.01,,,seq.7826.1,-0.01,
DCLRE1C_42351,OID42351,DCLRE1C,Q96SD1,3,0.00,77.80,76.45,-0.60,1.77,22.00,-0.31,1.85,-0.06,-7.48,9.01,0.05,0.62,FALSE,FALSE,0.03,0.03,0.03,,,,,
DCN_43593,OID43593,DCN,P07585,4,0.00,0.00,8.23,0.33,0.13,22.00,0.33,0.20,0.33,-0.40,1.57,0.00,0.99,FALSE,FALSE,0.44,0.43,0.44,prot.1863,0.40,seq.2666.53,0.43,
DCP1A_41082,OID41082,DCP1A,Q9NPI6,2,0.14,36.31,16.11,1.26,0.23,22.00,0.89,0.72,0.79,-1.24,6.91,0.00,1.00,FALSE,FALSE,0.27,0.26,0.28,prot.5613,0.19,seq.14008.22,-0.10,
DCP1B_42352,OID42352,DCP1B,Q8IZD4,3,0.00,48.09,23.89,0.04,0.38,22.00,0.38,0.63,0.28,-1.26,5.87,0.03,0.84,FALSE,FALSE,0.05,0.05,0.05,,,seq.12715.30,-0.08,
DCP2_41083,OID41083,DCP2,Q8IU60,2,0.14,82.58,31.27,0.17,0.47,22.00,0.31,0.92,0.20,-3.35,7.94,0.00,0.99,FALSE,FALSE,0.07,0.07,0.08,prot.4298,0.09,,,
DCPS_43594,OID43594,DCPS,Q96C86,4,0.00,36.81,12.96,0.64,0.19,22.00,0.53,0.37,0.54,-0.87,2.35,0.00,1.00,FALSE,FALSE,0.42,0.42,0.43,prot.7432,-0.12,seq.20106.80,0.48,
DCTD_44595,OID44595,DCTD,P32321,5,0.07,41.23,33.89,3.21,0.43,22.00,3.47,0.84,3.51,-2.25,7.01,0.00,1.00,FALSE,FALSE,0.54,0.53,0.54,prot.2490,0.51,seq.17756.69,0.56,
DCTN1_43595,OID43595,DCTN1,Q14203,4,0.00,0.07,23.84,1.69,0.33,22.00,2.21,0.66,2.22,-0.27,5.51,0.00,0.98,FALSE,FALSE,0.57,0.56,0.57,prot.433,0.66,,,
DCTN2_43596,OID43596,DCTN2,Q13561,4,0.00,21.92,30.45,0.94,0.42,22.00,1.09,0.66,1.10,-1.05,4.48,0.00,0.96,FALSE,FALSE,0.40,0.39,0.40,prot.3438,0.40,seq.5879.51,-0.08,
DCTN4_42353,OID42353,DCTN4,Q9UJW0,3,0.00,70.84,26.63,-0.56,0.39,22.00,-0.38,0.55,-0.39,-1.98,5.35,0.01,0.99,FALSE,FALSE,0.08,0.08,0.08,prot.5991,0.12,,,
DCTN6_43597,OID43597,DCTN6,O00399,4,0.00,23.73,20.95,0.29,0.29,22.00,0.71,0.73,0.64,-1.14,5.36,0.01,0.79,FALSE,FALSE,0.36,0.36,0.37,prot.1039,0.48,seq.18311.44,0.27,
DCTPP1_44596,OID44596,DCTPP1,Q9H773,5,0.07,4.67,8.15,1.11,0.12,22.00,0.80,0.46,0.82,-5.88,2.44,0.00,0.95,FALSE,FALSE,0.60,0.59,0.61,prot.5503,0.18,seq.4314.12,0.72,
DCUN1D1_42354,OID42354,DCUN1D1,Q96GG9,3,0.00,85.94,40.81,-0.09,0.65,22.00,0.08,0.75,0.08,-2.70,4.55,0.01,0.99,FALSE,FALSE,0.04,0.04,0.05,prot.4933,-0.02,seq.17366.6,-0.01,
DCUN1D2_42355,OID42355,DCUN1D2,Q6PH85,3,0.00,79.61,28.76,-5.03,0.41,22.00,-4.64,1.01,-4.73,-8.28,2.60,0.02,0.75,FALSE,FALSE,0.08,0.08,0.08,,,seq.19511.8,0.05,
DCXR_44597,OID44597,DCXR,Q7Z4W1,5,0.07,5.50,11.52,1.53,0.16,22.00,0.52,0.94,0.51,-2.52,4.38,0.00,0.99,TRUE,TRUE,0.70,0.69,0.70,prot.4188,0.31,seq.17758.79,0.87,
DDA1_42356,OID42356,DDA1,Q9BW61,3,0.00,63.05,32.73,-0.27,0.49,22.00,0.07,0.73,0.07,-2.69,5.25,0.01,1.00,FALSE,FALSE,0.10,0.10,0.10,,,,,
DDAH1_43598,OID43598,DDAH1,O94760,4,0.00,10.44,19.32,-0.43,0.26,22.00,0.18,0.48,0.13,-1.19,2.81,0.01,1.00,FALSE,FALSE,0.29,0.28,0.29,prot.7461,0.02,seq.19392.6,0.22,
DDC_44598,OID44598,DDC,P20711,5,0.07,0.00,11.06,1.27,0.15,22.00,0.60,0.60,0.58,-1.41,3.07,0.00,0.99,TRUE,TRUE,0.50,0.49,0.50,,,seq.3538.26,0.38,
DDHD2_43599,OID43599,DDHD2,O94830,4,0.00,5.71,16.23,1.57,0.22,22.00,1.93,0.52,1.94,-0.23,4.37,0.00,0.99,FALSE,FALSE,0.39,0.39,0.40,prot.6486,0.28,seq.25499.37,0.26,
DDI1_40152,OID40152,DDI1,Q8WTU0,1,0.00,79.47,33.13,-0.78,0.52,22.00,-0.22,0.70,-0.29,-2.20,5.67,0.02,0.99,FALSE,FALSE,0.03,0.03,0.03,prot.4641,-0.03,seq.23648.36,-0.01,
DDI2_44599,OID44599,DDI2,Q5TDH0,5,0.07,1.95,78.87,2.80,0.55,22.00,3.34,0.94,3.27,0.82,7.46,0.00,0.81,FALSE,FALSE,0.71,0.71,0.72,prot.3889,0.44,seq.25446.34,0.90,5
DDIAS_41084,OID41084,DDIAS,Q8IXT1,2,0.14,92.82,86.69,-1.16,2.24,22.00,-1.08,2.42,-0.61,-7.04,9.76,0.00,0.00,FALSE,FALSE,0.00,0.00,0.00,,,,,
DDIT3_40153,OID40153,DDIT3,P35638,1,0.00,92.07,43.44,-0.17,0.72,22.00,0.07,0.82,0.07,-7.00,4.41,0.00,1.00,FALSE,FALSE,0.02,0.02,0.02,,,seq.19119.10,-0.01,
DDR1_44600,OID44600,DDR1,Q08345,5,0.07,5.50,7.08,-0.07,0.10,22.00,0.12,0.29,0.10,-0.86,3.36,0.00,1.00,TRUE,TRUE,0.49,0.48,0.50,,,seq.11836.144,0.53,
DDT_45104,OID45104,DDT,P30046,6,1.11,37.30,17.61,0.18,0.26,21.00,0.31,0.44,0.27,-1.71,2.80,0.00,1.00,FALSE,FALSE,0.32,0.30,0.32,prot.2434,0.00,seq.19237.17,0.23,
DDX10_41085,OID41085,DDX10,Q13206,2,0.14,78.26,56.57,-4.19,0.99,22.00,-3.21,1.58,-3.26,-10.40,2.41,0.00,1.00,FALSE,FALSE,0.06,0.06,0.06,,,,,
DDX19B_42357,OID42357,DDX19B,Q9UMR2,3,0.00,65.27,40.41,1.57,0.55,22.00,2.11,0.85,2.11,-1.61,6.71,0.01,1.00,FALSE,FALSE,0.45,0.44,0.45,,,seq.5460.60,0.51,
DDX1_43600,OID43600,DDX1,Q92499,4,0.00,82.25,79.49,-0.85,2.08,22.00,-0.83,1.93,-0.58,-7.13,6.71,0.03,0.61,FALSE,FALSE,0.06,0.05,0.06,prot.363,0.02,seq.25092.32,0.02,
DDX20_41086,OID41086,DDX20,Q9UHI6,2,0.14,78.33,112.49,-0.47,1.58,22.00,0.06,1.78,0.16,-6.92,8.25,0.00,1.00,FALSE,FALSE,0.06,0.06,0.06,prot.5954,0.10,,,
DDX21_41087,OID41087,DDX21,Q9NR30,2,0.14,69.97,119.58,-2.55,2.01,22.00,-0.88,2.04,-0.74,-8.16,7.24,0.00,0.37,FALSE,FALSE,0.02,0.02,0.03,,,seq.29127.28,0.01,
DDX23_42358,OID42358,DDX23,Q9BUQ8,3,0.00,28.60,24.56,0.08,0.38,22.00,0.59,0.69,0.56,-1.37,4.89,0.01,0.99,FALSE,FALSE,0.21,0.21,0.22,prot.7995,0.15,seq.13946.8,0.03,
DDX25_42359,OID42359,DDX25,Q9UHL0,3,0.00,75.23,312.17,0.07,1.64,22.00,-0.15,3.13,0.03,-6.70,9.27,0.00,0.00,FALSE,FALSE,0.00,0.00,0.01,,,seq.13984.23,-0.04,
DDX39A_42360,OID42360,DDX39A,O00148,3,0.00,90.74,25.31,-0.19,0.36,22.00,-0.24,0.41,-0.22,-2.09,2.85,0.01,1.00,FALSE,FALSE,0.06,0.05,0.06,prot.7797,-0.02,seq.28685.86,0.02,
DDX43_41088,OID41088,DDX43,Q9NXZ2,2,0.14,81.95,52.96,-0.53,1.09,22.00,0.12,1.16,0.12,-6.92,7.42,0.00,1.00,FALSE,FALSE,0.02,0.02,0.02,,,,,
DDX49_42362,OID42362,DDX49,Q9Y6V7,3,0.00,65.21,29.19,-1.21,0.53,22.00,-0.42,1.11,-0.62,-4.30,6.11,0.03,0.99,FALSE,FALSE,0.04,0.04,0.04,,,,,
DDX4_42361,OID42361,DDX4,Q9NQI0,3,0.00,83.30,357.08,0.55,2.16,22.00,-0.17,2.74,0.22,-6.56,10.65,0.03,0.00,FALSE,FALSE,0.03,0.03,0.03,prot.7781,0.03,seq.31030.3,0.00,
DDX53_42363,OID42363,DDX53,Q86TM3,3,0.00,88.45,79.85,-0.41,2.04,22.00,-0.50,2.06,-0.04,-6.97,4.01,0.08,0.00,FALSE,FALSE,0.01,0.01,0.02,,,seq.33063.30,-0.02,
DDX55_41089,OID41089,DDX55,Q8NHQ9,2,0.14,48.57,43.43,-0.70,0.63,22.00,-0.26,0.81,-0.31,-3.76,4.30,0.00,1.00,FALSE,FALSE,0.12,0.12,0.12,prot.4548,-0.07,seq.32648.65,0.17,
DDX59_41090,OID41090,DDX59,Q5T1V6,2,0.14,69.20,64.99,-1.06,0.89,22.00,-0.91,1.53,-0.89,-8.06,6.91,0.00,0.99,FALSE,FALSE,0.04,0.04,0.05,prot.3863,0.07,,,
DDX60L_41092,OID41092,DDX60L,Q5H9U9,2,0.14,52.33,33.87,-0.90,0.58,22.00,-0.30,1.12,-0.52,-2.90,7.52,0.00,0.99,FALSE,FALSE,0.05,0.05,0.05,,,,,
DDX60_41091,OID41091,DDX60,Q8IY21,2,0.14,42.58,26.10,1.34,0.40,22.00,2.08,0.83,2.02,-0.30,6.24,0.00,0.99,FALSE,FALSE,0.35,0.34,0.35,prot.401,0.35,,,
DECR1_43601,OID43601,DECR1,Q16698,4,0.00,0.14,20.89,3.34,0.31,22.00,3.70,0.74,3.73,-1.48,7.33,0.01,0.80,FALSE,FALSE,0.56,0.55,0.56,prot.3705,0.56,seq.12687.2,0.44,
DEF8_40154,OID40154,DEF8,Q6ZN54,1,0.00,57.41,40.61,-0.01,0.61,22.00,0.40,1.01,0.33,-2.88,8.87,0.02,0.95,FALSE,FALSE,0.04,0.04,0.05,,,seq.29344.5,-0.03,
DEFA1_45350,OID45350,DEFA1,P59665,7,0.07,9.54,13.61,-0.69,0.20,22.00,0.06,0.60,0.03,-1.64,3.18,0.00,0.90,TRUE,FALSE,0.63,0.63,0.64,prot.2972,0.35,seq.29460.14,0.77,
DEFB103A_DEFB103B_43602,OID43602,DEFB103A_DEFB103B,P81534,4,0.00,31.59,370.55,-0.68,1.41,22.00,-0.08,1.06,-0.30,-1.90,7.79,0.03,0.99,FALSE,FALSE,0.13,0.13,0.14,,,seq.5679.16,0.00,
DEFB104A_DEFB104B_42365,OID42365,DEFB104A_DEFB104B,Q8WTQ1,3,0.00,80.24,23.57,-0.82,0.38,22.00,-1.50,0.82,-1.54,-4.80,2.88,0.01,0.99,FALSE,FALSE,0.25,0.25,0.25,,,seq.5763.67,0.33,
DEFB112_42366,OID42366,DEFB112,Q30KQ8,3,0.00,88.87,34.33,-1.70,0.57,22.00,-2.18,0.93,-2.13,-9.68,3.12,0.02,0.99,FALSE,FALSE,0.04,0.04,0.04,,,seq.5689.1,0.02,
DEFB116_42367,OID42367,DEFB116,Q30KQ4,3,0.00,59.36,24.05,-0.42,0.31,22.00,-0.30,0.62,-0.38,-2.18,3.72,0.02,0.99,FALSE,FALSE,0.06,0.05,0.06,,,seq.11144.10,0.00,
DEFB118_42368,OID42368,DEFB118,Q96PH6,3,0.00,64.09,53.99,0.61,0.74,22.00,0.50,1.33,0.34,-6.28,7.39,0.02,0.98,FALSE,FALSE,0.09,0.09,0.10,,,seq.9306.7,0.03,
DEFB121_41093,OID41093,DEFB121,Q5J5C9,2,0.14,71.64,18.39,-0.30,0.27,22.00,0.03,0.68,-0.11,-1.46,5.28,0.00,0.99,FALSE,FALSE,0.11,0.10,0.12,,,seq.5765.53,0.02,
DEFB1_45105,OID45105,DEFB1,P60022,6,1.11,11.40,9.70,-0.15,0.14,21.00,-0.29,0.52,-0.29,-3.05,3.43,0.00,0.98,TRUE,FALSE,0.56,0.54,0.57,prot.2974,,seq.6629.3,0.49,
DEFB4A_DEFB4B_43603,OID43603,DEFB4A_DEFB4B,O15263,4,0.00,0.90,30.32,-6.01,0.45,22.00,-3.45,1.71,-3.56,-7.59,2.82,0.00,0.99,FALSE,FALSE,0.55,0.54,0.57,,,seq.13397.88,0.75,
DENND2B_42369,OID42369,DENND2B,P78524,3,0.00,65.00,36.26,-0.67,0.51,22.00,-0.38,1.18,-0.52,-4.43,7.36,0.02,0.91,FALSE,FALSE,0.05,0.05,0.06,,,,,
DENND2C_41094,OID41094,DENND2C,Q68D51,2,0.14,27.80,23.80,1.15,0.38,22.00,1.51,0.83,1.49,-1.73,5.33,0.00,0.99,FALSE,FALSE,0.43,0.41,0.43,prot.3948,0.57,,,
DENR_42370,OID42370,DENR,O43583,3,0.00,55.74,37.69,1.47,0.51,22.00,1.76,0.90,1.74,-1.94,5.20,0.01,0.99,FALSE,FALSE,0.43,0.43,0.43,prot.1251,0.49,seq.19287.59,0.40,
DEPDC1_40155,OID40155,DEPDC1,Q5TB30,1,0.00,86.01,59.27,-2.16,1.50,22.00,-1.77,1.86,-1.53,-8.90,5.53,0.06,0.21,FALSE,FALSE,0.03,0.03,0.03,,,,,
DEPP1_44601,OID44601,DEPP1,Q9NTK1,5,0.07,88.23,20.89,-0.28,0.30,22.00,-0.13,0.83,-0.25,-1.91,8.94,0.00,1.00,FALSE,FALSE,0.10,0.09,0.11,,,seq.7178.59,0.00,
DEUP1_40156,OID40156,DEUP1,Q05D60,1,0.00,94.36,54.09,-0.06,0.80,22.00,0.04,1.25,0.19,-7.74,5.72,0.02,0.71,FALSE,FALSE,0.02,0.02,0.02,,,,,
DFFA_43604,OID43604,DFFA,O00273,4,0.00,30.48,13.02,1.21,0.19,22.00,1.52,0.46,1.51,-0.18,4.31,0.01,0.99,FALSE,FALSE,0.36,0.35,0.36,,,seq.21249.115,0.26,
DGCR6_42371,OID42371,DGCR6,Q14129,3,0.00,86.50,53.69,0.26,0.66,22.00,-0.13,1.09,-0.06,-8.13,4.85,0.01,0.99,FALSE,FALSE,0.03,0.02,0.03,,,seq.9444.70,0.03,
DGKA_43605,OID43605,DGKA,P23743,4,0.00,29.58,28.91,1.69,0.40,22.00,1.83,0.60,1.84,-0.16,4.15,0.00,1.00,FALSE,FALSE,0.47,0.46,0.47,prot.2322,0.51,seq.29987.10,0.28,
DGKB_42372,OID42372,DGKB,Q9Y6T7,3,0.00,86.43,44.56,-0.14,0.70,22.00,-0.13,0.97,-0.06,-4.49,5.41,0.01,1.00,FALSE,FALSE,0.02,0.02,0.02,,,seq.12895.28,0.00,
DGKD_41095,OID41095,DGKD,Q16760,2,0.14,69.06,20.59,0.28,0.30,22.00,0.38,0.67,0.27,-1.59,5.16,0.00,0.99,FALSE,FALSE,0.13,0.12,0.14,prot.3711,0.16,seq.31484.24,0.15,
DGKH_41096,OID41096,DGKH,Q86XP1,2,0.14,26.76,27.41,-0.38,0.38,22.00,0.68,1.30,0.41,-2.02,7.00,0.00,0.88,FALSE,FALSE,0.21,0.21,0.22,prot.4279,0.24,,,
DGKI_43606,OID43606,DGKI,O75912,4,0.00,3.69,20.53,-0.80,0.31,22.00,-0.14,0.80,-0.15,-4.23,4.44,0.01,1.00,TRUE,FALSE,0.23,0.22,0.23,prot.6940,0.15,,,
DGKZ_42373,OID42373,DGKZ,Q13574,3,0.00,58.66,38.57,-0.40,0.59,22.00,-0.12,0.67,-0.10,-4.05,3.23,0.01,0.96,FALSE,FALSE,0.15,0.14,0.15,prot.3440,0.25,,,
DHODH_42374,OID42374,DHODH,Q02127,3,0.00,74.95,90.19,-2.26,2.33,22.00,-1.37,2.33,-0.90,-7.79,5.93,0.04,0.00,FALSE,FALSE,0.03,0.03,0.03,prot.3211,0.03,seq.21346.71,0.02,
DHPS_43607,OID43607,DHPS,P49366,4,0.00,20.18,10.34,-2.13,0.15,22.00,-2.72,0.66,-2.79,-5.42,3.69,0.02,0.99,FALSE,FALSE,0.18,0.18,0.19,,,seq.9856.22,-0.03,
DHRS4L2_43608,OID43608,DHRS4L2,Q6PKH6,4,0.00,11.90,12.34,-1.70,0.18,22.00,-1.07,0.75,-1.13,-3.50,5.61,0.01,0.99,TRUE,TRUE,0.30,0.29,0.32,,,,,
DHRS7_42375,OID42375,DHRS7,Q9Y394,3,0.00,49.41,45.75,-3.34,0.71,22.00,-1.95,1.28,-2.16,-6.46,6.11,0.03,0.99,FALSE,FALSE,0.12,0.12,0.12,prot.6172,0.16,,,
DHX36_41097,OID41097,DHX36,Q9H2U1,2,0.14,85.16,55.21,0.17,0.91,22.00,0.15,1.34,0.17,-7.24,7.20,0.00,1.00,FALSE,FALSE,0.03,0.03,0.03,prot.5449,0.02,,,
DHX37_41098,OID41098,DHX37,Q8IY37,2,0.14,87.11,51.76,-0.71,0.86,22.00,-0.38,0.95,-0.37,-7.83,5.19,0.00,1.00,FALSE,FALSE,0.02,0.02,0.03,,,,,
DHX8_41099,OID41099,DHX8,Q14562,2,0.14,84.67,25.70,-0.18,0.44,22.00,0.11,0.77,0.03,-2.88,6.01,0.00,1.00,FALSE,FALSE,0.04,0.03,0.04,prot.3527,-0.05,seq.11601.26,0.02,
DIABLO_44602,OID44602,DIABLO,Q9NR28,5,0.07,0.35,27.05,2.47,0.35,22.00,2.74,0.77,2.74,-1.02,7.27,0.00,0.99,FALSE,FALSE,0.63,0.62,0.63,prot.5647,0.64,seq.3122.6,0.09,4
DIAPH3_41100,OID41100,DIAPH3,Q9NSV4,2,0.14,55.61,42.98,1.74,0.67,22.00,2.68,1.13,2.71,-1.63,10.59,0.00,1.00,FALSE,FALSE,0.26,0.25,0.28,,,,,
DIP2B_41101,OID41101,DIP2B,Q9P265,2,0.14,83.00,100.33,-0.20,1.57,22.00,0.44,1.74,0.54,-6.80,7.72,0.00,0.99,FALSE,FALSE,0.01,0.01,0.02,prot.5863,-0.03,,,
DIP2C_40157,OID40157,DIP2C,Q9Y2E4,1,0.00,73.83,207.87,0.25,3.39,22.00,0.20,3.42,0.35,-6.44,12.44,0.00,0.00,FALSE,FALSE,0.03,0.02,0.03,,,,,
DIPK1C_42376,OID42376,DIPK1C,Q0P6D2,3,0.00,87.68,69.29,0.12,0.84,22.00,-0.20,1.20,-0.17,-7.82,5.15,0.01,0.99,FALSE,FALSE,0.02,0.02,0.02,,,seq.14341.8,0.01,
DIPK2B_44603,OID44603,DIPK2B,Q9H7Y0,5,0.07,5.78,13.48,0.44,0.19,22.00,0.21,0.39,0.23,-4.67,1.41,0.00,0.99,TRUE,TRUE,0.51,0.50,0.52,,,seq.29607.52,0.57,
DIS3L2_40158,OID40158,DIS3L2,Q8IYB7,1,0.00,89.00,88.70,-0.26,0.96,22.00,-0.28,1.69,-0.09,-7.91,8.24,0.04,0.80,FALSE,FALSE,0.03,0.03,0.03,prot.4355,0.02,seq.26061.80,0.00,
DIS3L_41102,OID41102,DIS3L,Q8TF46,2,0.14,63.83,47.84,-1.98,0.79,22.00,-0.08,1.69,-0.31,-8.00,8.48,0.00,0.96,FALSE,FALSE,0.04,0.04,0.05,,,,,
DIXDC1_40159,OID40159,DIXDC1,Q155Q3,1,0.00,82.74,166.13,1.25,2.14,22.00,1.14,2.06,0.15,-0.73,10.99,0.21,0.00,FALSE,FALSE,0.04,0.04,0.04,,,seq.13441.30,-0.02,
DKK1_44604,OID44604,DKK1,O94907,5,0.07,21.73,8.95,0.79,0.13,22.00,0.90,0.61,0.88,-4.63,4.40,0.00,0.99,TRUE,FALSE,0.71,0.70,0.71,prot.1495,0.79,seq.3535.84,0.84,
DKK3_45106,OID45106,DKK3,Q9UBP4,6,1.11,1.97,8.36,0.34,0.13,21.00,0.47,0.41,0.47,-1.28,2.05,0.00,0.98,FALSE,FALSE,0.66,0.66,0.67,prot.5893,0.61,seq.3607.71,0.76,
DKK4_43609,OID43609,DKK4,Q9UBT3,4,0.00,0.00,14.76,-0.43,0.20,22.00,0.52,0.58,0.49,-1.08,4.51,0.01,0.85,FALSE,FALSE,0.54,0.54,0.54,,,seq.22959.32,0.74,
DKKL1_43610,OID43610,DKKL1,Q9UK85,4,0.00,8.35,12.08,0.86,0.18,22.00,-0.11,1.02,0.13,-3.09,3.00,0.00,0.00,TRUE,TRUE,0.25,0.24,0.26,,,seq.16309.30,0.03,
DLEU7_40160,OID40160,DLEU7,Q6UYE1,1,0.00,89.98,367.94,-0.97,2.90,22.00,0.13,2.89,0.35,-7.33,14.54,0.01,0.00,FALSE,FALSE,0.02,0.02,0.02,,,,,
DLG4_43611,OID43611,DLG4,P78352,4,0.00,9.26,17.93,1.63,0.27,22.00,1.97,0.69,1.96,-1.14,5.64,0.01,0.98,FALSE,FALSE,0.54,0.53,0.54,,,seq.8070.88,0.58,
DLGAP5_42377,OID42377,DLGAP5,Q15398,3,0.00,82.53,77.27,-1.34,1.71,22.00,-0.23,1.50,-0.12,-7.90,6.27,0.03,0.99,FALSE,FALSE,0.02,0.01,0.02,,,,,
DLK1_45107,OID45107,DLK1,P80370,6,1.11,1.97,8.45,1.40,0.12,21.00,0.64,0.71,0.64,-2.65,3.64,0.00,1.00,TRUE,FALSE,0.72,0.71,0.73,,,seq.6373.54,0.92,
DLL1_44605,OID44605,DLL1,O00548,5,0.07,0.00,8.99,-0.04,0.13,22.00,0.27,0.34,0.25,-1.26,2.46,0.00,1.00,FALSE,FALSE,0.54,0.53,0.54,,,seq.5349.69,0.59,
DLL4_43612,OID43612,DLL4,Q9NR61,4,0.00,32.22,63.42,0.07,0.96,22.00,-0.35,2.07,-0.10,-6.60,13.30,0.06,0.00,FALSE,FALSE,0.08,0.07,0.08,,,seq.3305.6,0.02,
DLST_41103,OID41103,DLST,P36957,2,0.14,75.26,27.00,-0.02,0.39,22.00,0.43,0.58,0.39,-1.30,5.10,0.00,0.99,FALSE,FALSE,0.06,0.05,0.06,prot.2566,-0.03,seq.23699.61,-0.02,
DLX3_40161,OID40161,DLX3,O60479,1,0.00,71.40,139.31,-4.88,2.01,22.00,-3.19,2.98,-2.25,-7.81,6.41,0.00,0.00,FALSE,FALSE,0.00,0.00,0.00,,,seq.11422.2,-0.02,
DMAP1_41104,OID41104,DMAP1,Q9NPF5,2,0.14,95.12,79.18,-0.54,1.31,22.00,-0.28,1.48,-0.08,-7.58,5.32,0.00,1.00,FALSE,FALSE,0.01,0.01,0.01,,,,,
DMC1_41105,OID41105,DMC1,Q14565,2,0.14,88.36,60.22,-0.47,0.94,22.00,-0.36,1.41,-0.32,-7.74,7.57,0.00,1.00,FALSE,FALSE,0.00,0.00,0.01,,,seq.23341.16,-0.02,
DMD_43613,OID43613,DMD,P11532,4,0.00,13.43,27.91,1.16,0.47,22.00,1.32,0.61,1.33,-0.80,4.31,0.01,1.00,FALSE,FALSE,0.23,0.23,0.25,,,seq.29152.22,0.11,
DMP1_43614,OID43614,DMP1,Q13316,4,0.00,0.00,10.44,1.44,0.15,22.00,1.96,0.77,1.96,-2.50,4.84,0.00,0.99,FALSE,FALSE,0.54,0.53,0.54,prot.3405,0.66,,,
DMRTC1_40162,OID40162,DMRTC1,Q5HYR2,1,0.00,78.50,46.32,-1.04,0.75,22.00,-0.45,0.91,-0.52,-3.62,5.67,0.02,0.98,FALSE,FALSE,0.02,0.02,0.02,,,,,
DNAAF11_42378,OID42378,DNAAF11,Q86X45,3,0.00,61.45,33.13,-1.47,0.52,22.00,-0.78,0.92,-0.84,-3.58,3.49,0.01,0.99,FALSE,FALSE,0.05,0.05,0.05,,,seq.29187.2,0.03,
DNAAF2_40163,OID40163,DNAAF2,Q9NVR5,1,0.00,74.67,166.92,1.41,2.52,22.00,1.37,3.20,0.27,-5.65,9.20,0.00,0.00,FALSE,FALSE,0.03,0.03,0.03,,,,,
DNAAF4_40164,OID40164,DNAAF4,Q8WXU2,1,0.00,69.52,23.91,-0.47,0.33,22.00,-0.43,0.49,-0.49,-1.87,3.19,0.02,1.00,FALSE,FALSE,0.05,0.05,0.05,,,,,
DNAAF6_40165,OID40165,DNAAF6,Q9NQM4,1,0.00,82.39,86.12,-0.52,2.19,22.00,0.68,1.74,0.80,-7.18,6.57,0.02,0.99,FALSE,FALSE,0.04,0.04,0.05,,,,,
DNAAF8_41106,OID41106,DNAAF8,Q8IYS4,2,0.14,69.27,323.31,-1.06,2.70,22.00,-1.03,2.86,-0.38,-6.09,7.55,0.00,0.00,FALSE,FALSE,-0.02,-0.02,-0.01,,,seq.23607.1,-0.05,
DNAH10_41108,OID41108,DNAH10,Q8IVF4,2,0.14,81.46,62.37,-1.03,1.65,22.00,-0.42,1.42,-0.33,-7.48,7.43,0.00,0.98,FALSE,FALSE,0.03,0.03,0.04,,,,,
DNAH11_40166,OID40166,DNAH11,Q96DT5,1,0.00,63.19,35.70,-1.37,0.52,22.00,-1.19,0.92,-1.34,-3.66,5.74,0.03,1.00,FALSE,FALSE,0.04,0.03,0.05,prot.4891,,seq.35121.1,0.00,
DNAH17_41109,OID41109,DNAH17,Q9UFH2,2,0.14,63.97,32.82,-2.35,0.64,22.00,-1.29,1.15,-1.55,-4.48,4.83,0.00,1.00,FALSE,FALSE,0.05,0.04,0.05,prot.6885,,,,
DNAH1_41107,OID41107,DNAH1,Q9P2D7,2,0.14,75.96,27.14,1.95,0.41,22.00,-1.25,2.19,-0.90,-7.78,6.09,0.00,0.00,FALSE,FALSE,0.06,0.05,0.06,prot.5871,0.03,,,
DNAH5_42379,OID42379,DNAH5,Q8TE73,3,0.00,54.63,13.76,0.08,0.20,22.00,-0.64,1.07,-0.89,-2.55,7.13,0.04,1.00,FALSE,FALSE,0.05,0.05,0.06,prot.427,-0.04,,,
DNAH6_41110,OID41110,DNAH6,Q9C0G6,2,0.14,51.43,37.77,-6.12,0.80,22.00,-4.34,2.40,-4.54,-13.10,3.91,0.00,1.00,FALSE,FALSE,0.09,0.08,0.09,prot.6820,-0.01,,,
DNAH7_40167,OID40167,DNAH7,Q8WXX0,1,0.00,57.83,78.06,-3.95,1.83,22.00,-1.81,2.37,-1.91,-9.77,6.70,0.02,0.98,FALSE,FALSE,0.12,0.11,0.13,,,,,
DNAH9_40168,OID40168,DNAH9,Q9NYC9,1,0.00,69.10,125.66,-2.45,2.46,22.00,-0.95,3.50,-0.39,-6.98,10.14,0.00,0.00,FALSE,FALSE,0.03,0.02,0.03,,,,,
DNAI4_41111,OID41111,DNAI4,Q5VTH9,2,0.14,74.36,246.18,4.42,1.65,22.00,-0.37,2.99,0.07,-6.21,11.65,0.00,0.00,FALSE,FALSE,0.02,0.01,0.02,,,,,
DNAI7_41112,OID41112,DNAI7,Q6TDU7,2,0.14,84.67,87.86,-1.41,1.65,22.00,-0.41,1.98,-0.43,-7.68,6.72,0.00,0.95,FALSE,FALSE,0.01,0.01,0.01,,,,,
DNAJA1_42380,OID42380,DNAJA1,P31689,3,0.00,81.42,66.45,-0.42,1.72,22.00,0.03,1.62,0.11,-7.72,7.56,0.03,0.98,FALSE,FALSE,0.05,0.04,0.05,prot.2471,0.02,seq.29815.3,0.06,
DNAJA2_43615,OID43615,DNAJA2,O60884,4,0.00,1.32,19.86,1.35,0.29,22.00,1.87,0.60,1.90,-1.09,4.72,0.01,1.00,FALSE,FALSE,0.57,0.56,0.57,prot.1349,0.73,seq.11582.63,0.52,
DNAJA4_43616,OID43616,DNAJA4,Q8WW22,4,0.00,0.07,50.39,0.96,0.41,22.00,1.36,0.80,1.29,-0.56,4.89,0.00,0.74,FALSE,FALSE,0.57,0.57,0.57,prot.4672,0.78,seq.9744.139,0.67,
DNAJB13_41113,OID41113,DNAJB13,P59910,2,0.14,81.74,138.33,-1.65,2.33,22.00,-1.50,2.60,-0.91,-6.73,6.45,0.00,0.00,FALSE,FALSE,0.00,0.00,0.00,,,seq.24659.6,0.00,
DNAJB14_43618,OID43618,DNAJB14,Q8TBM8,4,0.00,54.49,22.17,1.07,0.31,22.00,1.59,0.68,1.58,-1.43,6.55,0.01,0.87,FALSE,FALSE,0.25,0.24,0.26,,,seq.8053.16,0.09,
DNAJB1_43617,OID43617,DNAJB1,P25685,4,0.00,15.80,46.11,3.48,0.44,22.00,3.95,0.80,3.93,1.56,7.73,0.01,0.99,FALSE,FALSE,0.63,0.63,0.63,prot.2350,0.73,seq.3852.19,0.56,
DNAJB2_44606,OID44606,DNAJB2,P25686,5,0.07,10.52,30.79,1.69,0.37,22.00,2.03,0.62,1.98,0.27,5.32,0.00,0.99,FALSE,FALSE,0.58,0.57,0.58,prot.2351,0.51,seq.11438.6,0.56,
DNAJB3_42381,OID42381,DNAJB3,Q8WWF6,3,0.00,90.12,53.14,-0.24,0.84,22.00,0.21,1.29,0.18,-7.50,6.17,0.01,1.00,FALSE,FALSE,0.01,0.01,0.02,,,seq.23252.4,-0.05,
DNAJB4_43619,OID43619,DNAJB4,Q9UDY4,4,0.00,5.29,23.45,0.41,0.25,22.00,0.87,0.50,0.79,-0.25,4.41,0.02,0.99,FALSE,FALSE,0.47,0.46,0.47,prot.5918,0.37,seq.18884.22,0.65,
DNAJB8_43620,OID43620,DNAJB8,Q8NHS0,4,0.00,24.98,11.41,0.05,0.17,22.00,0.47,0.63,0.32,-0.49,5.76,0.04,1.00,FALSE,FALSE,0.21,0.21,0.22,,,seq.20942.4,0.19,
DNAJC10_41114,OID41114,DNAJC10,Q8IXB1,2,0.14,74.98,59.87,-1.51,1.98,22.00,-0.40,1.96,-0.27,-7.31,6.97,0.00,0.52,FALSE,FALSE,0.02,0.01,0.02,,,seq.8297.8,0.00,
DNAJC12_41115,OID41115,DNAJC12,Q9UKB3,2,0.14,84.39,38.79,1.36,0.55,22.00,1.46,1.07,1.40,-1.80,7.02,0.00,0.99,FALSE,FALSE,0.18,0.18,0.19,,,seq.21114.18,0.05,
DNAJC17_43621,OID43621,DNAJC17,Q9NVM6,4,0.00,35.42,30.36,0.99,0.45,22.00,1.34,0.65,1.28,-0.94,5.02,0.01,0.99,FALSE,FALSE,0.45,0.44,0.46,prot.5736,0.28,seq.14655.1,0.57,
DNAJC19_41116,OID41116,DNAJC19,Q96DA6,2,0.14,80.77,48.44,0.09,0.73,22.00,0.24,0.79,0.27,-7.46,5.36,0.00,0.90,FALSE,FALSE,0.04,0.04,0.04,prot.4881,0.01,seq.4545.53,0.01,
DNAJC21_43622,OID43622,DNAJC21,Q5F1R6,4,0.00,44.68,17.70,0.54,0.26,22.00,0.92,0.43,0.91,-0.49,3.12,0.00,0.99,FALSE,FALSE,0.26,0.26,0.27,prot.3807,0.18,,,
DNAJC27_40169,OID40169,DNAJC27,Q9NZQ0,1,0.00,86.99,135.05,-3.09,2.94,22.00,-0.15,1.92,0.10,-7.61,8.42,0.05,0.64,FALSE,FALSE,0.01,0.01,0.01,,,seq.12799.65,-0.01,
DNAJC28_41117,OID41117,DNAJC28,Q9NX36,2,0.14,71.71,216.06,0.38,2.81,22.00,0.19,3.14,0.22,-6.59,9.91,0.00,0.00,FALSE,FALSE,0.01,0.01,0.02,,,,,
DNAJC30_42382,OID42382,DNAJC30,Q96LL9,3,0.00,76.90,31.92,0.00,0.42,22.00,0.30,0.84,0.18,-1.69,7.88,0.04,0.99,FALSE,FALSE,0.04,0.04,0.04,,,seq.7866.11,0.01,
DNAJC6_43623,OID43623,DNAJC6,O75061,4,0.00,9.95,20.46,2.92,0.29,22.00,2.94,0.74,2.92,0.26,6.36,0.00,1.00,FALSE,FALSE,0.47,0.47,0.47,prot.1358,0.40,seq.32001.11,0.11,
DNAJC7_44608,OID44608,DNAJC7,Q99615,5,0.07,0.42,11.62,0.54,0.16,22.00,0.92,0.45,0.89,-0.48,4.35,0.00,1.00,FALSE,FALSE,0.60,0.59,0.60,prot.5126,0.79,seq.32371.2,0.77,
DNAJC9_43624,OID43624,DNAJC9,Q8WXX5,4,0.00,21.09,43.90,0.98,0.52,22.00,1.42,0.77,1.38,-0.64,5.62,0.01,1.00,FALSE,FALSE,0.46,0.45,0.46,prot.4695,0.49,seq.31599.24,0.01,
DNAL1_41118,OID41118,DNAL1,Q4LDG9,2,0.14,61.53,24.30,-0.51,0.34,22.00,0.03,0.98,-0.19,-2.18,6.20,0.00,0.99,FALSE,FALSE,0.07,0.07,0.07,,,,,
DNALI1_40170,OID40170,DNALI1,O14645,1,0.00,65.07,55.07,-3.34,1.08,22.00,-2.09,1.49,-2.21,-10.14,5.90,0.02,1.00,FALSE,FALSE,0.03,0.03,0.03,,,seq.20437.9,0.01,
DNASE1_45108,OID45108,DNASE1,P24855,6,1.11,13.79,11.46,0.88,0.18,21.00,0.35,0.68,0.35,-2.34,2.57,0.00,1.00,FALSE,FALSE,0.72,0.71,0.72,prot.2341,0.84,,,
DNER_44609,OID44609,DNER,Q8NFT8,5,0.07,0.91,8.58,0.05,0.12,22.00,0.08,0.29,0.07,-1.34,1.38,0.00,0.99,FALSE,FALSE,0.54,0.53,0.54,,,seq.9769.48,0.67,
DNLZ_42383,OID42383,DNLZ,Q5SXM8,3,0.00,70.56,38.42,-1.02,0.88,22.00,-0.66,2.18,-0.99,-9.05,10.12,0.01,1.00,FALSE,FALSE,0.02,0.02,0.02,,,seq.35035.7,-0.04,
DNM1_43625,OID43625,DNM1,Q05193,4,0.00,3.55,32.26,4.20,0.49,22.00,5.03,0.95,5.08,-0.40,10.20,0.01,0.99,FALSE,FALSE,0.57,0.57,0.57,prot.3252,0.59,seq.24435.1,0.61,
DNM3_43626,OID43626,DNM3,Q9UQ16,4,0.00,17.81,17.69,0.24,0.25,22.00,0.63,0.60,0.56,-1.09,5.18,0.02,1.00,FALSE,FALSE,0.23,0.23,0.24,prot.6087,0.20,,,
DNMBP_43627,OID43627,DNMBP,Q6XZF7,4,0.00,0.00,14.70,0.80,0.22,22.00,1.25,0.54,1.25,-0.97,4.43,0.00,0.93,FALSE,FALSE,0.35,0.33,0.35,prot.4078,0.25,,,
DNPEP_43628,OID43628,DNPEP,Q9ULA0,4,0.00,22.06,26.74,-0.86,0.38,22.00,-1.15,0.80,-1.14,-6.76,2.30,0.00,0.99,FALSE,FALSE,0.25,0.24,0.25,,,seq.25037.4,0.11,
DNPH1_44610,OID44610,DNPH1,O43598,5,0.07,0.00,31.89,1.22,0.32,22.00,1.81,0.63,1.78,0.05,4.99,0.00,0.99,TRUE,FALSE,0.53,0.53,0.53,prot.1254,0.11,seq.17785.11,0.49,8
DOC2B_42384,OID42384,DOC2B,Q14184,3,0.00,59.64,105.92,-2.04,2.78,22.00,-0.56,2.34,-0.44,-7.33,8.07,0.04,0.06,FALSE,FALSE,0.02,0.02,0.03,,,seq.7997.118,0.00,
DOCK10_41119,OID41119,DOCK10,Q96BY6,2,0.14,82.51,161.04,0.12,2.44,22.00,0.66,2.83,0.65,-6.85,9.28,0.00,0.65,FALSE,FALSE,0.03,0.03,0.03,prot.4851,,seq.35370.18,0.00,
DOCK8_AS1_41120,OID41120,DOCK8-AS1,Q5T8R8,2,0.14,48.08,72.91,-1.76,1.08,22.00,-0.13,1.54,-0.37,-7.91,8.96,0.00,1.00,FALSE,FALSE,0.04,0.03,0.04,,,,,
DOCK9_42385,OID42385,DOCK9,Q9BZ29,3,0.00,71.61,30.39,-1.37,0.46,22.00,-0.95,1.25,-1.27,-3.20,7.52,0.08,0.99,FALSE,FALSE,0.04,0.04,0.04,,,seq.14002.18,0.00,
DOHH_40171,OID40171,DOHH,Q9BU89,1,0.00,35.28,36.45,0.19,0.45,22.00,0.72,0.74,0.66,-1.65,4.49,0.01,0.99,FALSE,FALSE,0.13,0.13,0.14,prot.7163,0.02,seq.24420.57,0.02,
DOK1_43629,OID43629,DOK1,Q99704,4,0.00,15.59,45.49,3.51,0.62,22.00,3.64,0.99,3.62,-1.11,8.19,0.01,0.99,FALSE,FALSE,0.59,0.59,0.59,prot.5134,0.70,seq.16831.7,0.67,
DOK2_44611,OID44611,DOK2,O60496,5,0.07,0.28,24.05,3.18,0.33,22.00,3.12,0.80,3.15,-0.49,8.57,0.00,0.83,FALSE,FALSE,0.69,0.69,0.70,prot.1313,0.76,seq.19578.19,0.71,4
DOK7_40172,OID40172,DOK7,Q18PE1,1,0.00,88.94,50.35,-0.82,0.73,22.00,-0.22,0.80,-0.17,-5.26,4.33,0.01,1.00,FALSE,FALSE,0.02,0.02,0.03,,,,,
DOP1B_40173,OID40173,DOP1B,Q9Y3R5,1,0.00,96.94,72.99,-1.00,1.86,22.00,-0.93,2.16,-0.45,-7.51,5.61,0.09,0.00,FALSE,FALSE,0.04,0.04,0.05,prot.7201,0.01,,,
DPEP1_43630,OID43630,DPEP1,P16444,4,0.00,3.34,10.46,-0.55,0.15,22.00,0.10,0.60,0.16,-6.43,2.46,0.00,0.99,TRUE,FALSE,0.50,0.50,0.50,prot.8001,0.18,seq.8794.13,0.50,
DPEP2_43631,OID43631,DPEP2,Q9H4A9,4,0.00,26.51,6.90,0.18,0.10,22.00,-1.79,0.44,-1.80,-4.11,0.40,0.01,0.99,TRUE,TRUE,0.44,0.43,0.45,prot.5478,0.07,seq.8327.26,0.45,
DPF1_41121,OID41121,DPF1,Q92782,2,0.14,90.31,51.52,-0.61,0.93,22.00,-0.32,1.23,-0.30,-7.96,8.78,0.00,1.00,FALSE,FALSE,-0.01,-0.01,-0.01,,,seq.30601.27,-0.04,
DPF3_41122,OID41122,DPF3,Q92784,2,0.14,62.58,41.84,-0.36,0.75,22.00,-0.42,1.35,-0.63,-4.63,7.71,0.00,0.95,FALSE,FALSE,0.04,0.04,0.05,,,,,
DPH3P1_41123,OID41123,DPH3P1,Q9H4G8,2,0.14,81.95,55.32,-1.28,1.50,22.00,-0.84,1.66,-0.77,-8.11,7.15,0.00,0.99,FALSE,FALSE,0.04,0.04,0.04,,,,,
DPP10_43632,OID43632,DPP10,Q8N608,4,0.00,6.33,10.06,0.01,0.14,22.00,-0.11,0.41,-0.13,-1.16,3.29,0.01,0.60,FALSE,FALSE,0.19,0.18,0.20,,,seq.7890.68,-0.03,
DPP4_45351,OID45351,DPP4,P27487,7,0.07,0.00,7.34,0.50,0.11,22.00,0.39,0.35,0.38,-1.23,3.59,0.00,0.97,FALSE,FALSE,0.40,0.39,0.40,,,seq.15460.9,0.19,
DPP6_43633,OID43633,DPP6,P42658,4,0.00,15.17,16.19,0.62,0.25,22.00,0.43,0.47,0.44,-1.23,2.26,0.00,1.00,FALSE,FALSE,0.20,0.20,0.21,,,seq.21969.5,-0.03,
DPP7_44612,OID44612,DPP7,Q9UHL4,5,0.07,0.00,7.66,0.38,0.11,22.00,-0.12,0.54,-0.13,-2.90,3.21,0.00,1.00,TRUE,TRUE,0.56,0.56,0.58,prot.5957,0.50,seq.8346.9,0.41,
DPPA4_40174,OID40174,DPPA4,Q7L190,1,0.00,84.62,48.95,-0.46,0.96,22.00,-0.59,1.89,-0.37,-7.57,8.13,0.05,0.51,FALSE,FALSE,0.02,0.02,0.02,,,seq.21589.80,0.01,
DPT_45109,OID45109,DPT,Q07507,6,1.11,2.04,10.38,0.35,0.15,21.00,0.53,0.34,0.53,-1.25,1.98,0.00,0.99,TRUE,FALSE,0.62,0.61,0.62,prot.3277,0.70,seq.4979.34,0.66,
DPY30_43634,OID43634,DPY30,Q9C005,4,0.00,10.86,14.06,-0.78,0.20,22.00,-0.41,0.45,-0.45,-1.95,2.03,0.01,1.00,FALSE,FALSE,0.45,0.45,0.45,prot.5360,0.15,seq.13943.38,0.62,
DRAXIN_43635,OID43635,DRAXIN,Q8NBI3,4,0.00,0.00,9.95,1.10,0.14,22.00,1.64,0.51,1.62,-0.02,4.03,0.00,1.00,TRUE,TRUE,0.27,0.26,0.28,,,seq.7084.1,0.01,
DRC1_40175,OID40175,DRC1,Q96MC2,1,0.00,87.27,202.28,-0.14,2.65,22.00,-0.09,2.73,-0.07,-5.73,8.14,0.21,0.00,FALSE,FALSE,0.02,0.02,0.02,,,,,
DRC3_40176,OID40176,DRC3,Q9H069,1,0.00,83.86,40.05,-0.59,0.67,22.00,-0.10,0.90,-0.15,-3.49,6.82,0.02,0.99,FALSE,FALSE,0.01,0.01,0.01,,,seq.30232.17,-0.01,
DRD2_41124,OID41124,DRD2,P14416,2,0.14,63.07,79.18,-1.43,1.86,22.00,0.22,2.13,0.31,-7.36,9.14,0.00,0.84,FALSE,FALSE,0.04,0.04,0.04,,,,,
DRG2_43636,OID43636,DRG2,P55039,4,0.00,11.69,11.02,0.73,0.17,22.00,1.01,0.41,1.00,-0.23,3.40,0.01,0.93,FALSE,FALSE,0.51,0.51,0.51,prot.2912,0.70,,,
DRGX_40177,OID40177,DRGX,A6NNA5,1,0.00,81.84,346.18,-1.54,3.19,22.00,-0.68,3.03,0.00,-7.16,8.62,0.00,0.00,FALSE,FALSE,-0.01,-0.01,-0.01,,,seq.8034.6,-0.04,
DROSHA_41125,OID41125,DROSHA,Q9NRR4,2,0.14,81.46,71.83,-0.64,1.63,22.00,0.44,1.25,0.41,-7.78,6.31,0.00,1.00,FALSE,FALSE,0.06,0.05,0.06,,,,,
DSC2_45110,OID45110,DSC2,Q02487,6,1.11,5.77,8.53,0.00,0.13,21.00,0.35,0.36,0.35,-1.87,2.15,0.00,0.97,TRUE,FALSE,0.50,0.49,0.51,prot.3218,0.45,seq.13126.52,0.35,
DSCAM_42386,OID42386,DSCAM,O60469,3,0.00,53.10,45.78,-0.14,0.68,22.00,0.55,0.73,0.57,-1.91,3.18,0.00,1.00,TRUE,FALSE,0.31,0.31,0.32,prot.1309,0.00,seq.9175.48,0.46,
DSCC1_41126,OID41126,DSCC1,Q9BVC3,2,0.14,73.38,63.44,-3.00,0.82,22.00,-2.04,1.30,-2.12,-10.27,9.21,0.00,1.00,FALSE,FALSE,0.03,0.02,0.03,,,seq.23679.43,0.02,
DSG2_45111,OID45111,DSG2,Q14126,6,1.11,6.62,12.58,0.54,0.19,21.00,0.87,0.33,0.86,-0.74,2.82,0.00,0.98,FALSE,FALSE,0.56,0.56,0.57,prot.3486,0.51,seq.9484.75,0.67,
DSG3_43637,OID43637,DSG3,P32926,4,0.00,0.00,7.72,1.16,0.11,22.00,0.87,0.42,0.87,-0.41,3.30,0.00,0.86,TRUE,FALSE,0.57,0.55,0.58,prot.7783,-0.03,seq.26175.6,0.78,
DSG4_43638,OID43638,DSG4,Q86SJ6,4,0.00,6.54,6.55,1.03,0.09,22.00,0.37,0.68,0.39,-4.29,5.59,0.00,0.96,FALSE,FALSE,0.29,0.28,0.30,prot.4213,-0.01,seq.22568.7,0.13,
DSPP_41127,OID41127,DSPP,Q9NZW4,2,0.14,70.87,62.14,-1.33,2.10,22.00,-0.45,2.40,-0.23,-7.34,9.65,0.00,0.02,FALSE,FALSE,0.03,0.02,0.03,,,,,
DTD1_44613,OID44613,DTD1,Q8TEA8,5,0.07,21.87,20.83,3.46,0.29,22.00,3.73,0.89,3.77,-1.10,8.33,0.00,0.99,TRUE,FALSE,0.68,0.67,0.68,prot.4621,0.79,seq.19194.9,0.80,
DTHD1_40178,OID40178,DTHD1,Q6ZMT9,1,0.00,69.87,57.77,-1.57,1.59,22.00,-0.87,1.57,-0.91,-9.27,5.95,0.03,1.00,FALSE,FALSE,0.02,0.02,0.02,,,,,
DTL_41128,OID41128,DTL,Q9NZJ0,2,0.14,52.96,64.54,0.38,0.81,22.00,1.05,1.39,0.89,-4.97,8.52,0.00,0.97,FALSE,FALSE,0.11,0.11,0.12,,,,,
DTNB_43639,OID43639,DTNB,O60941,4,0.00,3.20,13.09,0.34,0.19,22.00,0.61,0.53,0.56,-0.80,4.69,0.01,0.99,FALSE,FALSE,0.19,0.18,0.19,prot.6466,0.05,,,
DTX2_42387,OID42387,DTX2,Q86UW9,3,0.00,61.66,29.05,1.64,0.42,22.00,0.29,1.25,0.04,-2.38,7.60,0.01,0.94,FALSE,FALSE,0.11,0.11,0.11,,,,,
DTX3L_42388,OID42388,DTX3L,Q8TDB6,3,0.00,18.86,20.66,0.29,0.31,22.00,0.80,0.66,0.72,-0.96,5.56,0.01,0.99,FALSE,FALSE,0.40,0.40,0.41,prot.4607,0.53,seq.11643.73,0.26,
DTX3_43640,OID43640,DTX3,Q8N9I9,4,0.00,0.28,13.08,0.65,0.19,22.00,0.49,0.30,0.48,-1.32,2.43,0.00,0.86,FALSE,FALSE,0.32,0.31,0.33,,,,,
DTYMK_44614,OID44614,DTYMK,P23919,5,0.07,0.07,18.91,2.67,0.24,22.00,3.07,0.62,3.04,0.94,7.00,0.00,1.00,FALSE,FALSE,0.69,0.68,0.70,prot.2324,0.55,seq.19504.22,0.80,4
DUOX2_41129,OID41129,DUOX2,Q9NRD8,2,0.14,84.04,19.04,0.07,0.29,22.00,0.22,0.50,0.15,-1.07,4.83,0.00,0.99,FALSE,FALSE,0.14,0.13,0.15,,,,,
DUS1L_40179,OID40179,DUS1L,Q6P1R4,1,0.00,67.08,205.27,-0.81,3.51,22.00,0.94,3.64,0.15,-6.40,13.19,0.00,0.00,FALSE,FALSE,0.01,0.01,0.01,,,seq.31877.21,-0.01,
DUS2_40180,OID40180,DUS2,Q9NX74,1,0.00,78.15,38.76,-0.57,0.57,22.00,-0.11,0.87,-0.21,-2.83,5.00,0.03,1.00,FALSE,FALSE,0.04,0.04,0.05,,,seq.13506.10,0.01,
DUS3L_40181,OID40181,DUS3L,Q96G46,1,0.00,82.60,32.20,-1.74,0.48,22.00,-1.60,0.97,-1.69,-4.50,4.58,0.02,0.88,FALSE,FALSE,0.01,0.01,0.02,,,seq.26058.17,-0.03,
DUSP15_41130,OID41130,DUSP15,Q9H1R2,2,0.14,85.16,38.51,-0.20,0.53,22.00,0.06,0.62,0.03,-1.83,4.96,0.00,0.99,FALSE,FALSE,0.04,0.03,0.04,prot.5432,-0.02,seq.12838.28,0.00,
DUSP19_41131,OID41131,DUSP19,Q8WTR2,2,0.14,71.50,37.72,0.25,0.50,22.00,0.43,0.86,0.38,-2.17,7.79,0.00,1.00,FALSE,FALSE,0.09,0.08,0.09,prot.4639,0.08,seq.20984.142,-0.03,
DUSP29_42389,OID42389,DUSP29,Q68J44,3,0.00,77.66,73.02,0.13,0.92,22.00,0.67,1.45,0.65,-7.50,7.11,0.02,1.00,FALSE,FALSE,0.18,0.18,0.18,,,seq.23323.25,0.30,
DUSP3_42390,OID42390,DUSP3,P51452,3,0.00,61.10,38.58,-0.45,0.52,22.00,0.10,1.19,-0.16,-2.33,7.40,0.04,1.00,FALSE,FALSE,0.10,0.10,0.11,prot.2811,0.14,seq.3480.7,0.11,
DUT_43642,OID43642,DUT,P33316,4,0.00,19.35,35.76,3.35,0.53,22.00,4.15,0.87,4.16,0.77,8.86,0.00,1.00,FALSE,FALSE,0.53,0.52,0.53,prot.2500,0.48,seq.9995.6,0.49,
DXO_43643,OID43643,DXO,O77932,4,0.00,14.47,16.00,1.11,0.23,22.00,1.26,0.50,1.27,-0.66,4.10,0.01,0.98,FALSE,FALSE,0.31,0.30,0.31,,,seq.32820.34,0.17,
DYNC1H1_42391,OID42391,DYNC1H1,Q14204,3,0.00,41.82,69.42,-0.23,0.70,22.00,0.43,0.72,0.38,-1.69,5.22,0.01,0.99,FALSE,FALSE,0.32,0.32,0.33,prot.3498,0.55,seq.32056.23,0.07,
DYNC1I2_41132,OID41132,DYNC1I2,Q13409,2,0.14,46.34,25.65,2.13,0.37,22.00,1.83,0.86,1.78,-1.82,6.82,0.00,0.99,FALSE,FALSE,0.48,0.47,0.49,prot.3412,0.55,seq.32051.11,0.60,
DYNC2H1_41133,OID41133,DYNC2H1,Q8NCM8,2,0.14,73.31,33.09,0.72,0.65,22.00,0.34,1.09,0.24,-3.92,5.68,0.00,0.93,FALSE,FALSE,0.04,0.03,0.04,prot.4500,-0.02,,,
DYNC2I1_41134,OID41134,DYNC2I1,Q8WVS4,2,0.14,92.20,47.43,-0.09,0.80,22.00,-0.27,1.02,-0.21,-7.74,4.31,0.00,0.96,FALSE,FALSE,0.03,0.02,0.03,,,,,
DYNC2LI1_41135,OID41135,DYNC2LI1,Q8TCX1,2,0.14,89.48,84.95,-1.75,2.51,22.00,-0.86,1.96,-0.59,-7.23,6.63,0.00,0.14,FALSE,FALSE,0.00,0.00,0.01,,,seq.34835.13,-0.02,
DYNLT1_42392,OID42392,DYNLT1,P63172,3,0.00,46.56,62.77,2.26,0.67,22.00,2.93,1.03,2.89,-0.50,7.16,0.00,0.99,FALSE,FALSE,0.40,0.39,0.40,prot.7053,0.36,seq.14331.262,0.04,
DYNLT3_43644,OID43644,DYNLT3,P51808,4,0.00,56.16,35.12,0.60,0.49,22.00,1.00,0.55,0.96,-0.67,4.29,0.01,0.98,FALSE,FALSE,0.18,0.17,0.18,,,seq.12867.40,0.02,
DYRK4_40182,OID40182,DYRK4,Q9NR20,1,0.00,78.50,35.22,-0.35,0.54,22.00,-0.47,1.20,-0.65,-3.73,6.27,0.03,0.99,FALSE,FALSE,0.04,0.04,0.04,,,,,
DZANK1_40183,OID40183,DZANK1,Q9NVP4,1,0.00,55.74,50.17,0.11,0.66,22.00,-0.03,1.56,0.00,-8.43,6.84,0.02,0.88,FALSE,FALSE,0.05,0.05,0.05,,,,,
DZIP1L_41136,OID41136,DZIP1L,Q8IYY4,2,0.14,80.42,60.89,2.52,0.82,22.00,0.54,1.70,0.57,-7.41,10.08,0.00,0.88,FALSE,FALSE,0.04,0.04,0.04,prot.4367,-0.03,seq.31334.6,0.01,
DZIP3_41137,OID41137,DZIP3,Q86Y13,2,0.14,75.26,46.28,-0.05,0.71,22.00,0.12,0.82,0.15,-7.56,4.41,0.00,0.98,FALSE,FALSE,0.03,0.03,0.03,,,,,
EAF2_41138,OID41138,EAF2,Q96CJ1,2,0.14,72.68,46.27,0.25,0.70,22.00,0.46,1.08,0.44,-7.29,4.93,0.00,0.94,FALSE,FALSE,0.01,0.01,0.02,,,seq.31760.58,-0.04,
EAPP_41139,OID41139,EAPP,Q56P03,2,0.14,60.21,47.48,-0.57,1.21,22.00,0.40,0.98,0.31,-5.26,5.32,0.00,0.99,FALSE,FALSE,0.03,0.03,0.03,,,seq.35071.4,0.00,
EBAG9_43645,OID43645,EBAG9,O00559,4,0.00,0.14,12.30,1.81,0.18,22.00,2.12,0.70,2.06,-0.28,6.22,0.01,1.00,FALSE,FALSE,0.57,0.57,0.58,,,seq.19802.22,0.68,
EBI3_IL27_43646,OID43646,EBI3_IL27,Q14213_Q8NEV9,4,0.00,1.04,5.88,-0.25,0.08,22.00,-0.05,0.43,-0.06,-1.46,2.60,0.01,0.99,TRUE,TRUE,0.62,0.60,0.62,prot.3499,0.78,seq.26327.6,0.85,
ECD_40184,OID40184,ECD,O95905,1,0.00,72.93,267.35,0.89,1.88,22.00,1.86,2.50,0.32,-1.26,11.93,0.32,0.00,FALSE,FALSE,0.06,0.06,0.07,,,,,
ECE1_43647,OID43647,ECE1,P42892,4,0.00,42.80,14.00,-0.62,0.21,22.00,-0.53,0.38,-0.52,-2.25,0.94,0.00,0.99,FALSE,FALSE,0.17,0.16,0.18,,,seq.8767.44,0.00,
ECHDC3_44615,OID44615,ECHDC3,Q96DC8,5,0.07,0.42,20.44,-0.42,0.24,22.00,-0.84,1.27,-0.85,-6.96,4.74,0.00,0.99,TRUE,FALSE,0.74,0.73,0.75,prot.6764,,seq.31750.58,0.94,
ECHS1_43648,OID43648,ECHS1,P30084,4,0.00,14.82,14.22,1.07,0.20,22.00,0.79,0.89,0.75,-2.44,4.78,0.00,0.99,TRUE,TRUE,0.45,0.44,0.45,prot.2438,0.42,seq.17787.1,0.50,
ECI1_45112,OID45112,ECI1,P42126,6,1.11,1.97,7.93,-0.02,0.11,21.00,-0.37,0.59,-0.45,-2.62,3.74,0.00,0.99,TRUE,TRUE,0.49,0.49,0.49,prot.2617,0.16,seq.19367.34,0.45,
ECI2_42393,OID42393,ECI2,O75521,3,0.00,81.98,42.89,-0.19,0.77,22.00,0.46,0.96,0.44,-8.14,5.29,0.01,0.99,TRUE,TRUE,0.27,0.26,0.27,prot.130,0.31,seq.12859.33,0.35,
ECM1_45460,OID45460,ECM1,Q16610,8,0.84,0.21,10.41,0.17,0.15,22.00,0.16,0.37,0.21,-1.95,2.85,0.00,1.00,TRUE,TRUE,0.51,0.51,0.51,prot.3695,-0.02,seq.3366.51,0.47,
ECPAS_40185,OID40185,ECPAS,Q5VYK3,1,0.00,94.78,336.12,-0.51,2.61,22.00,-0.42,2.80,0.03,-6.63,10.53,0.00,0.00,FALSE,FALSE,0.02,0.02,0.03,,,,,
ECSCR_42394,OID42394,ECSCR,Q19T08,3,0.00,88.80,27.03,-0.55,0.38,22.00,-0.47,0.76,-0.57,-2.56,5.82,0.03,0.85,FALSE,FALSE,0.06,0.05,0.06,,,,,
ECSIT_41140,OID41140,ECSIT,Q9BQ95,2,0.14,42.37,66.10,-0.60,0.78,22.00,1.13,1.35,1.07,-4.71,7.93,0.00,1.00,FALSE,FALSE,0.12,0.12,0.13,,,seq.30608.72,0.10,
ECT2_41141,OID41141,ECT2,Q9H8V3,2,0.14,86.20,47.41,-0.37,0.68,22.00,0.11,0.98,0.06,-7.35,4.58,0.00,1.00,FALSE,FALSE,0.03,0.03,0.04,,,,,
EDA2R_43649,OID43649,EDA2R,Q9HAV5,4,0.00,0.07,9.57,0.16,0.14,22.00,-0.01,0.58,-0.06,-6.77,3.47,0.01,0.86,FALSE,FALSE,0.29,0.28,0.29,,,seq.3083.71,0.23,
EDARADD_40186,OID40186,EDARADD,Q8WWZ3,1,0.00,82.32,237.71,0.06,3.23,22.00,0.66,3.15,0.59,-6.52,9.22,0.00,0.00,FALSE,FALSE,0.02,0.01,0.02,,,,,
EDAR_43650,OID43650,EDAR,Q9UNE0,4,0.00,14.96,17.39,1.42,0.24,22.00,1.48,0.79,1.44,-0.54,5.69,0.00,0.99,TRUE,FALSE,0.52,0.51,0.52,prot.6907,0.19,seq.2977.7,0.64,
EDDM3B_43651,OID43651,EDDM3B,P56851,4,0.00,37.23,27.20,2.46,0.31,22.00,-0.87,1.70,-1.57,-3.69,3.54,0.00,0.00,TRUE,FALSE,0.16,0.15,0.16,,,seq.7782.34,0.01,9
EDEM2_42395,OID42395,EDEM2,Q9BV94,3,0.00,89.00,37.63,-1.75,0.62,22.00,-1.70,1.16,-1.62,-9.17,4.38,0.01,0.99,FALSE,FALSE,0.02,0.02,0.02,prot.6808,-0.01,seq.21512.6,-0.04,
EDF1_43652,OID43652,EDF1,O60869,4,0.00,22.96,22.19,0.65,0.37,22.00,1.25,0.76,1.22,-1.36,6.25,0.01,0.99,FALSE,FALSE,0.50,0.50,0.51,prot.1347,0.70,seq.12415.122,0.12,
EDIL3_43653,OID43653,EDIL3,O43854,4,0.00,7.38,10.66,-0.75,0.15,22.00,-1.15,0.45,-1.18,-2.33,2.87,0.00,0.99,FALSE,FALSE,0.55,0.54,0.56,prot.1280,0.21,seq.9360.33,0.69,
EDN1_43654,OID43654,EDN1,P05305,4,0.00,0.00,10.31,1.38,0.15,22.00,1.28,0.37,1.29,-0.08,3.52,0.00,0.99,TRUE,TRUE,0.40,0.40,0.41,prot.6505,0.35,seq.6495.14,0.10,
EDNRB_41142,OID41142,EDNRB,P24530,2,0.14,44.95,31.93,1.02,0.45,22.00,1.03,0.55,0.98,-0.62,3.80,0.00,0.83,FALSE,FALSE,0.13,0.13,0.13,,,seq.33767.22,0.00,
EEF1AKMT2_41143,OID41143,EEF1AKMT2,Q5JPI9,2,0.14,78.47,126.06,-2.14,2.97,22.00,-0.82,2.38,-0.16,-6.11,6.63,0.00,0.00,FALSE,FALSE,0.01,0.01,0.01,,,seq.34973.47,0.02,
EEF1D_44616,OID44616,EEF1D,P29692,5,0.07,0.49,16.18,1.54,0.24,22.00,2.22,0.73,2.23,-1.44,6.11,0.00,0.99,FALSE,FALSE,0.65,0.64,0.65,prot.2422,,seq.17826.341,0.66,4
EEIG1_41180,OID41180,EEIG1,Q5T9C2,2,0.14,35.89,48.52,0.26,0.71,22.00,-0.03,1.15,-0.03,-7.22,9.77,0.00,0.99,FALSE,FALSE,0.07,0.06,0.07,,,seq.28697.58,0.01,
EEIG2_41181,OID41181,EEIG2,Q5T8I3,2,0.14,64.60,38.59,-0.20,0.61,22.00,0.13,1.64,-0.10,-5.53,9.73,0.00,0.80,FALSE,FALSE,0.03,0.03,0.03,,,seq.22137.3,0.00,
EEPD1_41144,OID41144,EEPD1,Q7L9B9,2,0.14,65.16,39.56,-1.06,0.73,22.00,-0.94,1.12,-0.92,-8.34,3.24,0.00,0.90,FALSE,FALSE,0.04,0.04,0.04,,,seq.33627.117,0.05,
EFCAB10_41145,OID41145,EFCAB10,A6NFE3,2,0.14,65.16,43.31,0.35,0.58,22.00,-0.45,1.38,-0.54,-8.24,8.00,0.00,0.99,FALSE,FALSE,0.01,0.01,0.01,,,seq.34861.4,-0.04,
EFCAB12_41146,OID41146,EFCAB12,Q6NXP0,2,0.14,83.97,53.33,-1.25,0.88,22.00,-0.80,1.75,-0.66,-8.06,5.17,0.00,0.99,FALSE,FALSE,0.00,0.00,0.00,,,seq.29311.3,-0.02,
EFCAB13_40187,OID40187,EFCAB13,Q8IY85,1,0.00,68.48,147.41,-3.46,2.47,22.00,-2.25,3.31,-2.11,-7.35,9.94,0.00,0.00,FALSE,FALSE,0.00,0.00,0.00,,,seq.32111.7,-0.02,
EFCAB2_42396,OID42396,EFCAB2,Q5VUJ9,3,0.00,87.13,50.44,0.34,0.71,22.00,0.44,0.72,0.50,-3.31,3.73,0.00,1.00,TRUE,FALSE,0.13,0.12,0.13,,,,,
EFCAB8_41147,OID41147,EFCAB8,A8MWE9,2,0.14,70.31,177.72,0.56,2.76,22.00,0.37,3.05,0.47,-6.10,8.51,0.00,0.00,FALSE,FALSE,0.02,0.02,0.02,,,seq.34829.11,0.02,
EFCC1_41148,OID41148,EFCC1,Q9HA90,2,0.14,80.42,63.79,0.50,1.03,22.00,0.20,1.77,0.39,-6.90,7.82,0.00,0.99,FALSE,FALSE,0.03,0.02,0.03,,,seq.28499.23,0.04,
EFEMP1_45352,OID45352,EFEMP1,Q12805,7,0.07,0.00,11.19,0.50,0.16,22.00,0.78,0.38,0.75,-0.39,2.65,0.00,0.99,FALSE,FALSE,0.60,0.60,0.61,prot.3335,0.50,seq.8480.29,0.74,
EFEMP2_44617,OID44617,EFEMP2,O95967,5,0.07,0.07,17.36,1.32,0.24,22.00,1.66,0.40,1.65,0.03,4.96,0.00,0.99,FALSE,FALSE,0.50,0.49,0.50,prot.1599,0.41,,,
EFHD1_43656,OID43656,EFHD1,Q9BUP0,4,0.00,19.62,12.67,0.66,0.19,22.00,0.31,0.56,0.28,-1.22,5.76,0.01,0.99,TRUE,FALSE,0.21,0.20,0.21,prot.7302,0.16,seq.19616.100,0.14,
EFHD2_43657,OID43657,EFHD2,Q96C19,4,0.00,4.11,15.31,-0.22,0.21,22.00,-0.32,0.43,-0.34,-1.78,2.92,0.01,0.72,FALSE,FALSE,0.40,0.40,0.41,prot.4855,0.40,seq.22037.47,0.57,
EFNA1_45114,OID45114,EFNA1,P20827,6,1.11,16.68,10.49,0.04,0.15,21.00,0.30,0.35,0.29,-1.65,2.44,0.00,1.00,TRUE,TRUE,0.57,0.57,0.58,,,seq.20091.138,0.63,
EFNA4_43658,OID43658,EFNA4,P52798,4,0.00,10.72,13.27,0.15,0.20,22.00,0.37,0.35,0.34,-0.50,2.99,0.01,0.97,FALSE,FALSE,0.37,0.36,0.37,,,seq.14050.61,0.41,
EFNB2_42397,OID42397,EFNB2,P52799,3,0.00,50.80,31.35,-0.42,0.46,22.00,-0.21,0.72,-0.26,-2.32,5.61,0.01,0.96,FALSE,FALSE,0.16,0.15,0.16,,,seq.14131.37,0.27,
EGFL6_44619,OID44619,EGFL6,Q8IUX8,5,0.07,13.23,24.00,0.69,0.35,22.00,0.83,1.01,0.77,-2.33,5.20,0.00,0.99,TRUE,FALSE,0.60,0.58,0.61,prot.4310,0.61,seq.17454.15,0.76,
EGFL7_42398,OID42398,EGFL7,Q9UHF1,3,0.00,5.50,17.53,1.79,0.25,22.00,2.22,0.52,2.18,0.00,5.64,0.01,1.00,FALSE,FALSE,0.44,0.44,0.45,prot.5951,0.43,,,
EGFLAM_43659,OID43659,EGFLAM,Q63HQ2,4,0.00,26.79,13.61,0.83,0.19,22.00,0.74,0.42,0.74,-4.79,3.04,0.01,0.92,TRUE,FALSE,0.47,0.47,0.48,prot.7274,,seq.12338.27,0.49,
EGFR_45115,OID45115,EGFR,P00533,6,1.11,1.97,6.33,0.39,0.09,21.00,0.27,0.24,0.27,-1.09,1.17,0.00,0.99,FALSE,FALSE,0.43,0.43,0.44,prot.1626,-0.15,seq.2677.1,0.35,
EGF_44618,OID44618,EGF,P01133,5,0.07,43.31,20.80,2.60,0.27,22.00,2.79,0.82,2.84,-2.15,7.09,0.00,0.87,FALSE,FALSE,0.56,0.55,0.56,prot.1659,0.63,seq.5509.7,0.29,
EGLN1_43660,OID43660,EGLN1,Q9GZT9,4,0.00,6.82,10.37,0.51,0.15,22.00,0.76,0.54,0.71,-0.50,3.42,0.00,0.96,TRUE,TRUE,0.48,0.47,0.48,,,seq.9901.28,0.55,
EHBP1_44620,OID44620,EHBP1,Q8NDI1,5,0.07,5.43,20.18,1.47,0.29,22.00,1.39,0.54,1.38,-0.46,5.16,0.00,0.99,TRUE,FALSE,0.53,0.52,0.53,prot.4514,0.47,seq.12813.18,-0.04,
EHD2_41149,OID41149,EHD2,Q9NZN4,2,0.14,79.37,67.74,0.67,0.91,22.00,0.60,0.98,0.59,-6.52,4.45,0.00,0.89,FALSE,FALSE,0.09,0.09,0.09,prot.5825,0.11,seq.23640.10,0.07,
EHD3_43661,OID43661,EHD3,Q9NZN3,4,0.00,20.46,33.68,5.17,0.44,22.00,4.95,0.94,4.97,-0.23,9.14,0.01,0.98,FALSE,FALSE,0.52,0.51,0.52,prot.5824,0.58,seq.25232.4,0.53,
EHD4_42399,OID42399,EHD4,Q9H223,3,0.00,0.00,16.01,2.13,0.23,22.00,2.68,0.56,2.69,0.32,5.42,0.00,1.00,TRUE,FALSE,0.58,0.58,0.59,prot.5434,0.71,seq.11421.10,0.41,
EHMT1_40188,OID40188,EHMT1,Q9H9B1,1,0.00,82.74,35.83,-0.91,0.50,22.00,-0.43,0.99,-0.59,-2.51,6.15,0.04,0.97,FALSE,FALSE,0.05,0.05,0.06,,,,,
EID1_40189,OID40189,EID1,Q9Y6B2,1,0.00,88.31,92.16,-0.96,2.10,22.00,-0.55,1.79,-0.33,-7.61,7.65,0.04,0.79,FALSE,FALSE,0.01,0.01,0.02,,,,,
EIF1AX_43662,OID43662,EIF1AX,P47813,4,0.00,80.93,82.35,0.04,1.61,22.00,0.50,1.74,0.70,-5.89,6.92,0.04,0.73,FALSE,FALSE,0.20,0.19,0.20,prot.2681,0.32,seq.9850.38,-0.06,
EIF2AK1_40190,OID40190,EIF2AK1,Q9BQI3,1,0.00,68.13,50.57,-0.53,0.71,22.00,0.23,0.91,0.20,-4.49,6.53,0.01,1.00,FALSE,FALSE,-0.01,-0.01,-0.01,prot.7700,-0.11,,,
EIF2AK2_43663,OID43663,EIF2AK2,P19525,4,0.00,0.42,21.93,1.62,0.32,22.00,2.26,0.85,2.23,-1.25,7.35,0.01,0.99,FALSE,FALSE,0.63,0.63,0.63,prot.2203,0.80,,,
EIF2AK3_42400,OID42400,EIF2AK3,Q9NZJ5,3,0.00,28.46,48.78,2.14,0.68,22.00,2.29,0.93,2.32,-1.84,6.05,0.00,0.62,FALSE,FALSE,0.29,0.29,0.30,prot.7702,0.23,,,
EIF2B4_43664,OID43664,EIF2B4,Q9UI10,4,0.00,0.00,26.24,2.36,0.35,22.00,2.60,0.70,2.54,-0.22,6.31,0.01,0.99,FALSE,FALSE,0.56,0.56,0.57,prot.5968,0.55,,,
EIF2B5_40191,OID40191,EIF2B5,Q13144,1,0.00,81.84,113.22,-1.13,2.71,22.00,-0.10,2.09,0.22,-7.14,8.21,0.06,0.14,FALSE,FALSE,0.02,0.02,0.02,prot.275,0.01,,,
EIF2D_41150,OID41150,EIF2D,P41214,2,0.14,21.74,19.24,1.01,0.27,22.00,1.44,0.71,1.41,-1.76,4.57,0.00,1.00,TRUE,TRUE,0.45,0.44,0.46,prot.2606,0.42,seq.28503.1,0.51,
EIF2S2_43665,OID43665,EIF2S2,P20042,4,0.00,44.19,31.38,2.21,0.45,22.00,2.49,0.69,2.49,-0.21,5.13,0.00,1.00,FALSE,FALSE,0.54,0.54,0.54,prot.2219,0.64,seq.24723.58,0.59,
EIF3G_41151,OID41151,EIF3G,O75821,2,0.14,77.28,66.31,-0.72,1.65,22.00,0.39,1.73,0.40,-7.18,7.91,0.00,1.00,FALSE,FALSE,0.08,0.08,0.08,prot.1446,0.14,seq.11454.87,0.13,
EIF3M_40192,OID40192,EIF3M,Q7L2H7,1,0.00,75.16,173.11,0.92,2.57,22.00,1.37,2.73,0.14,-5.93,13.45,0.32,0.00,FALSE,FALSE,0.04,0.04,0.05,prot.4141,0.05,seq.23410.46,0.05,
EIF4B_43666,OID43666,EIF4B,P23588,4,0.00,12.18,47.25,3.65,0.53,22.00,4.27,0.83,4.29,1.48,7.78,0.00,0.95,FALSE,FALSE,0.58,0.58,0.59,prot.727,0.64,seq.14675.20,0.65,
EIF4E2_42401,OID42401,EIF4E2,O60573,3,0.00,38.34,25.15,-0.54,0.37,22.00,-0.05,0.88,-0.15,-2.78,5.36,0.03,0.98,FALSE,FALSE,0.15,0.14,0.15,prot.1322,0.12,seq.9745.20,0.08,
EIF4EBP1_44621,OID44621,EIF4EBP1,Q13541,5,0.07,0.00,42.15,2.18,0.39,22.00,2.72,0.78,2.60,-0.23,7.82,0.00,1.00,FALSE,FALSE,0.37,0.37,0.38,prot.3435,0.07,seq.17372.5,-0.08,
EIF4ENIF1_41152,OID41152,EIF4ENIF1,Q9NRA8,2,0.14,94.15,75.59,0.00,1.12,22.00,0.28,1.57,0.29,-7.38,8.21,0.00,0.99,FALSE,FALSE,0.03,0.03,0.03,prot.5656,0.02,,,
EIF4E_43667,OID43667,EIF4E,P06730,4,0.00,37.58,72.22,3.70,0.86,22.00,4.40,1.21,4.39,-2.26,9.72,0.00,1.00,FALSE,FALSE,0.46,0.46,0.46,,,seq.19263.147,0.48,
EIF4G1_43668,OID43668,EIF4G1,Q04637,4,0.00,11.90,26.30,2.83,0.40,22.00,3.33,0.85,3.34,-0.62,6.59,0.01,0.98,FALSE,FALSE,0.61,0.60,0.62,,,seq.25287.7,0.72,4
EIF4G3_43669,OID43669,EIF4G3,O43432,4,0.00,25.26,43.02,2.59,0.70,22.00,3.21,0.98,3.23,-1.79,7.59,0.01,1.00,FALSE,FALSE,0.27,0.26,0.27,,,seq.13991.47,0.03,
EIF4H_43670,OID43670,EIF4H,Q15056,4,0.00,40.15,24.38,3.47,0.35,22.00,3.67,0.64,3.69,0.48,6.66,0.01,0.99,FALSE,FALSE,0.58,0.57,0.58,prot.3582,0.66,seq.5885.55,0.58,
EIF5A2_41153,OID41153,EIF5A2,Q9GZV4,2,0.14,81.46,51.07,-0.29,0.78,22.00,0.22,0.79,0.16,-2.53,4.79,0.00,0.99,FALSE,FALSE,0.06,0.06,0.07,,,seq.11355.10,0.10,
EIF5AL1_40193,OID40193,EIF5AL1,Q6IS14,1,0.00,80.38,106.62,-7.03,2.61,22.00,-5.44,2.76,-4.85,-10.99,5.87,0.01,0.00,FALSE,FALSE,0.02,0.02,0.03,,,seq.34756.178,0.02,
EIF5A_42403,OID42403,EIF5A,P63241,3,0.00,83.72,19.60,0.00,0.32,22.00,-0.05,0.30,-0.04,-1.34,1.80,0.01,0.99,FALSE,FALSE,0.07,0.07,0.07,prot.3097,0.00,seq.5888.29,0.00,
EIF5_42402,OID42402,EIF5,P55010,3,0.00,66.74,65.21,0.50,0.86,22.00,1.23,1.06,1.24,-5.93,8.48,0.01,0.74,FALSE,FALSE,0.29,0.29,0.29,prot.2909,0.43,seq.2612.5,0.35,
EIPR1_41154,OID41154,EIPR1,Q53HC9,2,0.14,84.04,67.70,0.96,0.99,22.00,0.07,1.85,0.03,-6.96,7.62,0.00,0.99,FALSE,FALSE,0.03,0.03,0.03,,,,,
ELAC1_43671,OID43671,ELAC1,Q9H777,4,0.00,32.15,22.56,2.01,0.32,22.00,2.18,0.68,2.18,-0.66,6.04,0.01,0.99,FALSE,FALSE,0.52,0.52,0.52,,,seq.21382.70,0.56,
ELANE_45353,OID45353,ELANE,P08246,7,0.07,12.81,13.59,-0.97,0.23,22.00,-0.89,0.52,-0.92,-3.00,1.84,0.00,0.99,FALSE,FALSE,0.56,0.55,0.57,prot.1893,0.38,seq.13671.40,0.61,
ELAVL3_41155,OID41155,ELAVL3,Q14576,2,0.14,87.60,35.54,-0.18,0.56,22.00,0.08,0.72,0.02,-3.02,5.53,0.00,0.98,FALSE,FALSE,0.02,0.02,0.02,,,seq.28412.3,0.03,
ELAVL4_42404,OID42404,ELAVL4,P26378,3,0.00,86.43,54.36,-2.29,0.80,22.00,-1.57,1.17,-1.55,-9.33,7.01,0.02,0.97,FALSE,FALSE,0.06,0.05,0.06,,,seq.30457.3,0.03,
ELF5_40194,OID40194,ELF5,Q9UKW6,1,0.00,73.76,33.11,-0.86,0.45,22.00,-0.61,0.67,-0.69,-2.91,4.30,0.02,0.99,FALSE,FALSE,0.02,0.02,0.02,,,seq.13457.33,-0.01,
ELFN2_42405,OID42405,ELFN2,Q5R3F8,3,0.00,39.39,27.79,-0.91,0.39,22.00,-0.08,0.72,-0.11,-2.62,4.45,0.00,1.00,TRUE,FALSE,0.12,0.11,0.12,,,seq.21687.3,0.05,
ELN_44622,OID44622,ELN,P15502,5,0.07,64.00,26.83,-0.24,0.46,22.00,-0.28,0.49,-0.25,-2.75,1.72,0.00,0.99,FALSE,FALSE,0.10,0.10,0.11,,,seq.29570.8,0.05,
ELOA_43672,OID43672,ELOA,Q14241,4,0.00,40.01,20.21,-1.74,0.32,22.00,-1.41,0.54,-1.44,-3.38,1.59,0.01,0.96,FALSE,FALSE,0.25,0.24,0.26,,,,,
ELOB_42406,OID42406,ELOB,Q15370,3,0.00,60.40,73.54,0.07,0.95,22.00,0.66,0.88,0.64,-2.97,5.47,0.01,0.47,FALSE,FALSE,0.16,0.15,0.17,,,,,
EMB_41156,OID41156,EMB,Q6PCB8,2,0.14,72.20,33.12,-4.39,0.50,22.00,-3.79,0.92,-3.86,-7.04,6.43,0.00,0.99,FALSE,FALSE,0.05,0.05,0.06,prot.4019,0.03,,,
EMC2_44623,OID44623,EMC2,Q15006,5,0.07,73.75,76.73,-0.08,0.58,22.00,-0.02,0.63,-0.09,-1.33,5.92,0.00,0.74,FALSE,FALSE,0.09,0.09,0.10,prot.3564,-0.03,seq.20435.41,-0.02,
EMC7_40195,OID40195,EMC7,Q9NPA0,1,0.00,41.61,257.18,0.57,2.72,22.00,0.42,2.63,0.62,-6.82,9.91,0.09,0.00,FALSE,FALSE,0.07,0.07,0.07,prot.5601,-0.02,seq.31941.51,0.07,
EME1_40196,OID40196,EME1,Q96AY2,1,0.00,92.48,92.62,-2.27,2.70,22.00,-0.48,2.19,-0.09,-7.19,8.01,0.07,0.00,FALSE,FALSE,0.02,0.02,0.02,,,,,
EMG1_41157,OID41157,EMG1,Q92979,2,0.14,65.30,37.27,-0.15,0.54,22.00,0.58,0.88,0.51,-2.05,5.15,0.00,0.88,FALSE,FALSE,0.20,0.19,0.20,,,seq.20937.43,0.33,
EMID1_42407,OID42407,EMID1,Q96A84,3,0.00,64.58,18.57,-0.28,0.29,22.00,-0.05,0.46,-0.06,-1.90,4.08,0.02,1.00,FALSE,FALSE,0.03,0.03,0.04,,,seq.9547.29,-0.04,
EML1_40197,OID40197,EML1,O00423,1,0.00,24.29,29.20,0.60,0.42,22.00,0.66,0.87,0.54,-1.16,7.62,0.02,0.99,FALSE,FALSE,0.22,0.22,0.23,,,,,
EML4_43673,OID43673,EML4,Q9HC35,4,0.00,0.00,13.96,1.88,0.19,22.00,1.98,0.67,1.99,-1.12,5.62,0.01,0.99,FALSE,FALSE,0.58,0.57,0.58,prot.5568,0.73,seq.34317.8,0.12,
EML6_41158,OID41158,EML6,Q6ZMW3,2,0.14,87.46,51.76,-1.92,0.90,22.00,-1.20,1.55,-1.11,-8.44,7.61,0.00,0.99,FALSE,FALSE,0.02,0.02,0.02,,,,,
EN1_41159,OID41159,EN1,Q05925,2,0.14,82.86,61.80,-4.03,1.88,22.00,-2.56,2.18,-2.42,-9.05,7.40,0.00,0.01,FALSE,FALSE,0.00,0.00,0.00,,,,,
EN2_40198,OID40198,EN2,P19622,1,0.00,87.61,36.34,-0.61,0.65,22.00,-0.15,0.99,-0.21,-4.84,6.79,0.02,0.98,FALSE,FALSE,0.02,0.02,0.02,,,seq.29559.4,0.05,
ENAH_42408,OID42408,ENAH,Q8N8S7,3,0.00,6.47,14.99,1.21,0.22,22.00,0.88,0.47,0.88,-1.55,3.20,0.01,1.00,FALSE,FALSE,0.27,0.26,0.27,,,seq.9757.29,0.16,
ENDOD1_40199,OID40199,ENDOD1,O94919,1,0.00,81.21,147.17,1.16,2.99,22.00,1.28,2.84,0.18,-5.79,12.55,0.32,0.00,FALSE,FALSE,0.02,0.01,0.02,prot.1498,-0.01,,,
ENDOU_43674,OID43674,ENDOU,P21128,4,0.00,1.53,13.01,0.71,0.19,22.00,0.35,0.60,0.32,-1.98,5.10,0.01,0.99,TRUE,FALSE,0.31,0.31,0.32,prot.7865,-0.19,seq.5656.53,0.26,
ENG_45116,OID45116,ENG,P17813,6,1.11,32.79,9.99,-0.02,0.14,21.00,0.20,0.29,0.20,-1.96,1.04,0.00,0.93,FALSE,FALSE,0.42,0.41,0.42,prot.2171,0.07,seq.4908.6,0.38,
ENO1_44624,OID44624,ENO1,P06733,5,0.07,0.00,16.21,1.66,0.24,22.00,1.67,0.46,1.67,-0.22,4.51,0.00,0.83,FALSE,FALSE,0.60,0.60,0.61,prot.1838,0.65,seq.11105.171,0.47,
ENO2_44625,OID44625,ENO2,P09104,5,0.07,0.00,10.40,0.82,0.15,22.00,0.84,0.46,0.83,-0.86,3.50,0.00,1.00,FALSE,FALSE,0.61,0.60,0.62,prot.1922,0.69,seq.10339.48,0.53,
ENO3_43675,OID43675,ENO3,P13929,4,0.00,51.57,32.51,-0.68,0.48,22.00,-0.86,0.94,-0.92,-4.27,6.03,0.01,0.99,FALSE,FALSE,0.39,0.39,0.39,prot.2086,0.68,seq.16616.137,0.55,
ENOPH1_42409,OID42409,ENOPH1,Q9UHY7,3,0.00,91.58,62.63,-0.27,1.01,22.00,0.02,1.14,0.07,-7.47,5.94,0.02,0.90,FALSE,FALSE,0.03,0.03,0.03,prot.5964,0.01,,,
ENPEP_42411,OID42411,ENPEP,Q07075,3,0.00,58.66,325.80,6.60,1.31,22.00,0.12,2.47,0.17,-7.02,12.09,0.09,0.04,FALSE,FALSE,0.06,0.06,0.07,prot.3273,0.05,seq.15558.63,0.04,
ENPP1_44626,OID44626,ENPP1,P22413,5,0.07,11.14,15.01,0.43,0.23,22.00,0.67,0.53,0.76,-2.40,2.43,0.00,1.00,TRUE,TRUE,0.37,0.36,0.37,prot.8009,,seq.31157.3,0.21,
ENPP2_45117,OID45117,ENPP2,Q13822,6,1.11,2.04,11.46,-0.48,0.17,21.00,0.15,0.43,0.13,-1.84,2.65,0.00,1.00,FALSE,FALSE,0.63,0.62,0.63,,,seq.16892.23,0.66,
ENPP5_44627,OID44627,ENPP5,Q9UJA9,5,0.07,0.07,11.59,-0.39,0.16,22.00,0.26,0.54,0.29,-5.06,1.85,0.00,1.00,TRUE,FALSE,0.69,0.69,0.71,,,seq.6556.5,0.86,
ENPP6_43676,OID43676,ENPP6,Q6UWR7,4,0.00,1.88,20.00,0.35,0.36,22.00,0.79,0.46,0.82,-1.07,2.10,0.01,0.73,TRUE,FALSE,0.35,0.35,0.36,,,seq.15579.26,0.32,
ENPP7_44628,OID44628,ENPP7,Q6UWV6,5,0.07,0.28,12.70,0.05,0.18,22.00,-0.39,0.93,-0.32,-4.29,3.12,0.00,0.99,TRUE,FALSE,0.73,0.71,0.74,,,seq.4435.66,0.95,
ENSA_42412,OID42412,ENSA,O43768,3,0.00,71.89,88.67,0.58,1.65,22.00,1.16,1.54,1.32,-7.17,5.41,0.02,1.00,FALSE,FALSE,0.28,0.28,0.29,,,seq.17734.13,0.42,
ENTHD1_41160,OID41160,ENTHD1,Q8IYW4,2,0.14,81.81,255.32,-0.41,2.76,22.00,0.21,3.41,0.19,-6.00,11.33,0.00,0.00,FALSE,FALSE,0.01,0.01,0.01,,,,,
ENTPD2_42413,OID42413,ENTPD2,Q9Y5L3,3,0.00,40.99,26.08,-0.09,0.37,22.00,-0.01,0.79,0.03,-8.75,3.22,0.01,0.99,FALSE,FALSE,0.10,0.09,0.10,,,seq.18887.18,0.01,
ENTPD3_41161,OID41161,ENTPD3,O75355,2,0.14,36.66,26.44,0.45,0.50,22.00,0.23,0.73,0.16,-2.27,5.08,0.00,0.99,FALSE,FALSE,0.07,0.06,0.07,,,seq.4436.1,-0.04,
ENTPD4_41162,OID41162,ENTPD4,Q9Y227,2,0.14,80.77,61.21,-0.18,0.93,22.00,-0.06,1.32,0.07,-7.21,7.61,0.00,0.90,FALSE,FALSE,0.04,0.04,0.04,prot.6101,0.03,,,
ENTPD5_43677,OID43677,ENTPD5,O75356,4,0.00,5.01,8.38,0.01,0.12,22.00,-0.29,0.28,-0.26,-1.46,0.51,0.00,1.00,TRUE,FALSE,0.56,0.54,0.57,prot.1397,0.35,seq.4437.56,0.67,
ENTPD6_43678,OID43678,ENTPD6,O75354,4,0.00,0.07,11.84,0.32,0.17,22.00,0.44,0.27,0.44,-0.85,2.14,0.00,0.97,FALSE,FALSE,0.24,0.23,0.25,prot.7007,,seq.8932.1,0.06,
ENTR1_43679,OID43679,ENTR1,Q96C92,4,0.00,23.10,16.64,0.05,0.25,22.00,0.44,0.66,0.39,-1.57,4.17,0.01,0.86,FALSE,FALSE,0.16,0.15,0.16,prot.4860,-0.07,seq.31082.2,0.06,
ENY2_41163,OID41163,ENY2,Q9NPA8,2,0.14,21.53,19.27,0.25,0.26,22.00,0.61,0.73,0.49,-1.02,5.34,0.00,1.00,FALSE,FALSE,0.24,0.23,0.24,prot.5603,0.13,,,
EP400P1_40201,OID40201,EP400P1,Q6ZTU2,1,0.00,82.25,222.18,-0.02,3.50,22.00,-0.14,3.47,0.04,-6.82,9.61,0.00,0.00,FALSE,FALSE,0.01,0.01,0.01,,,,,
EP400_40200,OID40200,EP400,Q96L91,1,0.00,87.68,64.99,0.11,1.09,22.00,-0.13,1.33,-0.03,-8.24,6.56,0.02,0.91,FALSE,FALSE,0.04,0.04,0.05,,,,,
EPAS1_40202,OID40202,EPAS1,Q99814,1,0.00,92.28,124.55,-0.56,2.06,22.00,-0.25,2.04,0.17,-7.19,4.45,0.06,0.25,FALSE,FALSE,0.03,0.02,0.03,,,,,
EPB41L2_43680,OID43680,EPB41L2,O43491,4,0.00,57.62,32.66,0.21,0.50,22.00,0.32,0.47,0.33,-1.46,2.13,0.00,0.99,FALSE,FALSE,0.13,0.13,0.14,,,seq.31993.1,0.04,
EPB41L3_42415,OID42415,EPB41L3,Q9Y2J2,3,0.00,25.12,8.80,0.59,0.13,22.00,0.78,0.57,0.76,-0.80,4.69,0.01,0.97,TRUE,FALSE,0.45,0.45,0.46,prot.6137,0.53,,,
EPB41L4A_41164,OID41164,EPB41L4A,Q9HCS5,2,0.14,70.52,22.01,-3.31,0.34,22.00,-2.97,1.09,-3.15,-5.41,2.98,0.00,1.00,FALSE,FALSE,0.07,0.06,0.08,,,,,
EPB41L5_42416,OID42416,EPB41L5,Q9HCM4,3,0.00,65.41,101.28,-4.61,2.73,22.00,-4.58,2.71,-3.47,-8.79,4.28,0.00,0.00,FALSE,FALSE,0.02,0.02,0.03,,,seq.31683.149,0.01,
EPC1_42417,OID42417,EPC1,Q9H2F5,3,0.00,51.98,23.35,0.05,0.34,22.00,0.48,0.97,0.33,-1.61,7.23,0.02,1.00,FALSE,FALSE,0.11,0.11,0.11,,,,,
EPC2_41165,OID41165,EPC2,Q52LR7,2,0.14,90.59,77.47,-0.47,1.52,22.00,0.27,1.63,0.38,-6.99,8.24,0.00,0.99,FALSE,FALSE,0.01,0.01,0.02,,,,,
EPCAM_44629,OID44629,EPCAM,P16422,5,0.07,9.40,25.49,-0.19,0.29,22.00,-0.77,0.90,-0.82,-3.27,2.56,0.00,1.00,FALSE,FALSE,0.24,0.23,0.25,,,seq.34696.124,-0.04,
EPDR1_44630,OID44630,EPDR1,Q9UM22,5,0.07,0.00,11.11,1.05,0.16,22.00,1.24,0.52,1.20,-0.80,5.53,0.00,0.81,TRUE,FALSE,0.61,0.60,0.61,prot.6048,0.55,seq.9040.144,0.02,
EPG5_42418,OID42418,EPG5,Q9HCE0,3,0.00,45.93,25.98,1.08,0.38,22.00,0.93,0.80,0.86,-2.27,6.52,0.01,0.97,TRUE,TRUE,0.22,0.22,0.22,prot.5572,0.18,,,
EPGN_43681,OID43681,EPGN,Q6UW88,4,0.00,81.28,15.21,-0.15,0.23,22.00,0.09,0.64,-0.01,-1.05,9.34,0.03,0.99,FALSE,FALSE,0.12,0.11,0.12,,,seq.34677.11,0.01,
EPHA10_42419,OID42419,EPHA10,Q5JZY3,3,0.00,84.55,67.12,-1.50,0.88,22.00,-0.86,1.10,-0.89,-8.25,6.04,0.02,0.99,FALSE,FALSE,0.03,0.03,0.04,,,seq.5076.53,0.05,
EPHA1_44631,OID44631,EPHA1,P21709,5,0.07,0.00,12.16,0.23,0.17,22.00,0.40,0.38,0.42,-1.42,1.93,0.00,0.95,TRUE,FALSE,0.60,0.60,0.61,,,seq.3431.54,0.77,
EPHA2_43682,OID43682,EPHA2,P29317,4,0.00,0.14,9.98,-0.23,0.14,22.00,0.05,0.37,0.02,-1.16,2.78,0.01,1.00,FALSE,FALSE,0.45,0.44,0.45,prot.8004,-0.19,seq.4834.61,0.64,
EPHA3_40203,OID40203,EPHA3,P29320,1,0.00,54.70,51.15,0.43,0.75,22.00,0.49,0.90,0.54,-6.52,3.67,0.01,0.99,TRUE,FALSE,0.10,0.10,0.11,,,seq.3432.21,-0.02,
EPHA4_44632,OID44632,EPHA4,P54764,5,0.07,0.00,10.68,-0.31,0.16,22.00,0.48,0.40,0.49,-2.82,3.59,0.00,0.99,FALSE,FALSE,0.59,0.58,0.60,,,seq.16288.17,0.69,
EPHB4_45118,OID45118,EPHB4,P54760,6,1.11,13.23,12.64,-0.37,0.18,21.00,-0.01,0.34,-0.02,-2.23,2.09,0.00,0.99,FALSE,FALSE,0.55,0.55,0.55,,,seq.15530.33,0.60,
EPHB6_43683,OID43683,EPHB6,O15197,4,0.00,0.00,5.63,-0.09,0.08,22.00,0.32,0.32,0.31,-0.81,2.26,0.01,0.90,TRUE,FALSE,0.53,0.52,0.54,,,seq.5078.82,0.69,
EPHX2_42420,OID42420,EPHX2,P34913,3,0.00,61.80,35.06,-0.82,0.61,22.00,-1.35,1.25,-1.40,-7.08,3.17,0.01,1.00,FALSE,FALSE,0.12,0.12,0.13,prot.2513,0.13,seq.21269.198,0.11,
EPN1_42421,OID42421,EPN1,Q9Y6I3,3,0.00,91.86,44.95,-1.09,0.92,22.00,-0.68,1.63,-0.60,-8.19,9.33,0.03,0.93,FALSE,FALSE,0.03,0.03,0.04,prot.6299,0.03,seq.24255.38,0.03,
EPN3_41166,OID41166,EPN3,Q9H201,2,0.14,52.40,17.84,0.22,0.27,22.00,-0.01,1.26,-0.31,-2.33,8.83,0.00,1.00,FALSE,FALSE,0.13,0.12,0.14,,,,,
EPO_43684,OID43684,EPO,P01588,4,0.00,1.25,12.84,-1.78,0.20,22.00,-1.12,1.03,-1.27,-3.60,5.22,0.02,0.99,FALSE,FALSE,0.53,0.52,0.53,,,seq.5813.58,0.70,
EPPK1_43685,OID43685,EPPK1,P58107,4,0.00,36.33,31.40,0.34,0.50,22.00,0.84,0.74,0.86,-3.96,3.99,0.00,1.00,TRUE,TRUE,0.17,0.16,0.17,prot.2964,0.04,seq.32039.1,0.05,
EPS8L2_43686,OID43686,EPS8L2,Q9H6S3,4,0.00,5.36,13.85,1.36,0.18,22.00,0.99,0.40,0.97,-0.47,3.35,0.00,0.99,TRUE,FALSE,0.59,0.59,0.60,,,seq.24891.54,0.77,
ERBB2_44633,OID44633,ERBB2,P04626,5,0.07,0.00,10.95,0.52,0.15,22.00,0.46,0.32,0.44,-0.94,2.11,0.00,0.94,FALSE,FALSE,0.31,0.29,0.31,prot.8062,0.00,seq.2616.23,-0.01,
ERBB3_44634,OID44634,ERBB3,P21860,5,0.07,0.00,13.24,0.42,0.21,22.00,0.14,0.27,0.14,-1.12,2.32,0.00,0.99,FALSE,FALSE,0.43,0.42,0.44,,,seq.2617.56,0.47,
ERBB4_44635,OID44635,ERBB4,Q15303,5,0.07,33.36,9.58,0.49,0.14,22.00,0.19,0.30,0.18,-0.90,1.41,0.00,0.98,TRUE,FALSE,0.26,0.25,0.26,,,seq.2618.10,0.02,
ERBIN_43687,OID43687,ERBIN,Q96RT1,4,0.00,12.60,25.33,2.36,0.36,22.00,2.54,0.74,2.54,-0.84,6.16,0.01,0.99,FALSE,FALSE,0.57,0.56,0.58,prot.5073,0.66,,,
ERC2_42422,OID42422,ERC2,O15083,3,0.00,75.16,110.87,-0.81,2.90,22.00,0.63,2.71,0.91,-6.42,12.21,0.04,0.00,FALSE,FALSE,0.05,0.05,0.06,prot.7395,0.01,seq.31991.8,0.07,
ERCC1_42423,OID42423,ERCC1,P07992,3,0.00,94.22,53.02,-0.01,0.94,22.00,-0.16,0.94,-0.07,-7.83,3.36,0.01,0.99,FALSE,FALSE,0.02,0.01,0.02,,,seq.12585.39,0.00,
ERCC4_41167,OID41167,ERCC4,Q92889,2,0.14,76.72,98.07,0.30,1.26,22.00,0.39,1.67,0.39,-7.24,9.58,0.00,0.99,FALSE,FALSE,0.05,0.05,0.05,,,seq.9895.77,0.06,
ERCC6L_40204,OID40204,ERCC6L,Q2NKX8,1,0.00,70.29,206.62,-0.97,2.63,22.00,-0.11,3.38,0.04,-6.16,7.93,0.00,0.00,FALSE,FALSE,0.00,0.00,0.00,prot.6638,-0.03,seq.32065.5,-0.03,
EREG_43688,OID43688,EREG,O14944,4,0.00,16.49,12.96,0.01,0.18,22.00,0.08,0.58,0.03,-1.66,3.74,0.01,1.00,FALSE,FALSE,0.19,0.18,0.20,,,seq.4956.2,-0.02,
ERF_42424,OID42424,ERF,P50548,3,0.00,23.80,28.12,0.35,0.41,22.00,0.60,0.57,0.57,-1.51,5.18,0.01,1.00,FALSE,FALSE,0.22,0.22,0.23,,,,,
ERG_40205,OID40205,ERG,P11308,1,0.00,68.68,40.15,-0.04,0.52,22.00,0.29,1.06,0.35,-7.94,4.20,0.01,1.00,FALSE,FALSE,0.04,0.04,0.04,,,seq.32857.13,-0.01,
ERI1_42425,OID42425,ERI1,Q8IV48,3,0.00,56.51,24.86,-0.43,0.35,22.00,-0.73,0.51,-0.77,-2.23,3.77,0.01,0.90,FALSE,FALSE,0.13,0.12,0.13,,,seq.32684.3,0.10,
ERI2_40206,OID40206,ERI2,A8K979,1,0.00,76.20,55.02,0.02,0.77,22.00,-0.02,1.44,-0.05,-8.27,7.27,0.02,1.00,FALSE,FALSE,0.04,0.04,0.05,,,,,
ERICH1_41168,OID41168,ERICH1,Q86X53,2,0.14,59.30,71.65,-3.14,2.22,22.00,-1.35,1.66,-1.34,-8.87,6.64,0.00,0.96,FALSE,FALSE,0.03,0.03,0.03,,,,,
ERICH3_41169,OID41169,ERICH3,Q5RHP9,2,0.14,80.14,41.16,-1.37,0.57,22.00,-1.62,1.72,-1.70,-9.33,7.55,0.00,0.98,FALSE,FALSE,0.05,0.04,0.05,,,,,
ERICH4_41170,OID41170,ERICH4,A6NGS2,2,0.14,82.51,21.70,-0.72,0.33,22.00,-0.53,0.57,-0.61,-2.03,3.03,0.00,0.99,FALSE,FALSE,0.07,0.07,0.08,,,,,
ERICH6_41171,OID41171,ERICH6,Q7L0X2,2,0.14,91.50,81.90,-0.86,1.80,22.00,0.06,1.63,0.12,-7.10,7.90,0.00,0.99,FALSE,FALSE,0.01,0.01,0.01,,,,,
ERN1_43689,OID43689,ERN1,O75460,4,0.00,0.07,14.68,0.09,0.20,22.00,0.47,0.45,0.44,-0.86,4.21,0.01,1.00,FALSE,FALSE,0.38,0.37,0.38,prot.1416,0.26,seq.11229.16,0.45,
ERP27_42426,OID42426,ERP27,Q96DN0,3,0.00,64.51,27.48,0.53,0.40,22.00,0.52,0.87,0.52,-7.93,5.30,0.01,1.00,FALSE,FALSE,0.27,0.26,0.28,prot.7753,0.37,seq.9333.59,0.12,
ERP29_44636,OID44636,ERP29,P30040,5,0.07,1.53,25.07,2.51,0.36,22.00,2.91,0.74,2.92,-0.76,6.61,0.00,0.99,FALSE,FALSE,0.67,0.67,0.68,prot.2430,0.66,seq.13728.19,0.78,4
ERP44_43690,OID43690,ERP44,Q9BS26,4,0.00,2.92,7.42,0.53,0.11,22.00,0.48,0.25,0.47,-0.28,2.63,0.00,0.86,FALSE,FALSE,0.41,0.41,0.42,prot.5205,0.39,seq.6064.4,0.12,
ERRFI1_41172,OID41172,ERRFI1,Q9UJM3,2,0.14,63.00,164.33,-0.03,3.03,22.00,0.72,3.27,0.63,-6.18,10.86,0.00,0.00,FALSE,FALSE,0.04,0.04,0.04,,,,,
ERVK_19_41173,OID41173,ERVK-19,O71037,2,0.14,60.28,50.24,-2.14,0.84,22.00,-0.52,1.31,-0.66,-4.85,8.04,0.00,0.84,FALSE,FALSE,NA,NA,NA,,,,,
ERVV_1_42427,OID42427,ERVV-1,B6SEH8,3,0.00,53.03,61.25,-2.02,0.85,22.00,-1.75,1.32,-1.70,-9.31,7.74,0.03,1.00,FALSE,FALSE,0.03,0.03,0.03,,,seq.12531.5,0.01,
ESAM_45119,OID45119,ESAM,Q96AP7,6,1.11,1.97,15.78,0.42,0.21,21.00,0.45,0.33,0.43,-0.53,2.86,0.00,0.98,FALSE,FALSE,0.51,0.51,0.51,prot.4828,0.11,seq.2981.9,0.58,
ESM1_44637,OID44637,ESM1,Q9NQ30,5,0.07,0.00,10.97,0.28,0.16,22.00,0.97,0.46,0.96,-0.90,3.32,0.00,0.98,FALSE,FALSE,0.65,0.65,0.66,prot.5619,0.79,seq.3805.16,0.63,
ESPL1_42428,OID42428,ESPL1,Q14674,3,0.00,74.18,39.44,-3.80,0.66,22.00,-3.36,1.50,-3.47,-11.14,6.69,0.02,0.98,FALSE,FALSE,0.10,0.10,0.11,,,,,
ESR1_42429,OID42429,ESR1,P03372,3,0.00,92.97,70.99,-1.12,1.80,22.00,-0.51,2.00,-0.14,-7.38,6.06,0.07,0.19,FALSE,FALSE,0.03,0.03,0.04,,,,,
ESYT1_44638,OID44638,ESYT1,Q9BSJ8,5,0.07,0.42,29.41,3.55,0.39,22.00,3.90,0.82,3.93,-0.67,7.97,0.00,1.00,FALSE,FALSE,0.58,0.57,0.58,prot.5214,0.63,,,4
ESYT2_43691,OID43691,ESYT2,A0FGR8,4,0.00,55.53,186.31,3.43,1.34,22.00,3.99,1.58,3.71,-0.78,9.75,0.02,0.99,FALSE,FALSE,0.36,0.35,0.36,,,seq.34269.64,0.39,
ETNK2_41174,OID41174,ETNK2,Q9NVF9,2,0.14,85.57,30.23,1.98,0.44,22.00,1.19,0.87,1.08,-1.08,7.38,0.00,1.00,FALSE,FALSE,0.08,0.08,0.10,,,seq.21379.30,-0.03,
ETV4_40207,OID40207,ETV4,P43268,1,0.00,92.28,34.61,-0.04,0.54,22.00,0.19,0.65,0.15,-2.26,6.37,0.02,0.99,FALSE,FALSE,0.02,0.02,0.03,,,seq.22134.1,0.00,
EVA1C_43692,OID43692,EVA1C,P58658,4,0.00,3.83,6.52,0.37,0.09,22.00,0.35,0.30,0.34,-0.49,1.91,0.01,0.99,FALSE,FALSE,0.22,0.21,0.23,prot.2970,0.02,seq.8877.22,-0.05,
EVI2B_42430,OID42430,EVI2B,P34910,3,0.00,69.38,42.15,-0.87,0.62,22.00,-0.41,1.12,-0.49,-8.10,8.60,0.02,0.98,FALSE,FALSE,0.02,0.02,0.02,prot.2512,-0.02,,,
EVI5L_42431,OID42431,EVI5L,Q96CN4,3,0.00,16.21,36.16,2.31,0.49,22.00,2.70,0.87,2.76,-2.94,6.74,0.01,0.99,FALSE,FALSE,0.48,0.48,0.48,prot.4866,0.55,seq.31314.7,0.10,
EVI5_43693,OID43693,EVI5,O60447,4,0.00,18.02,20.23,-0.08,0.31,22.00,0.83,0.56,0.82,-1.21,4.65,0.01,0.99,FALSE,FALSE,0.25,0.24,0.25,,,,,
EVL_40208,OID40208,EVL,Q9UI08,1,0.00,30.13,36.75,1.94,0.50,22.00,1.83,0.66,1.80,-1.20,8.11,0.00,1.00,FALSE,FALSE,0.38,0.37,0.38,prot.5966,0.35,seq.11656.110,0.21,
EVPLL_40209,OID40209,EVPLL,A8MZ36,1,0.00,60.96,42.25,-2.16,0.62,22.00,-1.63,1.20,-1.75,-9.42,5.03,0.02,0.99,FALSE,FALSE,0.03,0.03,0.04,,,seq.31643.81,0.04,
EVPL_42432,OID42432,EVPL,Q92817,3,0.00,65.76,88.59,-0.95,2.34,22.00,-0.33,1.77,-0.03,-7.47,5.32,0.05,0.47,FALSE,FALSE,0.04,0.03,0.05,prot.6751,0.00,seq.14019.73,0.00,
EVX2_40210,OID40210,EVX2,Q03828,1,0.00,70.70,67.26,0.05,1.57,22.00,-0.84,2.80,-0.11,-6.71,7.14,0.00,0.00,FALSE,FALSE,0.01,0.00,0.01,,,,,
EXO5_41175,OID41175,EXO5,Q9H790,2,0.14,63.41,48.81,-1.44,0.70,22.00,-1.03,1.02,-1.21,-3.76,6.49,0.00,1.00,FALSE,FALSE,0.05,0.05,0.05,,,,,
EXOC7_41176,OID41176,EXOC7,Q9UPT5,2,0.14,64.81,38.44,0.63,0.79,22.00,1.20,0.81,1.19,-2.33,9.21,0.00,0.99,FALSE,FALSE,0.32,0.31,0.33,prot.6082,0.51,seq.25110.19,0.00,
EXOSC10_42433,OID42433,EXOSC10,Q01780,3,0.00,71.33,41.96,-0.08,0.53,22.00,0.36,0.98,0.27,-2.51,5.90,0.01,1.00,FALSE,FALSE,0.16,0.16,0.16,prot.8035,0.27,,,
EXOSC3_42434,OID42434,EXOSC3,Q9NQT5,3,0.00,42.52,84.92,-1.38,1.06,22.00,-0.15,1.18,-0.29,-3.55,8.03,0.02,0.95,FALSE,FALSE,0.09,0.09,0.09,,,seq.12605.1,0.05,
EXOSC4_41177,OID41177,EXOSC4,Q9NPD3,2,0.14,84.53,26.90,0.08,0.37,22.00,0.13,0.55,0.07,-1.65,4.07,0.00,1.00,FALSE,FALSE,0.08,0.08,0.09,prot.7503,,,,
EXOSC5_40212,OID40212,EXOSC5,Q9NQT4,1,0.00,78.64,40.80,0.86,0.69,22.00,0.29,1.65,0.19,-8.09,9.63,0.03,0.66,FALSE,FALSE,0.03,0.03,0.04,,,seq.20968.22,0.00,
EXPH5_40213,OID40213,EXPH5,Q8NEV8,1,0.00,72.16,59.89,-2.45,1.68,22.00,-1.93,1.99,-1.79,-9.32,9.25,0.05,0.87,FALSE,FALSE,0.42,0.39,0.43,prot.7996,1.00,,,
EXTL1_42435,OID42435,EXTL1,Q92935,3,0.00,56.23,19.25,-0.23,0.28,22.00,-0.43,0.60,-0.44,-3.08,4.54,0.01,1.00,TRUE,TRUE,0.09,0.09,0.10,,,seq.33628.4,-0.04,
EXTL3_41178,OID41178,EXTL3,O43909,2,0.14,42.37,50.79,0.12,0.67,22.00,-0.35,1.41,-0.19,-7.81,5.16,0.00,0.99,FALSE,FALSE,0.11,0.11,0.12,,,,,
EZR_44639,OID44639,EZR,P15311,5,0.07,0.00,12.69,0.46,0.17,22.00,0.28,0.33,0.27,-1.66,2.11,0.00,0.98,FALSE,FALSE,0.55,0.54,0.55,prot.2118,0.63,seq.9753.17,0.08,
F10_45354,OID45354,F10,P00742,7,0.07,2.02,9.96,0.49,0.13,22.00,0.20,0.23,0.20,-0.57,1.65,0.00,0.99,FALSE,FALSE,0.59,0.59,0.60,prot.1633,0.22,seq.4878.3,0.70,
F11R_45120,OID45120,F11R,Q9Y624,6,1.11,22.10,14.45,1.40,0.21,21.00,1.51,0.48,1.50,-0.52,4.05,0.00,1.00,FALSE,FALSE,0.55,0.54,0.56,prot.6274,0.58,seq.20511.3,0.36,
F11_45355,OID45355,F11,P03951,7,0.07,0.00,7.59,0.63,0.11,22.00,0.27,0.28,0.27,-1.24,1.33,0.00,0.98,FALSE,FALSE,0.64,0.63,0.65,prot.1745,0.31,seq.2190.55,0.77,
F12_45461,OID45461,F12,P00748,8,0.84,5.19,8.67,0.76,0.12,22.00,-0.06,0.59,-0.01,-2.10,7.56,0.00,0.67,TRUE,FALSE,0.75,0.75,0.76,prot.1636,0.73,seq.27179.216,0.92,
F13B_45462,OID45462,F13B,P05160,8,0.84,2.04,9.93,0.98,0.14,22.00,0.74,0.29,0.74,-0.22,1.76,0.00,0.46,TRUE,FALSE,0.54,0.53,0.54,prot.1798,-0.17,seq.16927.9,0.57,
F231L_40214,OID40214,F231L,P0DMU3,1,0.00,90.33,87.66,-1.53,2.32,22.00,-0.26,2.09,-0.08,-7.78,8.63,0.05,0.50,FALSE,FALSE,NA,NA,NA,,,,,
F2R_44640,OID44640,F2R,P25116,5,0.07,0.00,8.38,1.55,0.12,22.00,1.72,0.40,1.70,0.00,4.75,0.00,0.99,TRUE,FALSE,0.56,0.56,0.56,prot.2345,0.55,seq.33727.2,0.17,
F2_45463,OID45463,F2,P00734,8,0.84,39.65,18.35,-0.22,0.26,22.00,-0.12,0.42,-0.15,-1.15,3.51,0.00,1.00,FALSE,FALSE,0.22,0.21,0.24,prot.1629,0.06,seq.4157.2,0.09,
F3_43694,OID43694,F3,P13726,4,0.00,16.14,10.68,0.05,0.15,22.00,-0.06,0.38,-0.07,-1.62,1.87,0.00,0.99,FALSE,FALSE,0.27,0.27,0.28,,,seq.4931.59,0.18,
F7_45356,OID45356,F7,P08709,7,0.07,0.07,9.65,0.64,0.14,22.00,0.90,0.36,0.91,-3.12,1.99,0.00,0.97,TRUE,TRUE,0.60,0.60,0.60,prot.1914,0.45,seq.3184.25,0.57,
F9_45357,OID45357,F9,P00740,7,0.07,0.00,8.66,0.57,0.13,22.00,0.55,0.23,0.55,-0.29,2.15,0.00,0.99,TRUE,TRUE,0.59,0.59,0.60,prot.1632,0.09,seq.5307.12,0.66,
FAAP20_41179,OID41179,FAAP20,Q6NZ36,2,0.14,82.58,34.45,0.13,0.54,22.00,0.35,0.80,0.31,-3.16,7.65,0.00,1.00,FALSE,FALSE,0.05,0.05,0.05,,,seq.30279.47,0.03,
FABP1_44641,OID44641,FABP1,P07148,5,0.07,0.00,26.09,-0.38,0.30,22.00,0.06,1.23,-0.03,-3.01,4.68,0.00,1.00,FALSE,FALSE,0.64,0.63,0.65,,,seq.11516.7,0.79,
FABP2_44642,OID44642,FABP2,P12104,5,0.07,0.00,34.62,0.08,0.37,22.00,0.20,0.77,0.15,-2.17,2.98,0.00,0.97,FALSE,FALSE,0.51,0.49,0.51,,,seq.15385.116,0.58,10
FABP3_44643,OID44643,FABP3,P05413,5,0.07,0.00,15.29,-0.19,0.20,22.00,0.17,0.53,0.12,-1.25,3.46,0.00,0.91,FALSE,FALSE,0.48,0.47,0.49,,,seq.5437.63,0.36,
FABP4_45121,OID45121,FABP4,P15090,6,1.11,6.33,11.20,-0.28,0.16,21.00,0.40,0.76,0.38,-1.78,4.01,0.00,0.82,FALSE,FALSE,0.68,0.67,0.68,prot.2112,0.17,seq.9851.9,0.83,
FABP5_44644,OID44644,FABP5,Q01469,5,0.07,0.00,7.82,0.64,0.12,22.00,0.64,0.46,0.61,-1.14,3.94,0.00,1.00,FALSE,FALSE,0.44,0.43,0.46,prot.3194,0.25,seq.35094.53,0.16,
FABP6_43695,OID43695,FABP6,P51161,4,0.00,8.91,22.17,-0.26,0.36,22.00,0.76,0.76,0.69,-1.36,4.77,0.01,1.00,FALSE,FALSE,0.21,0.20,0.21,,,seq.6450.6,0.02,
FABP9_42436,OID42436,FABP9,Q0Z7S8,3,0.00,41.34,50.15,1.25,0.59,22.00,0.40,1.00,0.46,-7.95,3.85,0.00,0.98,FALSE,FALSE,0.21,0.20,0.21,,,seq.18194.18,0.14,
FADD_44645,OID44645,FADD,Q13158,5,0.07,5.43,18.18,1.22,0.24,22.00,1.53,0.52,1.54,-0.42,4.92,0.00,0.99,FALSE,FALSE,0.57,0.56,0.57,prot.3382,0.58,seq.16593.3,0.03,
FAF2_42437,OID42437,FAF2,Q96CS3,3,0.00,7.93,26.13,-0.13,0.42,22.00,0.94,1.04,0.98,-3.52,6.31,0.01,0.99,FALSE,FALSE,0.48,0.46,0.48,prot.4869,0.57,seq.9738.7,0.71,
FAM104B_41182,OID41182,FAM104B,Q5XKR9,2,0.14,80.07,29.18,-0.57,0.44,22.00,-0.03,1.20,-0.20,-4.89,6.18,0.00,0.99,FALSE,FALSE,0.03,0.02,0.03,,,seq.26154.38,0.03,
FAM111B_40215,OID40215,FAM111B,Q6SJ93,1,0.00,83.23,37.10,-0.76,0.67,22.00,-0.27,1.40,-0.40,-8.44,6.99,0.02,1.00,FALSE,FALSE,0.03,0.02,0.03,,,,,
FAM114A1_42438,OID42438,FAM114A1,Q8IWE2,3,0.00,23.17,13.57,0.37,0.20,22.00,-0.15,0.49,-0.16,-1.98,2.97,0.01,1.00,TRUE,TRUE,0.24,0.23,0.24,prot.4328,0.20,,,
FAM114A2_43696,OID43696,FAM114A2,Q9NRY5,4,0.00,0.00,18.92,0.80,0.22,22.00,0.95,0.51,0.89,-0.84,4.25,0.02,0.99,FALSE,FALSE,0.45,0.44,0.46,prot.5684,0.53,seq.31749.52,0.64,
FAM120B_42439,OID42439,FAM120B,Q96EK7,3,0.00,0.63,15.03,2.34,0.22,22.00,2.13,0.63,2.17,-2.31,5.17,0.01,0.99,TRUE,TRUE,0.47,0.47,0.48,,,,,
FAM120C_40216,OID40216,FAM120C,Q9NX05,1,0.00,53.79,30.66,-5.12,0.45,22.00,-4.43,1.54,-4.81,-7.40,3.21,0.03,0.98,FALSE,FALSE,0.07,0.07,0.08,,,,,
FAM131B_41183,OID41183,FAM131B,Q86XD5,2,0.14,91.43,203.39,0.33,2.96,22.00,0.37,3.04,0.41,-5.97,10.04,0.00,0.00,FALSE,FALSE,0.02,0.02,0.02,,,,,
FAM131C_41184,OID41184,FAM131C,Q96AQ9,2,0.14,68.64,35.66,-0.06,0.46,22.00,0.17,0.84,0.06,-2.03,5.85,0.00,0.99,FALSE,FALSE,0.01,0.00,0.01,,,seq.29372.4,-0.04,
FAM135B_41185,OID41185,FAM135B,Q49AJ0,2,0.14,53.38,31.59,-0.98,0.49,22.00,0.11,1.14,-0.08,-2.49,7.79,0.00,0.74,FALSE,FALSE,0.07,0.06,0.07,,,,,
FAM13A_43697,OID43697,FAM13A,O94988,4,0.00,24.91,20.27,0.75,0.30,22.00,1.27,0.70,1.25,-1.05,5.03,0.00,0.99,FALSE,FALSE,0.37,0.36,0.38,,,,,
FAM13B_41186,OID41186,FAM13B,Q9NYF5,2,0.14,74.49,44.94,0.16,0.72,22.00,0.78,1.04,0.82,-7.08,4.78,0.00,0.99,FALSE,FALSE,0.10,0.10,0.11,,,,,
FAM13C_40217,OID40217,FAM13C,Q8NE31,1,0.00,88.94,226.54,-0.72,3.23,22.00,0.30,3.62,0.15,-6.20,11.35,0.00,0.00,FALSE,FALSE,0.01,0.01,0.01,,,seq.30277.100,0.01,
FAM153A_40218,OID40218,FAM153A,Q9UHL3,1,0.00,93.81,316.21,-0.98,3.14,22.00,-0.59,2.74,0.01,-7.28,8.01,0.00,0.00,FALSE,FALSE,0.01,0.01,0.01,,,,,
FAM161A_41187,OID41187,FAM161A,Q3B820,2,0.14,64.04,36.03,-0.88,0.44,22.00,-0.46,1.04,-0.63,-2.98,5.76,0.00,1.00,FALSE,FALSE,0.02,0.02,0.03,,,seq.33227.149,0.02,
FAM161B_41188,OID41188,FAM161B,Q96MY7,2,0.14,63.00,59.79,-0.89,1.08,22.00,0.32,1.12,0.19,-3.93,7.73,0.00,0.98,FALSE,FALSE,0.04,0.04,0.04,,,,,
FAM166A_40219,OID40219,FAM166A,Q6J272,1,0.00,82.32,80.22,-2.07,1.62,22.00,-1.38,1.91,-1.34,-8.87,6.45,0.04,0.97,FALSE,FALSE,0.03,0.02,0.03,,,seq.30373.68,0.03,
FAM167A_40220,OID40220,FAM167A,Q96KS9,1,0.00,78.36,72.35,-3.36,1.64,22.00,-2.17,1.74,-2.02,-8.96,4.53,0.05,0.90,FALSE,FALSE,0.05,0.05,0.05,,,seq.33362.2,0.10,
FAM170B_40221,OID40221,FAM170B,A6NMN3,1,0.00,86.85,76.67,-1.56,1.05,22.00,-0.60,1.42,-0.71,-9.25,9.29,0.03,1.00,FALSE,FALSE,0.01,0.01,0.02,,,seq.34807.10,-0.01,
FAM171A2_43698,OID43698,FAM171A2,A8MVW0,4,0.00,3.34,19.62,-3.18,0.29,22.00,-0.58,1.81,-0.85,-5.10,6.56,0.00,0.99,FALSE,FALSE,0.13,0.13,0.14,,,seq.13479.8,-0.05,
FAM171B_42440,OID42440,FAM171B,Q6P995,3,0.00,66.88,58.98,-0.32,0.74,22.00,0.18,0.89,0.20,-6.70,3.53,0.00,0.99,FALSE,FALSE,0.10,0.10,0.10,,,seq.8786.6,0.11,
FAM172A_43699,OID43699,FAM172A,Q8WUF8,4,0.00,43.84,16.85,1.54,0.23,22.00,1.58,0.52,1.59,-0.93,4.31,0.00,1.00,FALSE,FALSE,0.23,0.22,0.24,,,seq.5615.62,0.00,
FAM177B_40222,OID40222,FAM177B,A6PVY3,1,0.00,87.06,51.96,-3.91,1.30,22.00,-3.15,1.46,-3.19,-10.87,4.02,0.02,1.00,FALSE,FALSE,0.03,0.03,0.04,,,,,
FAM184A_41189,OID41189,FAM184A,Q8NB25,2,0.14,76.79,65.89,-1.62,0.86,22.00,-0.52,1.71,-0.66,-7.91,9.61,0.00,0.99,FALSE,FALSE,0.00,0.00,0.00,prot.6720,-0.03,,,
FAM184B_40223,OID40223,FAM184B,Q9ULE4,1,0.00,78.15,58.42,-0.35,1.18,22.00,-0.02,1.42,0.04,-8.03,6.47,0.02,0.99,FALSE,FALSE,0.01,0.01,0.02,,,,,
FAM186A_41190,OID41190,FAM186A,A6NE01,2,0.14,78.05,56.68,-2.77,1.62,22.00,-2.03,1.26,-2.00,-9.29,4.69,0.00,0.99,FALSE,FALSE,0.04,0.04,0.05,,,,,
FAM186B_40224,OID40224,FAM186B,Q8IYM0,1,0.00,86.57,88.63,-0.64,2.38,22.00,0.37,1.76,0.64,-6.68,6.74,0.05,0.90,FALSE,FALSE,0.04,0.04,0.04,,,,,
FAM193A_41191,OID41191,FAM193A,P78312,2,0.14,60.14,34.74,-0.28,0.51,22.00,0.26,1.10,0.18,-7.41,7.78,0.00,0.93,FALSE,FALSE,0.09,0.08,0.09,,,,,
FAM193B_40225,OID40225,FAM193B,Q96PV7,1,0.00,57.90,36.88,-5.42,0.68,22.00,-4.26,1.22,-4.43,-10.53,4.41,0.01,1.00,FALSE,FALSE,0.07,0.07,0.07,,,,,
FAM204A_41192,OID41192,FAM204A,Q9H8W3,2,0.14,78.61,61.13,-0.94,1.34,22.00,-0.53,1.70,-0.36,-7.47,6.83,0.00,0.99,FALSE,FALSE,-0.01,-0.01,-0.01,,,seq.22140.6,-0.06,
FAM20A_44646,OID44646,FAM20A,Q96MK3,5,0.07,0.14,10.79,0.80,0.16,22.00,0.67,0.37,0.69,-3.10,1.83,0.00,0.99,TRUE,FALSE,0.59,0.59,0.60,,,seq.6433.57,0.60,
FAM221A_42441,OID42441,FAM221A,A4D161,3,0.00,16.28,24.35,2.35,0.35,22.00,2.20,0.75,2.20,-1.07,5.15,0.00,0.88,TRUE,FALSE,0.51,0.50,0.52,prot.6964,0.12,seq.24447.26,0.57,
FAM222B_40226,OID40226,FAM222B,Q8WU58,1,0.00,36.95,29.33,-0.51,0.46,22.00,0.18,1.08,0.01,-2.43,9.31,0.02,0.95,FALSE,FALSE,0.04,0.04,0.04,,,seq.29281.47,-0.05,
FAM227A_40227,OID40227,FAM227A,F5H4B4,1,0.00,71.54,269.52,-0.74,2.79,22.00,-0.48,3.28,-0.15,-5.75,9.81,0.00,0.00,FALSE,FALSE,0.03,0.03,0.03,,,seq.31982.8,0.05,
FAM227B_41193,OID41193,FAM227B,Q96M60,2,0.14,76.38,23.24,-2.36,0.34,22.00,-1.70,0.90,-1.88,-3.68,6.51,0.00,0.99,FALSE,FALSE,0.04,0.04,0.05,,,,,
FAM228A_40228,OID40228,FAM228A,Q86W67,1,0.00,58.59,32.82,-1.16,0.50,22.00,-0.48,1.25,-0.72,-4.94,5.90,0.03,1.00,FALSE,FALSE,0.03,0.03,0.04,,,,,
FAM3B_43700,OID43700,FAM3B,P58499,4,0.00,0.00,5.85,1.02,0.08,22.00,0.46,0.44,0.50,-1.87,1.88,0.01,1.00,TRUE,FALSE,0.58,0.57,0.58,,,seq.5618.50,0.77,
FAM3C_44647,OID44647,FAM3C,Q92520,5,0.07,0.00,15.41,0.68,0.21,22.00,0.32,0.42,0.28,-1.15,2.53,0.00,0.99,FALSE,FALSE,0.38,0.37,0.39,prot.4711,0.15,seq.20520.14,0.02,
FAM3D_43701,OID43701,FAM3D,Q96BQ1,4,0.00,18.44,11.56,1.47,0.17,22.00,0.47,0.81,0.40,-1.95,3.07,0.00,1.00,FALSE,FALSE,0.67,0.66,0.68,,,seq.13102.1,0.91,
FAM47B_41194,OID41194,FAM47B,Q8NA70,2,0.14,79.37,58.19,-1.25,1.37,22.00,-0.47,1.49,-0.56,-8.01,7.83,0.00,0.93,FALSE,FALSE,0.01,0.01,0.01,,,,,
FAM72A_41195,OID41195,FAM72A,Q5TYM5,2,0.14,91.01,19.00,1.81,0.28,22.00,1.18,0.65,1.14,-1.56,6.32,0.00,1.00,FALSE,FALSE,0.10,0.09,0.10,,,seq.34864.9,-0.07,
FAM81B_40229,OID40229,FAM81B,Q96LP2,1,0.00,68.82,50.96,-0.49,0.84,22.00,0.35,1.46,0.20,-7.06,9.61,0.02,0.96,FALSE,FALSE,0.01,0.01,0.01,,,seq.28212.99,-0.01,
FAM83B_41196,OID41196,FAM83B,Q5T0W9,2,0.14,88.43,94.85,-0.33,1.99,22.00,0.07,1.75,0.28,-6.80,5.43,0.00,0.88,FALSE,FALSE,0.03,0.03,0.03,prot.3858,0.02,,,
FAM83C_40230,OID40230,FAM83C,Q9BQN1,1,0.00,75.16,257.98,-0.28,2.57,22.00,0.20,3.15,0.03,-5.72,12.95,0.38,0.00,FALSE,FALSE,0.03,0.03,0.03,,,,,
FAM83F_42442,OID42442,FAM83F,Q8NEG4,3,0.00,45.30,24.52,0.71,0.32,22.00,0.61,0.79,0.63,-2.52,4.99,0.00,1.00,TRUE,TRUE,0.26,0.26,0.28,,,,,
FAM90A10_41197,OID41197,FAM90A10,A6NDY2,2,0.14,48.85,15.26,-2.19,0.23,22.00,-3.51,1.83,-3.78,-9.85,4.61,0.00,1.00,FALSE,FALSE,0.17,0.17,0.18,,,,,
FAM91A1_41198,OID41198,FAM91A1,Q658Y4,2,0.14,23.21,20.34,-0.27,0.33,22.00,0.36,0.83,0.26,-2.15,6.08,0.00,0.98,FALSE,FALSE,0.28,0.28,0.28,prot.3935,0.42,,,
FANK1_41199,OID41199,FANK1,Q8TC84,2,0.14,57.42,28.92,-0.71,0.42,22.00,-0.34,0.99,-0.45,-3.72,8.72,0.00,0.98,FALSE,FALSE,0.04,0.03,0.04,,,seq.15581.16,0.00,
FAP_45122,OID45122,FAP,Q12884,6,1.11,1.97,5.92,0.58,0.09,21.00,0.38,0.35,0.38,-1.27,1.73,0.00,0.99,TRUE,TRUE,0.61,0.60,0.61,prot.3342,-0.07,seq.5029.3,0.70,
FARP2_40231,OID40231,FARP2,O94887,1,0.00,73.14,37.20,-0.51,0.52,22.00,-0.58,1.18,-0.64,-8.43,8.64,0.02,0.86,FALSE,FALSE,0.08,0.08,0.08,prot.7808,0.15,,,
FARSA_42444,OID42444,FARSA,Q9Y285,3,0.00,57.97,299.84,1.06,1.41,22.00,2.11,1.84,1.95,-5.88,9.52,0.04,0.99,FALSE,FALSE,0.28,0.28,0.29,,,seq.35464.54,0.34,
FASLG_43702,OID43702,FASLG,P48023,4,0.00,3.13,11.88,0.05,0.16,22.00,0.52,0.46,0.53,-1.67,2.49,0.00,1.00,FALSE,FALSE,0.32,0.31,0.33,,,seq.3052.8,0.19,
FAS_45123,OID45123,FAS,P25445,6,1.11,1.97,9.35,0.02,0.14,21.00,0.34,0.42,0.31,-1.13,4.60,0.00,0.93,TRUE,FALSE,0.62,0.62,0.62,prot.2349,0.09,seq.9459.7,0.75,
FAT4_41200,OID41200,FAT4,Q6V0I7,2,0.14,82.79,61.52,0.00,0.98,22.00,0.07,1.52,0.31,-6.95,3.84,0.00,0.99,FALSE,FALSE,0.05,0.05,0.05,,,,,
FBLN2_45124,OID45124,FBLN2,P98095,6,1.11,5.77,8.18,0.51,0.12,21.00,0.79,0.43,0.76,-1.86,2.82,0.00,1.00,FALSE,FALSE,0.63,0.62,0.63,prot.3162,0.44,seq.30716.87,0.63,
FBLN7_44648,OID44648,FBLN7,Q53RD9,5,0.07,0.00,9.33,0.34,0.14,22.00,0.21,0.42,0.23,-2.32,1.85,0.00,0.99,TRUE,FALSE,0.59,0.58,0.60,prot.3788,0.64,seq.21891.31,0.51,
FBN2_43703,OID43703,FBN2,P35556,4,0.00,59.08,36.63,-0.35,0.55,22.00,0.30,0.97,0.21,-2.57,7.99,0.01,0.99,TRUE,FALSE,0.20,0.19,0.21,prot.2535,0.21,,,
FBP1_44649,OID44649,FBP1,P09467,5,0.07,65.53,59.09,-3.53,0.82,22.00,-4.33,1.43,-4.18,-10.91,-0.10,0.00,0.99,FALSE,FALSE,0.37,0.36,0.38,prot.7020,0.08,seq.7206.20,0.56,
FBRSL1_41201,OID41201,FBRSL1,Q9HCM7,2,0.14,50.52,27.17,1.32,0.34,22.00,-0.21,1.24,-0.37,-5.07,6.21,0.00,0.99,FALSE,FALSE,0.08,0.08,0.09,,,,,
FBXL19_40232,OID40232,FBXL19,Q6PCT2,1,0.00,59.29,309.90,1.23,2.43,22.00,0.07,3.40,0.28,-6.54,10.18,0.00,0.00,FALSE,FALSE,0.03,0.03,0.03,,,,,
FBXL5_41202,OID41202,FBXL5,Q9UKA1,2,0.14,88.92,110.59,-3.60,2.50,22.00,-2.56,2.46,-2.02,-7.91,8.30,0.00,0.00,FALSE,FALSE,0.00,0.00,0.00,,,seq.12846.3,-0.04,
FBXL7_40233,OID40233,FBXL7,Q9UJT9,1,0.00,88.52,147.91,0.56,1.90,22.00,0.74,2.98,0.89,-6.26,7.75,0.00,0.00,FALSE,FALSE,0.03,0.03,0.03,,,,,
FBXO16_41203,OID41203,FBXO16,Q8IX29,2,0.14,59.16,27.04,-0.60,0.38,22.00,-0.77,1.33,-0.98,-5.37,6.63,0.00,0.81,FALSE,FALSE,0.04,0.03,0.04,,,,,
FBXO22_41204,OID41204,FBXO22,Q8NEZ5,2,0.14,74.29,37.91,0.04,0.55,22.00,0.31,0.88,0.23,-2.49,8.09,0.00,0.96,FALSE,FALSE,0.04,0.04,0.04,prot.4530,-0.04,seq.29303.9,0.02,
FBXO28_42445,OID42445,FBXO28,Q9NVF7,3,0.00,20.46,14.71,0.08,0.21,22.00,0.07,0.49,0.04,-1.41,2.93,0.00,0.86,FALSE,FALSE,0.14,0.14,0.14,,,seq.22143.6,-0.03,
FBXO31_40234,OID40234,FBXO31,Q5XUX0,1,0.00,73.21,120.40,-3.32,2.74,22.00,-1.28,2.93,-0.53,-7.36,7.36,0.00,0.00,FALSE,FALSE,0.01,0.01,0.01,,,,,
FBXO34_40235,OID40235,FBXO34,Q9NWN3,1,0.00,75.99,352.77,-1.72,2.75,22.00,-0.35,3.49,-0.08,-6.35,8.22,0.00,0.00,FALSE,FALSE,0.01,0.00,0.01,,,,,
FBXO40_40236,OID40236,FBXO40,Q9UH90,1,0.00,62.07,60.29,0.18,1.15,22.00,1.35,1.16,1.37,-3.36,6.44,0.01,0.99,TRUE,FALSE,0.21,0.20,0.21,prot.5941,,,,
FBXO42_40237,OID40237,FBXO42,Q6P3S6,1,0.00,89.14,215.88,5.41,2.01,22.00,-0.52,3.07,-0.04,-6.52,10.27,0.00,0.00,FALSE,FALSE,0.02,0.02,0.02,,,seq.30734.40,0.01,
FBXO46_41205,OID41205,FBXO46,Q6PJ61,2,0.14,81.11,31.52,0.37,0.46,22.00,0.30,1.15,0.24,-3.05,8.42,0.00,0.80,FALSE,FALSE,0.05,0.05,0.05,,,,,
FBXO5_42446,OID42446,FBXO5,Q9UKT4,3,0.00,58.25,51.33,-3.19,0.74,22.00,-2.39,1.23,-2.60,-5.80,6.00,0.03,0.98,FALSE,FALSE,0.06,0.06,0.06,,,,,
FCAMR_44650,OID44650,FCAMR,Q8WWV6,5,0.07,0.56,12.42,-0.57,0.17,22.00,0.48,0.71,0.50,-1.75,2.62,0.00,0.99,TRUE,FALSE,0.35,0.33,0.36,,,seq.9568.289,-0.01,
FCAR_43704,OID43704,FCAR,P24071,4,0.00,16.35,16.05,-1.15,0.23,22.00,-0.03,0.65,-0.01,-3.30,2.21,0.00,0.98,TRUE,FALSE,0.25,0.24,0.27,prot.7650,0.08,seq.4987.4,0.07,
FCER1A_42447,OID42447,FCER1A,P12319,3,0.00,54.63,29.91,0.27,0.47,22.00,0.26,0.45,0.28,-1.43,2.34,0.00,0.99,FALSE,FALSE,0.13,0.13,0.13,,,seq.9254.18,0.04,
FCER2_45125,OID45125,FCER2,P06734,6,1.11,9.92,10.81,-0.17,0.16,21.00,0.35,0.54,0.37,-1.50,2.43,0.00,0.99,TRUE,FALSE,0.67,0.66,0.68,prot.968,0.74,seq.3291.30,0.87,
FCGR2A_45358,OID45358,FCGR2A,P12318,7,0.07,0.77,9.60,-0.18,0.14,22.00,0.04,0.64,0.12,-3.63,3.06,0.00,0.99,TRUE,TRUE,0.39,0.38,0.39,prot.2048,,seq.3309.2,0.14,
FCGR2B_42448,OID42448,FCGR2B,P31994,3,0.00,33.68,22.63,0.75,0.32,22.00,-0.22,1.02,0.03,-5.46,5.24,0.00,0.55,TRUE,TRUE,0.47,0.45,0.47,prot.6544,0.06,seq.3310.62,0.70,
FCGR3B_FCGR3A_45359,OID45359,FCGR3B_FCGR3A,O75015_P08637,7,0.07,0.07,7.22,-0.17,0.11,22.00,0.22,0.57,0.28,-4.79,2.20,0.00,0.99,TRUE,FALSE,0.53,0.52,0.54,prot.869,0.21,seq.3311.27,0.40,
FCHO1_40238,OID40238,FCHO1,O14526,1,0.00,55.46,34.49,0.24,0.51,22.00,0.38,0.70,0.38,-1.94,3.18,0.00,0.99,FALSE,FALSE,0.15,0.14,0.15,,,,,
FCHO2_42449,OID42449,FCHO2,Q0JRZ9,3,0.00,11.97,36.06,3.14,0.46,22.00,3.56,0.77,3.59,-1.55,6.67,0.01,0.96,FALSE,FALSE,0.39,0.38,0.40,prot.3308,0.31,,,
FCHSD1_41206,OID41206,FCHSD1,Q86WN1,2,0.14,94.77,83.01,-0.40,1.25,22.00,-0.26,1.35,-0.20,-7.46,7.70,0.00,0.99,FALSE,FALSE,0.01,0.01,0.01,prot.4265,0.01,seq.24895.25,0.02,
FCHSD2_40239,OID40239,FCHSD2,O94868,1,0.00,74.88,25.89,-0.83,0.39,22.00,-0.64,0.49,-0.66,-2.84,3.44,0.01,0.99,FALSE,FALSE,0.01,0.01,0.02,,,seq.31670.11,-0.08,
FCN1_45360,OID45360,FCN1,O00602,7,0.07,3.90,10.75,1.19,0.15,22.00,1.00,0.66,1.02,-4.36,3.04,0.00,0.99,TRUE,FALSE,0.74,0.73,0.74,prot.1070,0.64,seq.22961.7,0.83,
FCN2_45361,OID45361,FCN2,Q15485,7,0.07,0.21,7.12,0.09,0.10,22.00,0.24,0.54,0.29,-2.27,1.54,0.00,0.94,TRUE,FALSE,0.68,0.67,0.69,prot.3630,0.66,seq.13717.15,0.78,
FCRL1_44651,OID44651,FCRL1,Q96LA6,5,0.07,0.00,10.23,-0.12,0.16,22.00,0.30,0.52,0.31,-1.63,2.13,0.00,0.99,TRUE,FALSE,0.64,0.63,0.65,,,seq.5728.60,0.85,
FCRL2_43705,OID43705,FCRL2,Q96LA5,4,0.00,10.44,9.11,0.06,0.13,22.00,0.47,0.49,0.44,-1.64,2.47,0.00,1.00,TRUE,FALSE,0.58,0.56,0.59,,,seq.26012.96,0.83,
FCRL3_42450,OID42450,FCRL3,Q96P31,3,0.00,45.23,23.83,0.33,0.33,22.00,0.13,0.90,0.17,-3.53,5.75,0.00,0.99,TRUE,TRUE,0.40,0.39,0.40,,,seq.4440.15,0.65,
FCRL5_45126,OID45126,FCRL5,Q96RD9,6,1.11,2.04,13.70,-1.24,0.21,21.00,0.35,0.65,0.38,-2.64,2.61,0.00,1.00,TRUE,TRUE,0.52,0.52,0.53,prot.7156,0.47,seq.6103.70,-0.01,
FCRL6_43706,OID43706,FCRL6,Q6DN72,4,0.00,0.14,16.22,-1.81,0.23,22.00,1.09,0.83,1.10,-2.43,4.43,0.00,0.99,TRUE,TRUE,0.39,0.39,0.40,,,seq.6617.12,0.36,
FCRLB_42451,OID42451,FCRLB,Q6BAA4,3,0.00,23.10,14.75,-0.19,0.23,22.00,0.60,0.84,0.66,-5.96,5.92,0.01,0.99,TRUE,TRUE,0.36,0.35,0.37,,,seq.15583.18,0.45,
FDX1_42452,OID42452,FDX1,P10109,3,0.00,93.53,37.06,-0.14,0.61,22.00,-0.14,0.79,-0.05,-6.78,4.29,0.01,0.99,FALSE,FALSE,0.08,0.08,0.09,,,,,
FDX2_42453,OID42453,FDX2,Q6P4F2,3,0.00,66.32,186.01,-1.06,3.20,22.00,-0.72,3.31,-0.13,-6.48,8.81,0.00,0.00,FALSE,FALSE,0.01,0.01,0.02,,,seq.11231.12,-0.01,
FDXR_40240,OID40240,FDXR,P22570,1,0.00,72.30,58.48,0.02,0.73,22.00,0.37,1.14,0.29,-6.38,5.78,0.01,0.99,FALSE,FALSE,0.04,0.04,0.04,,,seq.29256.21,0.04,
FEN1_42454,OID42454,FEN1,P39748,3,0.00,58.32,26.17,-0.55,0.36,22.00,-1.42,0.66,-1.46,-3.20,3.17,0.01,0.99,FALSE,FALSE,0.07,0.07,0.08,prot.2587,-0.06,seq.12577.100,0.00,
FES_42455,OID42455,FES,P07332,3,0.00,98.82,24.57,1.31,0.39,22.00,0.29,0.71,0.32,-2.64,4.07,0.01,1.00,FALSE,FALSE,0.13,0.12,0.13,prot.1855,0.11,seq.35456.1,0.04,
FETUB_45362,OID45362,FETUB,Q9UGM5,7,0.07,0.00,9.70,0.17,0.13,22.00,0.26,0.33,0.27,-1.26,1.83,0.00,0.99,FALSE,FALSE,0.62,0.61,0.62,prot.5932,0.41,seq.3367.8,0.68,
FEZ2_41207,OID41207,FEZ2,Q9UHY8,2,0.14,69.76,75.32,1.59,1.23,22.00,1.33,1.69,1.37,-6.61,6.73,0.00,0.96,FALSE,FALSE,0.13,0.12,0.13,prot.5965,0.11,,,
FGA_45464,OID45464,FGA,P02671,8,0.84,0.00,11.77,0.60,0.17,22.00,0.69,0.36,0.68,-0.41,2.03,0.00,0.99,FALSE,FALSE,0.55,0.54,0.55,prot.1716,0.21,seq.4907.56,0.59,
FGD2_41208,OID41208,FGD2,Q7Z6J4,2,0.14,87.94,47.55,-0.05,0.60,22.00,0.17,0.90,0.13,-3.87,4.24,0.00,0.99,FALSE,FALSE,0.02,0.02,0.02,,,seq.24318.13,0.00,
FGD3_43707,OID43707,FGD3,Q5JSP0,4,0.00,9.95,24.21,1.64,0.32,22.00,1.84,0.64,1.81,-0.62,6.56,0.01,0.99,FALSE,FALSE,0.52,0.51,0.53,prot.3817,0.57,,,
FGD6_41209,OID41209,FGD6,Q6ZV73,2,0.14,74.56,148.92,-4.91,2.80,22.00,-3.69,2.61,-2.98,-8.85,3.43,0.00,0.00,FALSE,FALSE,0.02,0.01,0.02,,,,,
FGF12_42456,OID42456,FGF12,P61328,3,0.00,86.99,51.91,-1.36,0.79,22.00,-1.01,1.02,-0.99,-8.50,6.06,0.02,0.95,FALSE,FALSE,0.00,0.00,0.00,,,seq.4392.54,-0.06,
FGF16_43708,OID43708,FGF16,O43320,4,0.00,90.47,37.02,-0.01,0.61,22.00,0.06,0.64,0.05,-2.05,5.12,0.01,0.99,FALSE,FALSE,0.07,0.07,0.08,,,seq.4393.3,0.05,
FGF19_44652,OID44652,FGF19,O95750,5,0.07,3.41,22.23,-0.94,0.26,22.00,-0.81,0.84,-0.83,-3.35,1.86,0.00,0.94,FALSE,FALSE,0.73,0.72,0.75,,,seq.2762.30,0.95,
FGF1_40241,OID40241,FGF1,P05230,1,0.00,79.05,234.23,0.27,3.22,22.00,0.89,3.24,0.30,-5.97,7.24,0.00,0.00,FALSE,FALSE,0.03,0.03,0.03,,,seq.3486.58,0.01,
FGF20_42457,OID42457,FGF20,Q9NP95,3,0.00,96.24,35.98,-0.71,0.66,22.00,-0.60,0.73,-0.57,-3.82,3.13,0.01,0.99,FALSE,FALSE,0.05,0.05,0.05,,,seq.2763.66,0.03,
FGF21_43710,OID43710,FGF21,Q9NSA1,4,0.00,0.97,15.70,-1.46,0.27,22.00,-0.54,1.35,-0.48,-5.40,5.46,0.00,0.93,FALSE,FALSE,0.59,0.59,0.60,,,seq.29534.9,0.82,
FGF23_43711,OID43711,FGF23,Q9GZV9,4,0.00,0.07,18.72,-1.76,0.30,22.00,-1.46,0.87,-1.62,-3.75,3.98,0.03,0.96,FALSE,FALSE,0.40,0.39,0.40,prot.7581,0.36,seq.3807.1,0.46,
FGF2_43709,OID43709,FGF2,P09038,4,0.00,77.17,29.26,1.11,0.40,22.00,0.85,0.68,0.83,-1.56,4.80,0.01,1.00,TRUE,FALSE,0.24,0.24,0.24,,,seq.3025.50,0.20,
FGF3_43712,OID43712,FGF3,P11487,4,0.00,93.67,15.93,-0.17,0.23,22.00,-0.04,0.55,-0.13,-1.16,5.14,0.04,1.00,FALSE,FALSE,0.07,0.06,0.07,,,seq.7894.155,-0.01,
FGF5_42458,OID42458,FGF5,P12034,3,0.00,32.22,25.11,1.08,0.36,22.00,1.21,0.55,1.21,-0.43,3.50,0.00,0.99,TRUE,FALSE,0.18,0.18,0.18,,,seq.3065.65,-0.02,
FGF6_42459,OID42459,FGF6,P10767,3,0.00,86.36,55.56,-0.50,1.69,22.00,-0.06,1.07,0.05,-7.45,4.87,0.02,1.00,FALSE,FALSE,0.02,0.02,0.02,,,seq.4130.71,0.00,
FGF7_42460,OID42460,FGF7,P21781,3,0.00,80.51,30.22,-0.33,0.42,22.00,-0.22,0.89,-0.28,-4.06,9.33,0.01,1.00,FALSE,FALSE,0.05,0.05,0.05,,,seq.4487.1,0.07,
FGF9_42461,OID42461,FGF9,P31371,3,0.00,66.88,65.60,0.36,1.19,22.00,0.05,1.83,0.41,-6.52,3.97,0.07,0.00,FALSE,FALSE,0.12,0.12,0.12,,,seq.19584.33,0.21,
FGFBP1_44653,OID44653,FGFBP1,Q14512,5,0.07,0.00,14.71,-0.12,0.23,22.00,0.23,0.44,0.23,-1.51,2.58,0.00,0.99,FALSE,FALSE,0.56,0.56,0.57,prot.3521,-0.10,seq.15494.11,0.65,
FGFBP2_45127,OID45127,FGFBP2,Q9BYJ0,6,1.11,1.97,8.22,0.55,0.12,21.00,0.13,0.53,0.12,-1.99,2.46,0.00,0.99,TRUE,FALSE,0.66,0.65,0.67,,,seq.30691.102,0.74,
FGFBP3_43713,OID43713,FGFBP3,Q8TAT2,4,0.00,22.20,12.38,0.00,0.18,22.00,0.57,0.41,0.58,-0.95,2.79,0.01,1.00,TRUE,TRUE,0.45,0.44,0.45,prot.6733,0.26,seq.11219.95,0.59,
FGFR2_44654,OID44654,FGFR2,P21802,5,0.07,22.35,14.45,0.02,0.21,22.00,0.24,0.33,0.22,-0.77,1.82,0.00,0.61,TRUE,FALSE,0.20,0.19,0.21,,,seq.3808.76,-0.12,
FGFR4_44655,OID44655,FGFR4,P22455,5,0.07,0.00,12.26,0.18,0.17,22.00,0.11,0.54,0.11,-1.44,2.00,0.00,0.99,TRUE,TRUE,0.33,0.32,0.33,,,seq.4988.49,-0.01,
FGG_45465,OID45465,FGG,P02679,8,0.84,2.95,14.27,0.60,0.22,22.00,0.76,0.55,0.76,-5.84,2.34,0.00,0.94,FALSE,FALSE,0.60,0.59,0.60,prot.1719,0.18,seq.4907.56,0.59,
FGL1_45363,OID45363,FGL1,Q08830,7,0.07,4.53,8.86,-0.29,0.12,22.00,-0.04,0.76,-0.03,-3.12,3.02,0.00,0.99,TRUE,FALSE,0.77,0.76,0.78,prot.3301,0.76,seq.5581.28,0.91,
FGR_42462,OID42462,FGR,P09769,3,0.00,14.75,18.31,0.61,0.26,22.00,0.82,0.50,0.80,-0.67,4.77,0.00,1.00,FALSE,FALSE,0.39,0.38,0.40,prot.1951,0.44,seq.3810.50,0.35,
FHAD1_40242,OID40242,FHAD1,B1AJZ9,1,0.00,79.40,84.79,-0.65,1.41,22.00,-0.22,1.47,-0.11,-8.10,6.11,0.02,1.00,FALSE,FALSE,0.03,0.02,0.03,,,,,
FHIP1B_41210,OID41210,FHIP1B,Q8N612,2,0.14,80.21,52.36,-1.67,0.98,22.00,-0.98,1.40,-0.96,-8.48,6.11,0.00,0.99,FALSE,FALSE,0.02,0.02,0.02,,,,,
FHIP2A_43714,OID43714,FHIP2A,Q5W0V3,4,0.00,82.46,32.59,-3.08,0.45,22.00,-3.05,0.79,-3.10,-5.89,4.35,0.01,1.00,FALSE,FALSE,0.08,0.08,0.09,prot.3927,0.09,seq.25081.6,0.08,
FHIT_42464,OID42464,FHIT,P49789,3,0.00,61.86,40.94,1.66,0.59,22.00,1.66,1.01,1.64,-7.37,5.99,0.01,0.99,FALSE,FALSE,0.45,0.44,0.45,prot.2757,0.21,seq.9826.135,0.53,
FHOD3_40243,OID40243,FHOD3,Q2V2M9,1,0.00,52.19,39.31,-0.91,0.69,22.00,0.32,1.19,0.11,-2.69,7.75,0.02,0.97,FALSE,FALSE,0.07,0.06,0.07,,,,,
FH_42463,OID42463,FH,P07954,3,0.00,63.12,70.99,-1.39,1.80,22.00,-0.26,1.84,-0.42,-8.29,7.93,0.02,0.56,FALSE,FALSE,0.06,0.05,0.06,prot.1879,0.05,seq.13384.110,0.03,
FIG4_42465,OID42465,FIG4,Q92562,3,0.00,73.00,38.63,1.26,0.46,22.00,0.12,0.84,0.03,-2.12,6.70,0.02,1.00,FALSE,FALSE,0.04,0.04,0.04,,,seq.6948.82,0.02,
FIGNL1_41212,OID41212,FIGNL1,Q6PIW4,2,0.14,85.37,109.46,-5.30,2.54,22.00,-3.84,2.70,-3.18,-9.29,4.90,0.00,0.00,FALSE,FALSE,0.02,0.02,0.03,,,,,
FIGN_41211,OID41211,FIGN,Q5HY92,2,0.14,51.08,24.62,-0.35,0.35,22.00,0.00,1.15,-0.25,-2.34,8.04,0.00,0.99,FALSE,FALSE,0.09,0.09,0.10,,,,,
FILIP1_40244,OID40244,FILIP1,Q7Z7B0,1,0.00,80.72,67.27,-1.91,1.00,22.00,-0.99,1.71,-0.83,-8.76,5.97,0.03,0.90,FALSE,FALSE,0.03,0.02,0.03,prot.7117,-0.02,seq.33790.6,0.02,
FIS1_44656,OID44656,FIS1,Q9Y3D6,5,0.07,0.00,23.22,1.64,0.34,22.00,1.27,0.59,1.26,-0.42,4.37,0.00,0.70,FALSE,FALSE,0.49,0.49,0.50,prot.6186,0.49,seq.17746.77,0.45,
FKBP10_42466,OID42466,FKBP10,Q96AY3,3,0.00,7.65,11.19,0.87,0.16,22.00,0.68,0.47,0.67,-1.76,3.38,0.01,0.97,FALSE,FALSE,0.29,0.29,0.29,prot.4834,0.15,seq.31748.18,0.21,
FKBP14_43715,OID43715,FKBP14,Q9NWM8,4,0.00,55.11,27.55,0.42,0.40,22.00,0.75,0.70,0.76,-2.62,4.16,0.01,0.99,FALSE,FALSE,0.41,0.40,0.42,prot.5748,0.21,seq.9340.17,0.58,
FKBP15_42467,OID42467,FKBP15,Q5T1M5,3,0.00,12.39,16.10,0.01,0.23,22.00,0.32,0.43,0.31,-1.13,3.13,0.01,1.00,TRUE,TRUE,0.37,0.36,0.38,prot.3862,0.31,seq.24943.117,0.48,
FKBP1B_43716,OID43716,FKBP1B,P68106,4,0.00,63.54,51.07,1.00,0.65,22.00,1.38,1.23,1.44,-6.71,6.77,0.01,0.97,FALSE,FALSE,0.34,0.34,0.35,prot.3108,0.40,seq.11568.2,0.42,
FKBP4_43717,OID43717,FKBP4,Q02790,4,0.00,26.86,16.47,0.61,0.22,22.00,0.96,0.45,0.93,-0.38,3.02,0.00,0.99,FALSE,FALSE,0.53,0.53,0.53,prot.3220,0.24,seq.17722.5,0.71,
FKBP5_43718,OID43718,FKBP5,Q13451,4,0.00,12.87,18.61,1.56,0.26,22.00,1.97,0.69,1.99,-1.09,5.37,0.01,0.99,TRUE,FALSE,0.60,0.60,0.61,prot.3423,0.66,seq.21577.35,0.77,
FKBP7_42468,OID42468,FKBP7,Q9Y680,3,0.00,46.90,18.40,-0.19,0.27,22.00,-0.44,0.83,-0.51,-2.85,6.62,0.02,1.00,FALSE,FALSE,0.14,0.13,0.14,,,seq.9288.7,0.13,
FKBPL_43719,OID43719,FKBPL,Q9UIM3,4,0.00,15.73,13.88,0.64,0.21,22.00,1.08,0.57,1.06,-0.71,4.26,0.01,0.99,FALSE,FALSE,0.35,0.34,0.36,,,seq.29945.51,0.31,
FLACC1_40245,OID40245,FLACC1,Q96Q35,1,0.00,90.26,34.29,-0.23,0.49,22.00,-0.08,0.49,-0.11,-1.47,5.60,0.01,0.98,FALSE,FALSE,0.04,0.04,0.04,,,,,
FLAD1_41213,OID41213,FLAD1,Q8NFF5,2,0.14,75.89,39.60,-0.90,0.69,22.00,-0.55,0.97,-0.58,-3.60,6.84,0.00,0.73,FALSE,FALSE,0.05,0.05,0.06,prot.4534,0.06,,,
FLCN_40246,OID40246,FLCN,Q8NFG4,1,0.00,94.57,78.00,-0.72,1.24,22.00,-0.22,0.99,-0.19,-7.55,6.62,0.01,1.00,FALSE,FALSE,0.02,0.01,0.02,prot.6727,-0.02,seq.30498.25,-0.05,
FLI1_42469,OID42469,FLI1,Q01543,3,0.00,70.01,51.38,1.64,0.84,22.00,1.58,1.43,1.66,-6.44,7.48,0.02,1.00,FALSE,FALSE,0.28,0.27,0.29,prot.3199,0.22,seq.21971.47,0.38,
FLRT2_43720,OID43720,FLRT2,O43155,4,0.00,34.17,12.31,-0.42,0.17,22.00,0.01,0.44,0.05,-1.55,2.21,0.00,0.99,TRUE,TRUE,0.36,0.35,0.37,,,seq.13122.19,0.34,
FLT1_43721,OID43721,FLT1,P17948,4,0.00,8.98,9.37,0.52,0.14,22.00,0.41,0.36,0.40,-0.67,3.87,0.01,0.93,FALSE,FALSE,0.37,0.37,0.38,prot.2176,0.20,seq.16315.105,0.42,
FLT3LG_43722,OID43722,FLT3LG,P49771,4,0.00,0.00,5.77,0.87,0.08,22.00,0.69,0.43,0.70,-1.05,3.80,0.00,0.99,FALSE,FALSE,0.38,0.37,0.38,,,seq.14093.10,0.32,
FLT3_42471,OID42471,FLT3,P36888,3,0.00,35.42,27.99,-0.47,0.40,22.00,-0.37,0.52,-0.38,-2.31,2.98,0.01,1.00,FALSE,FALSE,0.10,0.10,0.11,,,seq.3437.80,-0.01,
FLT4_44657,OID44657,FLT4,P35916,5,0.07,0.97,10.76,-0.16,0.17,22.00,0.43,0.36,0.45,-0.97,2.25,0.00,0.95,FALSE,FALSE,0.52,0.51,0.52,prot.2551,-0.03,seq.2358.19,0.61,
FLYWCH2_42472,OID42472,FLYWCH2,Q96CP2,3,0.00,59.43,39.16,-0.04,0.58,22.00,0.53,0.66,0.53,-1.78,4.34,0.00,1.00,FALSE,FALSE,0.16,0.16,0.17,,,,,
FMNL1_43723,OID43723,FMNL1,O95466,4,0.00,6.12,14.34,-1.26,0.20,22.00,-1.39,0.55,-1.42,-3.16,2.27,0.01,0.86,FALSE,FALSE,0.43,0.43,0.44,prot.1550,0.58,seq.31046.6,0.09,
FMNL3_41214,OID41214,FMNL3,Q8IVF7,2,0.14,45.16,63.45,0.89,0.99,22.00,1.00,1.31,1.04,-7.15,8.07,0.00,1.00,FALSE,FALSE,0.12,0.11,0.12,prot.6695,0.05,seq.34320.150,0.01,
FMR1_42473,OID42473,FMR1,Q06787,3,0.00,93.11,53.51,0.02,0.62,22.00,0.03,0.66,0.10,-6.82,1.88,0.01,1.00,FALSE,FALSE,0.07,0.07,0.07,prot.7565,0.06,seq.7713.102,0.08,
FN1_45466,OID45466,FN1,P02751,8,0.84,0.00,13.67,0.80,0.21,22.00,0.83,0.28,0.82,-0.35,2.37,0.00,0.93,TRUE,FALSE,0.59,0.58,0.60,prot.1728,0.06,seq.20064.24,0.72,
FNBP1_44658,OID44658,FNBP1,Q96RU3,5,0.07,0.07,8.05,0.26,0.12,22.00,0.32,0.31,0.29,-1.20,2.36,0.00,1.00,FALSE,FALSE,0.57,0.56,0.57,prot.6789,0.37,seq.25265.8,0.68,
FNBP4_43724,OID43724,FNBP4,Q8N3X1,4,0.00,32.01,24.09,-0.18,0.35,22.00,0.30,0.52,0.29,-1.49,2.64,0.00,1.00,FALSE,FALSE,0.17,0.17,0.18,,,seq.30767.3,0.08,
FNDC1_43725,OID43725,FNDC1,Q4ZHG4,4,0.00,42.59,13.29,0.46,0.18,22.00,0.32,0.51,0.33,-1.59,2.44,0.00,1.00,TRUE,FALSE,0.24,0.23,0.25,prot.3774,0.11,,,
FNTA_43726,OID43726,FNTA,P49354,4,0.00,44.82,19.49,1.05,0.28,22.00,0.77,0.54,0.74,-1.05,5.07,0.01,0.99,FALSE,FALSE,0.26,0.26,0.27,prot.2728,0.02,seq.25473.62,0.17,
FOLH1_42474,OID42474,FOLH1,Q04609,3,0.00,68.48,29.04,-0.84,0.60,22.00,-0.63,1.26,-0.64,-8.69,6.42,0.01,0.99,FALSE,FALSE,0.23,0.23,0.24,,,seq.5478.50,0.39,
FOLR1_44659,OID44659,FOLR1,P15328,5,0.07,0.00,5.44,-0.26,0.08,22.00,0.15,0.35,0.14,-0.84,2.26,0.00,0.99,FALSE,FALSE,0.31,0.31,0.32,,,seq.17455.42,-0.01,
FOLR2_44660,OID44660,FOLR2,P14207,5,0.07,0.00,8.74,-0.15,0.12,22.00,0.49,0.33,0.49,-1.19,1.86,0.00,0.99,FALSE,FALSE,0.60,0.59,0.60,prot.2089,0.14,seq.15587.20,0.72,
FOLR3_44661,OID44661,FOLR3,P41439,5,0.07,0.00,13.20,-6.48,0.19,22.00,-5.03,2.25,-5.71,-8.06,3.14,0.00,0.00,TRUE,FALSE,0.44,0.43,0.44,prot.6549,-0.15,seq.15495.9,0.28,
FOSB_41215,OID41215,FOSB,P53539,2,0.14,85.23,154.48,0.17,3.37,22.00,0.68,3.15,0.52,-5.92,8.75,0.00,0.00,FALSE,FALSE,0.02,0.02,0.02,prot.7904,-0.08,seq.29430.3,0.00,
FOS_42475,OID42475,FOS,P01100,3,0.00,79.26,34.95,-0.05,0.49,22.00,-0.13,0.67,-0.10,-3.43,4.03,0.01,0.94,FALSE,FALSE,0.01,0.01,0.01,,,seq.33431.27,-0.05,
FOXA3_42476,OID42476,FOXA3,P55318,3,0.00,62.91,34.76,0.02,0.57,22.00,0.17,0.85,0.09,-2.40,7.03,0.02,0.99,FALSE,FALSE,0.04,0.04,0.04,,,,,
FOXG1_40248,OID40248,FOXG1,P55316,1,0.00,76.48,45.13,-0.14,0.69,22.00,0.11,0.74,0.12,-5.42,3.47,0.01,1.00,FALSE,FALSE,0.00,0.00,0.01,,,seq.9896.21,-0.05,
FOXJ3_42477,OID42477,FOXJ3,Q9UPW0,3,0.00,73.90,34.09,0.46,0.62,22.00,0.84,0.69,0.87,-2.08,5.82,0.00,1.00,FALSE,FALSE,0.16,0.16,0.16,,,,,
FOXK2_41216,OID41216,FOXK2,Q01167,2,0.14,44.25,22.27,-1.33,0.33,22.00,-0.63,1.06,-0.82,-3.98,6.29,0.00,1.00,FALSE,FALSE,0.19,0.19,0.21,,,,,
FOXL1_40249,OID40249,FOXL1,Q12952,1,0.00,85.32,56.16,-4.41,2.11,22.00,-3.24,1.59,-3.08,-10.55,4.03,0.03,0.99,FALSE,FALSE,0.03,0.02,0.03,,,seq.31054.8,0.02,
FOXN1_40250,OID40250,FOXN1,O15353,1,0.00,86.99,70.77,-2.31,1.24,22.00,-1.83,1.71,-1.75,-9.64,5.40,0.03,0.98,FALSE,FALSE,0.03,0.02,0.03,,,,,
FOXO1_43727,OID43727,FOXO1,Q12778,4,0.00,1.88,18.04,0.41,0.26,22.00,1.02,0.62,0.95,-0.89,4.48,0.01,0.99,FALSE,FALSE,0.32,0.31,0.33,prot.7263,0.25,seq.22055.31,0.16,
FOXO3_42478,OID42478,FOXO3,O43524,3,0.00,54.63,64.10,-1.81,0.89,22.00,-0.78,0.99,-0.73,-8.68,3.78,0.01,1.00,FALSE,FALSE,0.14,0.13,0.14,prot.1246,0.09,seq.11540.37,0.23,
FOXP4_40251,OID40251,FOXP4,Q8IVH2,1,0.00,71.61,53.61,-2.45,0.99,22.00,-1.75,1.21,-1.81,-10.04,5.16,0.01,0.99,FALSE,FALSE,0.05,0.04,0.05,,,seq.24259.24,0.05,
FREM2_41217,OID41217,FREM2,Q5SZK8,2,0.14,65.92,25.76,-0.13,0.39,22.00,0.26,0.73,0.21,-2.52,4.93,0.00,1.00,FALSE,FALSE,0.06,0.05,0.06,prot.3851,0.02,seq.7246.4,0.03,
FRMD1_41218,OID41218,FRMD1,Q8N878,2,0.14,92.33,103.06,-2.87,2.36,22.00,-1.63,2.53,-1.01,-7.18,6.90,0.00,0.00,FALSE,FALSE,0.00,0.00,0.00,,,,,
FRMD4B_42479,OID42479,FRMD4B,Q9Y2L6,3,0.00,62.28,72.64,2.01,0.85,22.00,1.92,1.21,1.94,-6.94,6.11,0.00,0.99,TRUE,FALSE,0.31,0.30,0.31,prot.6141,0.35,,,
FRMD6_40252,OID40252,FRMD6,Q96NE9,1,0.00,90.19,76.79,-0.64,1.75,22.00,-0.44,2.19,-0.04,-7.21,6.22,0.08,0.00,FALSE,FALSE,0.01,0.01,0.01,prot.5030,-0.01,,,
FRMD7_42480,OID42480,FRMD7,Q6ZUT3,3,0.00,90.19,39.01,-0.04,0.61,22.00,0.00,0.79,0.06,-7.64,5.03,0.01,0.99,FALSE,FALSE,0.02,0.02,0.02,,,,,
FRMD8_40253,OID40253,FRMD8,Q9BZ67,1,0.00,33.33,31.71,2.14,0.43,22.00,2.25,0.74,2.24,-1.02,7.08,0.01,0.98,FALSE,FALSE,0.42,0.41,0.42,prot.5336,0.42,,,
FRMPD1_40254,OID40254,FRMPD1,Q5SYB0,1,0.00,65.21,86.32,-2.05,2.02,22.00,-0.09,1.59,-0.11,-7.96,8.52,0.02,0.83,FALSE,FALSE,0.01,0.01,0.02,prot.3850,-0.04,,,
FRMPD2B_40255,OID40255,FRMPD2B,Q6IN97,1,0.00,79.61,180.38,0.01,1.45,22.00,0.72,2.17,0.07,-5.45,8.43,0.21,0.00,FALSE,FALSE,0.04,0.04,0.04,,,seq.35074.6,-0.03,
FRZB_43728,OID43728,FRZB,Q92765,4,0.00,0.00,7.48,0.47,0.11,22.00,0.97,0.30,0.99,-0.41,2.78,0.01,1.00,TRUE,TRUE,0.51,0.51,0.52,prot.4748,0.55,seq.13740.51,0.67,
FSD2_41219,OID41219,FSD2,A1L4K1,2,0.14,77.42,36.94,-0.24,0.49,22.00,0.27,0.89,0.20,-2.55,6.07,0.00,0.95,FALSE,FALSE,0.03,0.03,0.03,,,,,
FSHB_43729,OID43729,FSHB,P01225,4,0.00,81.98,13.68,-0.18,0.19,22.00,0.14,0.59,-0.04,-0.99,3.53,0.07,0.90,FALSE,FALSE,0.43,0.42,0.43,,,seq.3032.11,0.67,
FSIP1_41220,OID41220,FSIP1,Q8NA03,2,0.14,55.19,43.43,0.47,0.50,22.00,0.80,0.95,0.69,-2.71,7.22,0.00,0.90,FALSE,FALSE,0.11,0.10,0.12,,,,,
FSIP2_40256,OID40256,FSIP2,Q5CZC0,1,0.00,87.13,35.03,-1.31,0.74,22.00,-1.43,0.89,-1.43,-6.40,4.51,0.01,0.58,FALSE,FALSE,0.03,0.03,0.03,,,seq.32074.3,-0.02,
FSTL1_43730,OID43730,FSTL1,Q12841,4,0.00,14.47,14.56,0.06,0.23,22.00,0.24,0.26,0.25,-0.95,1.35,0.00,1.00,FALSE,FALSE,0.32,0.32,0.33,prot.3336,0.08,seq.13112.179,0.34,
FSTL3_44663,OID44663,FSTL3,O95633,5,0.07,0.00,10.49,0.26,0.14,22.00,0.18,0.40,0.15,-1.29,2.85,0.00,1.00,FALSE,FALSE,0.62,0.61,0.63,prot.1561,0.33,seq.3438.10,0.75,
FST_44662,OID44662,FST,P19883,5,0.07,0.00,14.41,0.24,0.22,22.00,0.58,0.57,0.54,-1.49,3.65,0.00,0.95,FALSE,FALSE,0.70,0.69,0.70,prot.2215,0.84,seq.4132.27,0.37,
FTCD_43731,OID43731,FTCD,O95954,4,0.00,31.11,16.36,0.87,0.21,22.00,0.35,1.29,0.31,-3.10,4.46,0.00,0.99,FALSE,FALSE,0.56,0.56,0.57,prot.1597,0.67,seq.9213.24,0.86,
FTL_41221,OID41221,FTL,P02792,2,0.14,65.78,75.81,-2.42,2.13,22.00,-1.18,1.57,-1.13,-8.28,5.72,0.00,0.85,FALSE,FALSE,0.10,0.10,0.11,prot.1740,0.20,seq.5934.1,0.16,
FTO_44664,OID44664,FTO,Q9C0B1,5,0.07,5.15,11.04,0.04,0.16,22.00,0.24,0.49,0.21,-2.65,2.46,0.00,0.93,FALSE,FALSE,0.64,0.63,0.65,prot.5364,0.15,seq.25051.104,0.80,
FUBP3_40257,OID40257,FUBP3,Q96I24,1,0.00,69.38,84.79,1.97,0.76,22.00,0.72,0.97,0.66,-2.50,6.71,0.01,1.00,FALSE,FALSE,0.18,0.17,0.18,prot.4956,0.14,seq.24952.28,0.21,
FUCA1_45128,OID45128,FUCA1,P04066,6,1.11,6.76,10.85,-0.21,0.16,21.00,-0.01,0.61,0.08,-3.82,1.74,0.00,0.96,TRUE,TRUE,0.67,0.67,0.68,prot.1752,0.55,seq.21384.2,0.82,
FUOM_44665,OID44665,FUOM,A2VDF0,5,0.07,35.86,9.68,0.31,0.14,22.00,-0.12,0.83,-0.15,-3.58,3.01,0.00,0.99,FALSE,FALSE,0.32,0.31,0.32,,,seq.26182.7,0.14,
FURIN_44666,OID44666,FURIN,P09958,5,0.07,4.04,15.01,0.25,0.25,22.00,0.42,0.42,0.44,-1.20,1.92,0.00,1.00,FALSE,FALSE,0.34,0.33,0.34,prot.1958,0.22,,,
FUS_42481,OID42481,FUS,P35637,3,0.00,22.62,28.14,0.82,0.37,22.00,0.97,0.48,0.97,-0.85,4.43,0.01,0.89,FALSE,FALSE,0.33,0.32,0.33,prot.891,0.34,seq.29826.44,0.35,
FUT1_42482,OID42482,FUT1,P19526,3,0.00,39.94,22.87,-0.85,0.32,22.00,-1.04,0.94,-1.14,-3.88,5.24,0.02,0.48,FALSE,FALSE,0.09,0.09,0.10,prot.6529,-0.05,seq.33637.93,0.01,
FUT3_FUT5_44667,OID44667,FUT3_FUT5,P21217_Q11128,5,0.07,0.00,10.53,0.03,0.14,22.00,-0.40,0.62,-0.39,-2.44,1.69,0.00,0.99,TRUE,TRUE,0.58,0.57,0.59,,,seq.4549.78,0.79,
FUT8_43732,OID43732,FUT8,Q9BYC5,4,0.00,0.00,9.22,0.70,0.14,22.00,0.37,0.53,0.33,-2.11,2.59,0.01,1.00,TRUE,FALSE,0.57,0.57,0.57,prot.5319,0.69,seq.8244.16,0.78,
FXN_43733,OID43733,FXN,Q16595,4,0.00,0.00,13.55,1.87,0.20,22.00,2.48,0.58,2.49,-0.23,5.16,0.01,0.99,FALSE,FALSE,0.59,0.59,0.59,prot.3693,0.68,seq.11833.83,0.31,
FXYD5_42483,OID42483,FXYD5,Q96DB9,3,0.00,52.89,36.71,1.01,0.65,22.00,1.17,0.73,1.21,-2.43,4.59,0.00,1.00,FALSE,FALSE,0.24,0.23,0.24,,,,,
FYB1_45129,OID45129,FYB1,O15117,6,1.11,1.97,22.85,2.88,0.33,21.00,2.96,0.82,2.99,-0.82,6.28,0.00,1.00,FALSE,FALSE,0.64,0.63,0.64,prot.1153,0.65,seq.34259.4,0.47,
FYB2_41222,OID41222,FYB2,Q5VWT5,2,0.14,35.05,67.24,0.75,1.57,22.00,2.04,1.78,2.07,-7.45,8.13,0.00,0.99,FALSE,FALSE,0.21,0.21,0.22,,,,,
FYCO1_42484,OID42484,FYCO1,Q9BQS8,3,0.00,12.80,30.03,2.22,0.43,22.00,2.87,0.79,2.92,-1.00,6.73,0.01,0.98,FALSE,FALSE,0.50,0.49,0.50,prot.5187,0.49,seq.30797.18,-0.03,
FZD10_42485,OID42485,FZD10,Q9ULW2,3,0.00,90.81,33.36,-0.73,0.61,22.00,-0.79,1.22,-0.82,-8.60,4.82,0.02,0.99,FALSE,FALSE,0.02,0.02,0.03,,,seq.20056.7,0.01,
FZD8_42486,OID42486,FZD8,Q9H461,3,0.00,60.33,35.25,0.06,0.61,22.00,0.01,0.90,0.00,-3.09,6.88,0.02,0.86,FALSE,FALSE,0.14,0.14,0.15,,,seq.20577.5,0.23,
FZD9_40258,OID40258,FZD9,O00144,1,0.00,66.39,46.23,-2.69,0.73,22.00,-2.98,1.34,-3.06,-11.66,5.64,0.03,0.90,FALSE,FALSE,0.02,0.01,0.02,,,seq.22591.4,-0.01,
GAB1_41223,OID41223,GAB1,Q13480,2,0.14,60.56,43.48,1.09,0.63,22.00,1.88,0.84,1.82,-1.07,6.09,0.00,0.96,FALSE,FALSE,0.29,0.29,0.30,prot.6606,0.17,seq.24268.21,0.27,
GAB4_40259,OID40259,GAB4,Q2WGN9,1,0.00,61.86,58.77,-1.50,0.77,22.00,-2.37,1.31,-2.40,-11.26,5.42,0.01,0.99,FALSE,FALSE,0.03,0.03,0.03,,,,,
GABARAP_43734,OID43734,GABARAP,O95166,4,0.00,55.39,18.67,-0.20,0.32,22.00,-0.27,0.60,-0.30,-2.06,5.45,0.01,0.98,FALSE,FALSE,0.16,0.15,0.16,,,seq.17735.130,0.12,
GABRA4_42488,OID42488,GABRA4,P48169,3,0.00,77.59,73.55,-1.91,2.52,22.00,-0.07,1.97,-0.03,-8.34,7.56,0.03,0.99,FALSE,FALSE,0.04,0.03,0.04,,,,,
GABRP_41224,OID41224,GABRP,O00591,2,0.14,83.48,38.20,-0.09,0.61,22.00,0.23,1.11,0.18,-4.14,6.29,0.00,0.95,FALSE,FALSE,0.02,0.02,0.02,,,seq.32949.44,-0.02,
GAD1_42489,OID42489,GAD1,Q99259,3,0.00,83.72,82.53,0.06,1.29,22.00,0.06,2.02,0.44,-6.91,5.64,0.06,0.00,FALSE,FALSE,0.04,0.04,0.04,,,seq.11280.6,0.02,
GAD2_42490,OID42490,GAD2,Q05329,3,0.00,89.35,36.26,-1.19,0.65,22.00,-0.92,1.14,-0.95,-8.70,7.42,0.02,0.99,FALSE,FALSE,0.06,0.06,0.06,,,,,
GADD45B_42491,OID42491,GADD45B,O75293,3,0.00,87.82,58.78,-1.39,0.71,22.00,-1.07,0.84,-1.12,-3.74,5.73,0.03,1.00,FALSE,FALSE,0.04,0.03,0.04,,,,,
GADD45GIP1_43735,OID43735,GADD45GIP1,Q8TAE8,4,0.00,7.86,13.34,0.49,0.19,22.00,0.92,0.46,0.88,-0.47,3.85,0.00,0.99,FALSE,FALSE,0.33,0.33,0.34,prot.4559,0.25,seq.9302.90,-0.11,
GADD45G_41225,OID41225,GADD45G,O95257,2,0.14,86.83,78.79,-6.34,2.23,22.00,-4.95,2.07,-4.68,-11.16,2.79,0.00,0.02,FALSE,FALSE,0.03,0.03,0.04,,,,,
GAGE2A_42492,OID42492,GAGE2A,Q6NT46,3,0.00,66.60,14.76,-1.21,0.22,22.00,-1.39,0.61,-1.50,-2.53,4.15,0.04,1.00,FALSE,FALSE,0.09,0.09,0.10,,,seq.18268.5,0.05,
GAGE7_41226,OID41226,GAGE7,O76087,2,0.14,64.04,51.24,-0.20,0.66,22.00,0.24,0.93,0.19,-2.98,5.92,0.00,0.99,FALSE,FALSE,NA,NA,NA,,,,,
GAK_40260,OID40260,GAK,O14976,1,0.00,61.24,157.46,1.59,3.09,22.00,2.51,2.87,1.86,-4.74,9.68,0.00,0.00,FALSE,FALSE,0.12,0.12,0.12,prot.1137,0.13,,,
GALK2_41227,OID41227,GALK2,Q01415,2,0.14,71.71,243.08,-0.79,3.10,22.00,-0.17,3.14,0.10,-6.19,11.90,0.00,0.00,FALSE,FALSE,0.03,0.03,0.03,prot.3191,0.03,seq.23631.1,0.04,
GALM_44669,OID44669,GALM,Q96C23,5,0.07,0.14,8.21,0.83,0.12,22.00,0.92,0.44,0.89,-0.75,3.53,0.00,0.95,TRUE,TRUE,0.47,0.46,0.48,prot.4856,0.26,,,
GALNT10_43736,OID43736,GALNT10,Q86SR1,4,0.00,21.09,9.17,0.45,0.13,22.00,0.27,0.33,0.26,-0.85,1.92,0.00,0.99,TRUE,FALSE,0.28,0.26,0.29,prot.4216,0.15,seq.7003.4,0.03,
GALNT2_43737,OID43737,GALNT2,Q10471,4,0.00,5.15,7.30,0.16,0.11,22.00,0.28,0.33,0.27,-0.96,2.35,0.00,0.99,TRUE,FALSE,0.24,0.22,0.24,prot.3318,0.03,seq.5764.4,-0.01,
GALNT3_42493,OID42493,GALNT3,Q14435,3,0.00,25.40,13.57,0.77,0.19,22.00,0.61,0.52,0.59,-1.41,4.24,0.01,0.99,TRUE,TRUE,0.24,0.24,0.25,prot.7941,-0.78,seq.6593.5,0.13,
GALNT5_44670,OID44670,GALNT5,Q7Z7M9,5,0.07,0.28,10.89,1.01,0.16,22.00,1.22,0.47,1.22,-0.55,3.29,0.00,0.70,TRUE,TRUE,0.24,0.24,0.26,prot.7118,-0.07,,,
GALNT7_43738,OID43738,GALNT7,Q86SF2,4,0.00,11.00,14.06,-0.01,0.19,22.00,0.51,0.29,0.52,-0.57,2.91,0.00,0.93,FALSE,FALSE,0.21,0.20,0.21,prot.4212,-0.01,,,
GAL_44668,OID44668,GAL,P22466,5,0.07,0.14,19.99,0.46,0.28,22.00,-0.14,0.84,-0.17,-2.57,2.18,0.00,0.97,FALSE,FALSE,0.62,0.61,0.63,prot.2281,0.73,seq.15390.3,0.05,
GAMT_42494,OID42494,GAMT,Q14353,3,0.00,82.67,67.63,1.33,1.20,22.00,0.61,1.85,0.86,-6.92,7.72,0.05,0.37,FALSE,FALSE,0.08,0.07,0.08,prot.3513,0.05,,,
GANC_40261,OID40261,GANC,Q8TET4,1,0.00,89.70,90.08,-1.71,1.13,22.00,-1.23,1.56,-1.11,-8.95,5.11,0.03,0.99,FALSE,FALSE,0.02,0.02,0.02,,,,,
GAP43_41228,OID41228,GAP43,P17677,2,0.14,68.57,34.61,-0.05,0.52,22.00,0.10,0.77,0.15,-4.99,2.96,0.00,0.98,FALSE,FALSE,0.02,0.02,0.03,,,seq.15325.14,-0.02,
GAPDH_44671,OID44671,GAPDH,P04406,5,0.07,0.00,12.17,5.16,0.18,22.00,5.30,0.30,5.35,3.28,5.95,0.00,0.99,FALSE,FALSE,0.62,0.62,0.63,prot.1770,0.55,seq.3848.14,0.68,
GAREM2_41229,OID41229,GAREM2,Q75VX8,2,0.14,70.94,30.58,2.22,0.45,22.00,0.47,1.56,0.32,-6.63,11.59,0.00,1.00,FALSE,FALSE,0.07,0.06,0.07,,,,,
GARIN1B_41230,OID41230,GARIN1B,Q96KD3,2,0.14,73.94,83.68,-2.69,0.96,22.00,-1.93,1.27,-2.01,-9.00,6.09,0.00,0.99,FALSE,FALSE,0.02,0.02,0.02,,,,,
GARIN2_41231,OID41231,GARIN2,Q8N9W8,2,0.14,61.60,36.74,0.19,0.53,22.00,0.11,1.10,-0.05,-3.79,6.52,0.00,1.00,FALSE,FALSE,0.03,0.02,0.03,,,,,
GARIN5B_41232,OID41232,GARIN5B,Q8N5Q1,2,0.14,66.83,30.51,-1.76,0.47,22.00,-1.29,1.46,-1.54,-4.66,7.58,0.00,1.00,FALSE,FALSE,0.03,0.03,0.04,,,,,
GARRE1_41233,OID41233,GARRE1,O15063,2,0.14,57.98,30.56,-0.79,0.42,22.00,-0.19,1.11,-0.40,-3.14,7.28,0.00,1.00,FALSE,FALSE,0.05,0.05,0.05,,,,,
GART_43739,OID43739,GART,P22102,4,0.00,85.66,22.71,0.45,0.35,22.00,0.09,0.55,0.07,-1.88,3.37,0.01,1.00,FALSE,FALSE,0.10,0.10,0.11,prot.2273,-0.01,seq.30509.9,0.02,
GAS1_41234,OID41234,GAS1,P54826,2,0.14,58.12,32.41,-0.31,0.47,22.00,0.29,0.83,0.18,-2.48,6.38,0.00,0.99,FALSE,FALSE,0.05,0.04,0.05,prot.2900,0.02,seq.5463.22,0.03,
GAS2L1_44672,OID44672,GAS2L1,Q99501,5,0.07,11.07,27.69,1.99,0.40,22.00,1.96,0.69,1.93,-0.21,7.79,0.00,0.99,FALSE,FALSE,0.53,0.53,0.54,,,,,
GAS2L3_41235,OID41235,GAS2L3,Q86XJ1,2,0.14,82.58,34.72,-0.79,0.46,22.00,-0.57,1.18,-0.66,-8.49,7.73,0.00,1.00,FALSE,FALSE,0.03,0.03,0.04,,,seq.35090.122,0.04,
GAS2_42495,OID42495,GAS2,O43903,3,0.00,60.13,30.46,-0.69,0.50,22.00,-0.32,1.19,-0.35,-8.05,6.02,0.01,0.99,FALSE,FALSE,0.18,0.17,0.18,,,seq.23394.125,0.42,
GAS6_45130,OID45130,GAS6,Q14393,6,1.11,1.97,10.47,0.90,0.15,21.00,1.07,0.35,1.06,-1.07,2.58,0.00,1.00,TRUE,FALSE,0.61,0.60,0.61,prot.3515,0.51,seq.15391.114,0.62,
GAS7_41236,OID41236,GAS7,O60861,2,0.14,77.56,88.30,-4.48,1.77,22.00,-4.09,2.31,-3.54,-9.67,2.79,0.00,0.00,FALSE,FALSE,0.01,0.01,0.01,prot.1346,-0.02,seq.17721.82,-0.02,
GAS8_40262,OID40262,GAS8,O95995,1,0.00,60.26,134.07,-6.60,2.56,22.00,-6.38,2.76,-7.98,-9.99,2.58,0.01,0.00,FALSE,FALSE,0.02,0.01,0.02,,,seq.26183.133,-0.02,
GASK1A_42496,OID42496,GASK1A,Q9UFP1,3,0.00,70.84,88.88,-3.87,2.31,22.00,-0.23,1.59,-0.05,-8.75,6.83,0.01,0.99,TRUE,FALSE,0.35,0.35,0.36,,,seq.31678.14,0.69,
GAST_43740,OID43740,GAST,P01350,4,0.00,0.84,15.92,0.82,0.21,22.00,2.03,1.87,1.57,-1.79,6.60,0.00,0.99,FALSE,FALSE,0.54,0.53,0.55,prot.7340,0.59,,,
GATA3_42497,OID42497,GATA3,P23771,3,0.00,88.45,46.16,-0.04,0.69,22.00,-0.27,0.92,-0.15,-7.55,2.02,0.01,0.98,FALSE,FALSE,0.04,0.04,0.04,,,,,
GATC_41237,OID41237,GATC,O43716,2,0.14,81.46,51.67,-0.17,0.68,22.00,0.02,0.75,0.03,-6.84,3.86,0.00,0.88,FALSE,FALSE,0.01,0.00,0.01,prot.7759,-0.05,,,
GATD3_43741,OID43741,GATD3,P0DPI2,4,0.00,62.70,37.26,-1.54,0.52,22.00,-0.99,0.74,-1.02,-4.24,3.22,0.01,1.00,TRUE,FALSE,0.23,0.23,0.24,prot.117,0.29,seq.5981.6,0.05,
GBA1_43742,OID43742,GBA1,P04062,4,0.00,29.99,18.87,0.14,0.26,22.00,0.36,0.72,0.23,-1.07,6.61,0.04,0.99,FALSE,FALSE,0.22,0.21,0.22,prot.1751,0.12,seq.26119.5,0.15,
GBA3_41238,OID41238,GBA3,Q9H227,2,0.14,66.13,98.44,-0.57,0.81,22.00,-0.18,1.09,-0.25,-4.06,7.45,0.00,1.00,TRUE,TRUE,0.15,0.14,0.15,,,seq.21592.8,0.07,
GBF1_40263,OID40263,GBF1,Q92538,1,0.00,83.86,121.61,-2.26,2.62,22.00,-1.43,2.60,-0.65,-7.43,6.64,0.00,0.00,FALSE,FALSE,0.03,0.02,0.03,,,,,
GBP1_42498,OID42498,GBP1,P32455,3,0.00,13.57,21.90,0.12,0.33,22.00,0.11,0.73,0.10,-9.13,3.59,0.01,0.93,FALSE,FALSE,NA,NA,NA,,,,,
GBP1_43743,OID43743,GBP1,P32455,4,0.00,8.28,17.84,0.09,0.22,22.00,0.21,0.62,0.16,-3.31,3.93,0.01,0.78,FALSE,FALSE,NA,NA,NA,,,,,
GBP1_44673,OID44673,GBP1,P32455,5,0.07,5.01,14.17,0.24,0.19,22.00,0.28,0.55,0.24,-2.22,3.06,0.00,0.88,FALSE,FALSE,0.60,0.58,0.60,prot.2491,0.17,seq.15326.64,0.76,
GBP2_42499,OID42499,GBP2,P32456,3,0.00,81.56,21.19,0.93,0.33,22.00,-0.48,1.16,-0.49,-7.90,8.25,0.01,0.96,FALSE,FALSE,0.17,0.16,0.17,prot.6545,0.11,seq.18891.98,0.05,
GBP3_41239,OID41239,GBP3,Q9H0R5,2,0.14,68.29,57.68,-0.21,1.59,22.00,-0.11,1.97,-0.04,-7.88,6.47,0.00,0.95,FALSE,FALSE,0.02,0.02,0.02,,,seq.32151.17,0.02,
GBP4_42500,OID42500,GBP4,Q96PP9,3,0.00,89.77,50.17,-0.03,0.73,22.00,0.58,0.76,0.61,-2.48,4.50,0.00,0.98,TRUE,TRUE,0.10,0.10,0.10,prot.5048,0.02,,,
GBP6_42501,OID42501,GBP6,Q6ZN66,3,0.00,89.28,46.57,-2.28,0.73,22.00,-2.32,1.33,-2.18,-9.38,3.65,0.02,0.90,FALSE,FALSE,0.01,0.01,0.01,prot.7670,-0.09,seq.7818.101,-0.02,
GCAT_41240,OID41240,GCAT,O75600,2,0.14,81.32,30.31,-2.61,0.47,22.00,-2.42,0.81,-2.52,-4.95,4.16,0.00,0.99,FALSE,FALSE,0.04,0.03,0.04,prot.1429,0.00,seq.29287.6,0.01,
GCC1_43744,OID43744,GCC1,Q96CN9,4,0.00,55.39,34.01,2.05,0.50,22.00,2.58,0.90,2.64,-2.49,6.97,0.01,0.50,FALSE,FALSE,0.38,0.37,0.39,prot.4868,0.36,,,
GCFC2_42502,OID42502,GCFC2,P16383,3,0.00,83.30,26.06,0.31,0.34,22.00,0.37,0.47,0.34,-1.56,3.07,0.00,0.99,FALSE,FALSE,0.06,0.05,0.06,prot.2144,-0.01,,,
GCG_42503,OID42503,GCG,P01275,3,0.00,27.35,64.03,0.42,0.62,22.00,0.63,1.29,0.57,-3.28,5.75,0.00,0.98,FALSE,FALSE,0.50,0.49,0.51,prot.1662,0.30,seq.4891.50,0.71,
GCHFR_44674,OID44674,GCHFR,P30047,5,0.07,16.36,13.80,-0.20,0.19,22.00,-0.17,0.63,-0.22,-1.76,3.91,0.00,0.97,FALSE,FALSE,0.67,0.66,0.67,,,seq.21118.48,0.86,
GCK_41241,OID41241,GCK,P35557,2,0.14,47.94,72.95,-2.07,1.20,22.00,-0.74,1.24,-0.80,-9.42,5.15,0.00,1.00,FALSE,FALSE,0.09,0.09,0.10,,,seq.12960.9,0.03,
GCLM_42504,OID42504,GCLM,P48507,3,0.00,24.84,59.84,0.97,0.61,22.00,1.63,0.79,1.57,-0.83,5.50,0.01,0.98,FALSE,FALSE,0.52,0.51,0.52,prot.2698,0.46,seq.18214.2,0.73,
GCNT1_43745,OID43745,GCNT1,Q02742,4,0.00,11.13,13.33,0.33,0.19,22.00,0.18,0.38,0.16,-1.17,1.86,0.00,0.42,TRUE,TRUE,0.23,0.22,0.24,,,seq.7016.12,0.09,
GCNT4_41242,OID41242,GCNT4,Q9P109,2,0.14,40.21,101.60,0.76,1.02,22.00,0.73,1.27,0.70,-3.79,7.86,0.00,0.76,FALSE,FALSE,0.08,0.08,0.08,prot.7506,-0.09,seq.10854.15,0.03,
GCSAM_41243,OID41243,GCSAM,Q8N6F7,2,0.14,65.23,100.88,-1.49,2.48,22.00,-0.78,2.20,-0.62,-7.39,8.17,0.00,0.01,FALSE,FALSE,0.02,0.01,0.02,,,,,
GC_45467,OID45467,GC,P02774,8,0.84,0.00,6.41,0.94,0.09,22.00,0.21,0.37,0.18,-0.99,1.41,0.00,0.01,TRUE,TRUE,0.36,0.36,0.37,prot.1733,0.13,seq.15589.1,0.16,
GDAP2_41244,OID41244,GDAP2,Q9NXN4,2,0.14,91.92,84.53,-3.06,2.16,22.00,-2.45,2.08,-1.94,-8.10,2.45,0.00,0.00,FALSE,FALSE,0.03,0.02,0.03,prot.5779,0.04,,,
GDF15_45131,OID45131,GDF15,Q99988,6,1.11,1.97,11.22,-0.09,0.16,21.00,0.25,0.83,0.08,-2.15,7.33,0.00,1.00,FALSE,FALSE,0.72,0.72,0.73,prot.5167,0.73,seq.4374.45,0.87,
GDF2_44675,OID44675,GDF2,Q9UK05,5,0.07,0.00,12.78,-1.60,0.19,22.00,-1.08,0.41,-1.07,-2.71,0.46,0.00,1.00,FALSE,FALSE,0.57,0.57,0.57,prot.5997,0.32,seq.4880.21,0.67,
GDNF_42505,OID42505,GDNF,P39905,3,0.00,40.64,14.57,0.55,0.21,22.00,0.62,0.52,0.62,-1.15,3.71,0.00,0.99,FALSE,FALSE,0.17,0.16,0.18,,,seq.5822.22,-0.04,
GDPD1_40264,OID40264,GDPD1,Q8N9F7,1,0.00,69.31,93.84,-1.91,2.58,22.00,-0.87,2.73,-0.23,-7.36,9.46,0.02,0.00,FALSE,FALSE,0.01,0.01,0.02,prot.4462,0.01,seq.24428.76,0.00,
GEMIN2_42506,OID42506,GEMIN2,O14893,3,0.00,30.62,34.18,0.59,0.50,22.00,0.96,0.76,0.90,-2.01,5.32,0.01,0.99,FALSE,FALSE,0.29,0.29,0.30,prot.6386,0.01,seq.31943.22,0.29,
GEMIN8_42507,OID42507,GEMIN8,Q9NWZ8,3,0.00,31.32,20.36,-0.84,0.30,22.00,-0.43,1.53,-0.74,-3.76,9.39,0.03,1.00,FALSE,FALSE,0.09,0.08,0.10,,,seq.31692.43,0.01,
GET3_44676,OID44676,GET3,O43681,5,0.07,10.58,13.87,-0.17,0.20,22.00,0.23,0.78,0.12,-1.34,6.30,0.00,0.74,FALSE,FALSE,0.35,0.34,0.35,prot.1262,0.24,seq.13620.10,0.10,
GFAP_42508,OID42508,GFAP,P14136,3,0.00,18.09,21.31,-0.96,0.33,22.00,-0.28,0.65,-0.32,-2.30,3.40,0.00,1.00,FALSE,FALSE,0.16,0.16,0.16,,,seq.20126.19,0.02,
GFER_42509,OID42509,GFER,P55789,3,0.00,19.69,15.40,1.95,0.23,22.00,2.05,0.55,2.01,0.12,5.70,0.01,0.99,FALSE,FALSE,0.46,0.45,0.46,prot.7048,0.14,seq.15398.2,0.49,
GFM2_41245,OID41245,GFM2,Q969S9,2,0.14,66.90,38.21,-0.92,0.59,22.00,-0.29,1.05,-0.43,-3.11,6.21,0.00,0.99,FALSE,FALSE,0.02,0.02,0.02,prot.4805,0.00,,,
GFOD2_42510,OID42510,GFOD2,Q3B7J2,3,0.00,38.27,25.96,0.71,0.34,22.00,-0.56,1.74,-1.02,-3.68,8.01,0.03,0.99,FALSE,FALSE,0.08,0.07,0.08,,,,,
GFPT2_41246,OID41246,GFPT2,O94808,2,0.14,87.32,64.65,0.06,0.78,22.00,0.09,1.03,0.08,-7.86,9.95,0.00,0.99,FALSE,FALSE,0.01,0.01,0.01,,,seq.23669.20,-0.03,
GFRA1_43746,OID43746,GFRA1,P56159,4,0.00,8.14,7.78,0.26,0.11,22.00,0.50,0.35,0.48,-0.48,2.52,0.00,0.99,TRUE,FALSE,0.43,0.42,0.43,prot.2944,0.15,seq.3314.74,0.40,
GFRA2_43747,OID43747,GFRA2,O00451,4,0.00,0.00,9.63,-0.16,0.14,22.00,0.10,0.23,0.10,-0.86,1.17,0.00,1.00,TRUE,FALSE,0.54,0.53,0.54,prot.1049,0.44,seq.2515.14,0.69,
GFRA3_43748,OID43748,GFRA3,O60609,4,0.00,16.77,16.25,0.52,0.24,22.00,0.53,0.38,0.53,-0.86,3.68,0.00,0.91,FALSE,FALSE,0.55,0.54,0.56,,,seq.35712.15,0.74,
GFRAL_43749,OID43749,GFRAL,Q6UXV0,4,0.00,4.73,15.44,0.10,0.24,22.00,0.46,0.77,0.45,-1.88,5.61,0.00,0.77,TRUE,FALSE,0.56,0.56,0.56,,,seq.6920.1,0.73,
GGA1_42511,OID42511,GGA1,Q9UJY5,3,0.00,87.47,68.31,0.41,1.70,22.00,-0.13,1.74,0.07,-7.53,6.27,0.04,0.65,FALSE,FALSE,0.03,0.03,0.03,prot.7443,-0.02,seq.13594.158,0.02,
GGA2_40265,OID40265,GGA2,Q9UJY4,1,0.00,67.92,266.92,-1.28,3.31,22.00,-1.00,3.12,-0.44,-7.15,7.72,0.00,0.00,FALSE,FALSE,0.03,0.03,0.03,prot.6897,-0.05,seq.29748.16,0.06,
GGA3_42512,OID42512,GGA3,Q9NZ52,3,0.00,11.48,17.27,1.80,0.27,22.00,2.35,0.74,2.35,-1.05,6.83,0.01,0.99,FALSE,FALSE,0.60,0.59,0.60,prot.5809,0.49,seq.11683.19,0.77,
GGACT_44677,OID44677,GGACT,Q9BVM4,5,0.07,48.96,76.38,1.81,1.14,22.00,2.17,0.98,2.18,-5.53,7.16,0.00,0.99,TRUE,FALSE,0.33,0.33,0.34,prot.6809,0.22,,,
GGCT_44678,OID44678,GGCT,O75223,5,0.07,3.69,18.92,1.79,0.26,22.00,2.11,0.56,2.09,-0.16,5.68,0.00,0.99,TRUE,TRUE,0.58,0.58,0.58,prot.1383,0.39,seq.21889.2,0.55,
GGH_45364,OID45364,GGH,Q92820,7,0.07,0.56,7.84,0.01,0.12,22.00,0.13,0.44,0.13,-1.88,5.60,0.00,1.00,TRUE,FALSE,0.66,0.64,0.66,prot.4752,0.35,seq.9370.69,0.75,
GGN_42513,OID42513,GGN,Q86UU5,3,0.00,73.76,19.16,0.63,0.26,22.00,-0.23,0.56,-0.33,-2.02,4.57,0.03,0.99,FALSE,FALSE,0.07,0.06,0.07,,,,,
GGT1_45132,OID45132,GGT1,P19440,6,1.11,19.07,9.90,-0.44,0.14,21.00,-0.34,0.61,-0.38,-2.99,2.53,0.00,0.99,FALSE,FALSE,0.45,0.44,0.46,prot.2201,0.34,,,
GGT5_43750,OID43750,GGT5,P36269,4,0.00,13.08,11.94,0.43,0.18,22.00,0.48,0.33,0.47,-0.53,2.57,0.01,0.99,TRUE,FALSE,0.31,0.31,0.32,prot.7349,0.18,seq.21548.20,0.27,
GH1_44679,OID44679,GH1,P01241,5,0.07,4.25,29.91,-2.25,0.83,22.00,-2.11,2.09,-2.51,-6.20,4.56,0.00,1.00,FALSE,FALSE,0.23,0.22,0.23,,,seq.8462.18,0.06,
GH2_42514,OID42514,GH2,P01242,3,0.00,44.33,29.37,-2.15,0.46,22.00,-1.47,2.14,-1.68,-8.96,6.91,0.00,0.99,FALSE,FALSE,0.10,0.10,0.11,,,seq.10978.39,0.04,
GHRHR_42515,OID42515,GHRHR,Q02643,3,0.00,75.57,59.71,-0.56,1.02,22.00,-0.05,1.33,-0.06,-7.95,7.08,0.01,1.00,FALSE,FALSE,0.03,0.03,0.03,,,,,
GHRL_44681,OID44681,GHRL,Q9UBU3,5,0.07,0.07,18.32,1.76,0.27,22.00,0.64,0.90,0.63,-2.89,3.74,0.00,0.95,FALSE,FALSE,0.59,0.59,0.59,prot.5906,0.51,seq.23581.131,0.60,
GHR_44680,OID44680,GHR,P10912,5,0.07,0.00,9.40,0.13,0.13,22.00,0.37,0.43,0.42,-1.64,2.73,0.00,0.91,TRUE,FALSE,0.66,0.65,0.67,,,seq.2948.58,0.84,
GID8_43751,OID43751,GID8,Q9NWU2,4,0.00,70.15,26.23,-2.43,0.37,22.00,-2.52,0.74,-2.64,-4.19,2.85,0.03,0.96,FALSE,FALSE,0.13,0.12,0.13,prot.5753,0.13,seq.20373.141,0.12,
GIGYF1_41247,OID41247,GIGYF1,O75420,2,0.14,52.13,35.75,0.18,0.52,22.00,1.00,1.26,0.68,-1.69,10.01,0.00,0.99,FALSE,FALSE,0.08,0.07,0.08,,,seq.32006.81,-0.01,
GIGYF2_43752,OID43752,GIGYF2,Q6Y7W6,4,0.00,13.29,24.44,0.86,0.39,22.00,0.90,0.78,0.96,-3.19,4.70,0.00,1.00,FALSE,FALSE,0.35,0.35,0.35,prot.4079,0.34,,,
GIMAP2_41248,OID41248,GIMAP2,Q9UG22,2,0.14,95.33,52.36,0.01,0.85,22.00,-0.17,1.57,0.00,-7.26,4.73,0.00,0.92,FALSE,FALSE,0.04,0.03,0.04,prot.7183,-0.02,seq.32127.14,0.05,
GIMAP6_41249,OID41249,GIMAP6,Q6P9H5,2,0.14,85.78,60.40,-1.07,0.80,22.00,-1.05,1.71,-0.81,-7.84,5.06,0.00,0.90,FALSE,FALSE,0.02,0.02,0.02,,,seq.19302.7,0.05,
GIMAP7_44682,OID44682,GIMAP7,Q8NHV1,5,0.07,63.65,32.10,0.64,0.47,22.00,-0.06,0.55,-0.03,-3.11,1.54,0.00,0.99,TRUE,TRUE,0.26,0.25,0.26,,,seq.24683.11,0.17,
GIMAP8_42516,OID42516,GIMAP8,Q8ND71,3,0.00,37.79,21.66,1.35,0.34,22.00,1.08,0.56,1.05,-0.91,5.12,0.01,0.99,FALSE,FALSE,0.20,0.19,0.20,prot.4509,0.07,,,
GINS4_41250,OID41250,GINS4,Q9BRT9,2,0.14,94.22,107.40,-0.75,2.15,22.00,-0.54,2.01,-0.10,-7.32,3.72,0.00,0.02,FALSE,FALSE,0.01,0.01,0.01,,,seq.30004.6,-0.01,
GIPC2_43754,OID43754,GIPC2,Q8TF65,4,0.00,54.56,18.85,0.20,0.28,22.00,0.23,0.52,0.21,-1.85,3.13,0.00,0.99,FALSE,FALSE,0.34,0.34,0.35,prot.4636,0.07,seq.20921.1,0.50,
GIPC3_43755,OID43755,GIPC3,Q8TF64,4,0.00,26.58,19.15,3.24,0.28,22.00,3.68,0.81,3.75,-1.38,6.81,0.01,0.99,TRUE,FALSE,0.56,0.54,0.56,prot.4635,0.67,seq.34763.3,0.48,
GIPR_43756,OID43756,GIPR,P48546,4,0.00,64.23,42.04,0.58,0.61,22.00,0.19,1.03,0.19,-6.44,6.02,0.02,1.00,FALSE,FALSE,0.07,0.07,0.07,,,seq.33791.16,0.02,
GIT1_43757,OID43757,GIT1,Q9Y2X7,4,0.00,22.69,24.00,2.81,0.36,22.00,3.21,0.72,3.22,-1.12,6.04,0.01,0.61,FALSE,FALSE,0.55,0.54,0.55,prot.6156,0.63,,,
GJA1_42517,OID42517,GJA1,P17302,3,0.00,59.85,33.25,-1.16,0.58,22.00,-1.14,0.81,-1.20,-5.86,4.93,0.03,1.00,FALSE,FALSE,0.02,0.02,0.03,prot.7834,-0.06,seq.9937.7,-0.04,
GJA3_40266,OID40266,GJA3,Q9Y6H8,1,0.00,88.17,31.87,-0.38,0.42,22.00,-0.19,0.52,-0.25,-2.00,3.09,0.02,1.00,FALSE,FALSE,0.06,0.06,0.06,,,,,
GJA8_42518,OID42518,GJA8,P48165,3,0.00,88.94,105.30,-1.61,1.90,22.00,-1.16,1.83,-0.92,-8.08,6.94,0.05,0.87,FALSE,FALSE,0.04,0.04,0.04,,,seq.12711.19,0.05,
GKAP1_40267,OID40267,GKAP1,Q5VSY0,1,0.00,72.44,68.32,-1.34,1.01,22.00,-0.89,1.12,-0.82,-8.67,4.75,0.01,0.99,FALSE,FALSE,0.06,0.06,0.07,,,seq.27911.33,0.06,
GKN1_43758,OID43758,GKN1,Q9NS71,4,0.00,0.00,12.72,-0.10,0.18,22.00,-0.07,0.30,-0.06,-1.42,3.47,0.01,1.00,FALSE,FALSE,0.30,0.30,0.31,prot.466,0.26,seq.15374.15,0.01,
GLB1_43759,OID43759,GLB1,P16278,4,0.00,28.81,20.96,0.34,0.31,22.00,-0.08,0.48,-0.07,-1.75,2.01,0.00,0.92,FALSE,FALSE,0.23,0.22,0.23,,,seq.10554.23,0.12,
GLE1_40268,OID40268,GLE1,Q53GS7,1,0.00,64.58,28.95,-0.36,0.35,22.00,-0.13,0.50,-0.17,-1.43,3.97,0.02,0.96,FALSE,FALSE,0.06,0.06,0.07,,,,,
GLI2_42519,OID42519,GLI2,P10070,3,0.00,66.88,31.50,-0.96,0.47,22.00,-0.74,0.71,-0.76,-3.21,5.19,0.02,0.72,FALSE,FALSE,0.03,0.03,0.03,,,seq.29425.213,0.00,
GLIPR1_43760,OID43760,GLIPR1,P48060,4,0.00,24.01,11.47,0.16,0.17,22.00,0.25,0.27,0.24,-0.91,1.56,0.01,0.99,FALSE,FALSE,0.18,0.17,0.19,,,seq.9265.10,0.02,
GLO1_43761,OID43761,GLO1,Q04760,4,0.00,0.00,36.14,2.86,0.38,22.00,3.45,0.69,3.40,1.79,6.41,0.00,1.00,TRUE,TRUE,0.56,0.56,0.57,prot.3242,0.28,seq.9883.29,0.60,
GLOD4_44684,OID44684,GLOD4,Q9HC38,5,0.07,4.25,14.55,1.18,0.20,22.00,1.33,0.39,1.32,-0.27,3.15,0.00,0.96,FALSE,FALSE,0.42,0.42,0.43,prot.5569,0.29,,,
GLP1R_42520,OID42520,GLP1R,P43220,3,0.00,81.49,45.66,-0.89,0.88,22.00,-0.27,0.90,-0.28,-3.70,4.92,0.02,1.00,FALSE,FALSE,0.03,0.03,0.04,,,seq.20581.42,0.00,
GLRX2_43762,OID43762,GLRX2,Q9NS18,4,0.00,15.10,16.47,0.84,0.24,22.00,1.21,0.50,1.20,-0.60,4.26,0.00,0.99,FALSE,FALSE,0.43,0.42,0.43,,,seq.12486.8,0.45,
GLRX5_44686,OID44686,GLRX5,Q86SX6,5,0.07,61.21,43.36,1.83,0.66,22.00,2.41,0.83,2.43,-1.16,7.86,0.00,0.97,FALSE,FALSE,0.44,0.43,0.44,prot.4217,0.42,seq.16597.11,-0.01,
GLRX_44685,OID44685,GLRX,P35754,5,0.07,10.52,27.85,1.27,0.31,22.00,1.93,0.63,1.85,0.04,5.26,0.00,0.75,TRUE,FALSE,0.47,0.47,0.48,prot.2546,0.30,seq.18386.36,0.18,
GLT8D2_42521,OID42521,GLT8D2,Q9H1C3,3,0.00,73.97,41.16,-1.22,0.64,22.00,-0.97,1.11,-1.04,-8.69,5.37,0.01,0.96,FALSE,FALSE,0.02,0.02,0.03,,,seq.21509.29,0.01,
GLTP_40269,OID40269,GLTP,Q9NZD2,1,0.00,67.36,69.77,-2.19,1.66,22.00,-1.30,1.83,-1.07,-8.43,5.94,0.05,0.57,FALSE,FALSE,0.03,0.02,0.03,prot.5813,-0.03,seq.12513.8,-0.02,
GLYR1_43763,OID43763,GLYR1,Q49A26,4,0.00,26.24,13.34,-0.64,0.19,22.00,-0.68,0.62,-0.75,-2.23,5.05,0.02,0.99,FALSE,FALSE,0.12,0.11,0.13,prot.7481,0.00,,,
GM2A_45133,OID45133,GM2A,P17900,6,1.11,8.66,15.93,0.03,0.21,21.00,0.21,0.41,0.16,-0.75,4.29,0.00,1.00,TRUE,TRUE,0.49,0.49,0.50,prot.2173,0.27,seq.15441.6,0.51,
GMEB2_40270,OID40270,GMEB2,Q9UKD1,1,0.00,95.13,278.29,-0.06,2.20,22.00,0.08,2.55,0.24,-7.18,10.68,0.08,0.16,FALSE,FALSE,0.02,0.02,0.03,,,seq.12804.5,0.02,
GMFG_44687,OID44687,GMFG,O60234,5,0.07,0.07,18.44,3.61,0.27,22.00,3.83,0.71,3.85,-0.04,7.21,0.00,0.88,FALSE,FALSE,0.63,0.62,0.63,prot.1292,0.65,seq.13062.4,0.57,
GMNN_42522,OID42522,GMNN,O75496,3,0.00,54.91,33.25,-1.44,0.54,22.00,-0.87,0.73,-0.89,-3.57,4.57,0.01,0.95,FALSE,FALSE,0.03,0.03,0.03,,,seq.17703.40,-0.04,
GMPR2_44688,OID44688,GMPR2,Q9P2T1,5,0.07,5.92,16.35,2.41,0.24,22.00,2.61,0.61,2.58,0.30,6.67,0.00,0.95,FALSE,FALSE,0.66,0.65,0.66,prot.5878,0.58,seq.19446.1,0.75,
GMPR_43764,OID43764,GMPR,P36959,4,0.00,0.21,43.67,3.14,0.40,22.00,3.87,0.78,3.91,0.18,7.85,0.01,0.99,TRUE,TRUE,0.61,0.61,0.62,prot.2567,0.70,seq.19254.125,0.47,
GNAS_43765,OID43765,GNAS,O95467,4,0.00,0.00,14.71,-0.11,0.21,22.00,0.44,0.62,0.33,-0.94,7.26,0.02,0.99,FALSE,FALSE,0.14,0.12,0.14,,,seq.5757.45,-0.05,
GNE_42523,OID42523,GNE,Q9Y223,3,0.00,67.29,29.43,-0.20,0.43,22.00,0.07,0.60,0.05,-2.22,3.93,0.01,0.99,FALSE,FALSE,0.16,0.15,0.16,prot.6099,0.27,seq.21739.7,0.03,
GNGT1_42524,OID42524,GNGT1,P63211,3,0.00,88.03,74.61,-1.11,1.68,22.00,-1.29,2.05,-0.86,-7.48,4.83,0.07,0.00,FALSE,FALSE,0.07,0.07,0.08,,,,,
GNL3L_41251,OID41251,GNL3L,Q9NVN8,2,0.14,30.38,64.37,2.22,0.73,22.00,2.37,1.18,2.28,-1.46,7.78,0.00,1.00,FALSE,FALSE,0.26,0.26,0.27,prot.6859,0.21,,,
GNLY_45134,OID45134,GNLY,P22749,6,1.11,5.77,15.14,0.19,0.23,21.00,0.43,0.53,0.42,-1.14,3.09,0.00,0.95,TRUE,FALSE,0.66,0.65,0.66,prot.598,0.72,seq.3195.50,0.78,
GNPDA1_43766,OID43766,GNPDA1,P46926,4,0.00,23.10,18.42,0.53,0.25,22.00,0.59,0.51,0.55,-1.02,4.37,0.02,0.99,FALSE,FALSE,0.28,0.27,0.28,prot.2671,0.07,seq.8909.77,0.28,
GNPDA2_44689,OID44689,GNPDA2,Q8TDQ7,5,0.07,0.07,11.19,0.47,0.16,22.00,0.36,0.36,0.37,-2.12,2.74,0.00,1.00,TRUE,TRUE,0.33,0.32,0.33,prot.4612,0.16,seq.29853.135,-0.01,
GOLGA1_42525,OID42525,GOLGA1,Q92805,3,0.00,29.02,28.61,2.60,0.44,22.00,3.06,0.91,3.14,-2.56,6.96,0.01,0.75,FALSE,FALSE,0.31,0.30,0.32,prot.4751,0.13,,,4
GOLGA2P5_41253,OID41253,GOLGA2P5,Q9HBQ8,2,0.14,80.00,89.98,-1.01,1.88,22.00,-0.26,1.81,-0.07,-7.31,8.71,0.00,1.00,FALSE,FALSE,0.02,0.02,0.02,,,seq.34830.47,0.05,
GOLGA2_41252,OID41252,GOLGA2,Q08379,2,0.14,71.92,59.77,1.52,1.03,22.00,3.19,1.39,3.24,-5.51,8.28,0.00,1.00,FALSE,FALSE,0.22,0.22,0.23,,,,,
GOLGA3_43767,OID43767,GOLGA3,Q08378,4,0.00,42.31,39.47,1.27,0.60,22.00,2.01,0.85,1.97,-0.39,6.87,0.01,0.99,FALSE,FALSE,0.38,0.38,0.38,prot.3291,0.32,seq.30758.27,0.27,
GOLGA4_41254,OID41254,GOLGA4,Q13439,2,0.14,65.51,27.37,-0.20,0.43,22.00,-0.01,0.65,-0.07,-1.86,5.22,0.00,0.98,FALSE,FALSE,0.06,0.06,0.06,prot.3418,0.07,,,
GOLGA6A_42526,OID42526,GOLGA6A,Q9NYA3,3,0.00,22.34,15.22,-1.52,0.24,22.00,-0.99,0.83,-1.14,-3.03,4.51,0.03,0.99,FALSE,FALSE,0.19,0.18,0.19,,,,,
GOLGA6L4_GOLGA6L9_GOLGA6L10_40271,OID40271,GOLGA6L4_GOLGA6L9_GOLGA6L10,A6NEF3_A6NEM1_A6NI86,1,0.00,77.38,135.66,3.73,2.75,22.00,0.47,3.49,0.31,-6.54,10.44,0.00,0.00,FALSE,FALSE,0.02,0.02,0.03,,,,,
GOLGA8B_41255,OID41255,GOLGA8B,A8MQT2,2,0.14,90.45,60.14,-0.80,1.64,22.00,-0.63,1.89,-0.35,-7.66,5.91,0.00,0.07,FALSE,FALSE,0.01,0.01,0.01,,,,,
GOLGA8CP_40272,OID40272,GOLGA8CP,A6NN73,1,0.00,57.62,122.54,2.88,3.08,22.00,2.03,3.25,0.82,-5.69,8.31,0.00,0.00,FALSE,FALSE,0.07,0.07,0.07,,,,,
GOLGA8F_GOLGA8G_42527,OID42527,GOLGA8F_GOLGA8G,Q08AF8,3,0.00,54.98,41.98,-0.01,0.58,22.00,0.80,1.03,0.73,-2.93,6.11,0.01,0.99,FALSE,FALSE,NA,NA,NA,,,,,
GOLM1_42528,OID42528,GOLM1,Q8NBJ4,3,0.00,13.01,25.33,0.06,0.37,22.00,0.17,0.36,0.18,-0.96,3.55,0.00,0.85,FALSE,FALSE,0.16,0.15,0.16,prot.4479,0.01,seq.17456.53,0.07,
GOLM2_44690,OID44690,GOLM2,Q6P4E1,5,0.07,0.00,8.17,0.35,0.12,22.00,0.71,0.28,0.70,-0.17,2.61,0.00,0.98,FALSE,FALSE,0.40,0.40,0.41,prot.4007,0.21,seq.10613.33,0.37,
GOPC_43768,OID43768,GOPC,Q9HD26,4,0.00,31.59,25.83,2.98,0.37,22.00,3.00,0.82,3.06,-1.65,6.30,0.01,0.99,FALSE,FALSE,0.55,0.55,0.56,prot.5587,0.62,,,
GORASP2_43769,OID43769,GORASP2,Q9H8Y8,4,0.00,47.88,29.30,0.89,0.49,22.00,0.91,0.57,0.91,-1.61,3.92,0.01,1.00,TRUE,TRUE,0.36,0.36,0.37,prot.5522,0.44,,,
GOT1_45135,OID45135,GOT1,P17174,6,1.11,1.97,8.69,0.84,0.12,21.00,0.29,0.48,0.24,-1.78,3.92,0.00,0.99,FALSE,FALSE,0.37,0.36,0.39,prot.2162,0.13,seq.4912.17,0.00,
GP1BA_45365,OID45365,GP1BA,P07359,7,0.07,0.00,7.86,0.05,0.11,22.00,0.19,0.30,0.19,-0.92,1.66,0.00,1.00,FALSE,FALSE,0.58,0.57,0.58,prot.1858,0.18,seq.4990.87,0.63,
GP1BB_43770,OID43770,GP1BB,P13224,4,0.00,0.28,13.89,2.44,0.20,22.00,2.30,0.67,2.30,-0.49,6.12,0.00,0.99,FALSE,FALSE,0.51,0.51,0.52,prot.2062,0.53,seq.21514.1,0.48,
GP2_43771,OID43771,GP2,P55259,4,0.00,1.81,10.37,1.17,0.15,22.00,0.58,1.13,0.46,-2.20,6.31,0.01,1.00,FALSE,FALSE,0.31,0.31,0.33,prot.7747,0.18,seq.34641.130,0.07,
GP5_44691,OID44691,GP5,P40197,5,0.07,11.91,11.58,1.68,0.17,22.00,1.63,0.38,1.68,-0.85,2.76,0.00,0.60,TRUE,FALSE,0.53,0.53,0.54,prot.2590,0.60,seq.7185.29,0.65,
GP6_45136,OID45136,GP6,Q9HCN6,6,1.11,1.97,8.64,0.93,0.13,21.00,1.61,0.57,1.63,-0.78,4.41,0.00,0.99,TRUE,TRUE,0.69,0.69,0.70,prot.5578,0.63,seq.3194.36,0.85,
GPA33_43772,OID43772,GPA33,Q99795,4,0.00,0.28,20.38,0.33,0.25,22.00,-0.89,1.21,-1.04,-4.03,2.56,0.00,0.99,FALSE,FALSE,0.29,0.28,0.30,prot.5147,-0.02,seq.26074.4,0.17,
GPANK1_41256,OID41256,GPANK1,O95872,2,0.14,63.55,15.60,-0.12,0.22,22.00,0.10,0.55,0.01,-1.12,6.79,0.00,0.97,FALSE,FALSE,0.09,0.08,0.09,,,seq.30967.14,0.02,
GPATCH11_41257,OID41257,GPATCH11,Q8N954,2,0.14,43.83,29.13,-0.15,0.41,22.00,-0.37,1.22,-0.59,-3.65,6.16,0.00,0.99,FALSE,FALSE,0.07,0.06,0.07,,,seq.34812.9,0.02,
GPATCH1_42529,OID42529,GPATCH1,Q9BRR8,3,0.00,62.35,41.02,-1.28,0.62,22.00,-0.74,0.76,-0.83,-2.90,3.77,0.02,0.51,FALSE,FALSE,0.08,0.07,0.09,,,,,
GPATCH4_41258,OID41258,GPATCH4,Q5T3I0,2,0.14,87.67,239.97,-1.71,2.73,22.00,0.73,3.60,0.38,-5.94,13.53,0.00,0.00,FALSE,FALSE,0.02,0.02,0.03,,,,,
GPATCH8_41259,OID41259,GPATCH8,Q9UKJ3,2,0.14,62.51,27.93,-2.81,0.52,22.00,-1.80,1.39,-2.11,-5.95,8.31,0.00,0.99,FALSE,FALSE,0.06,0.05,0.06,,,,,
GPC1_43773,OID43773,GPC1,P35052,4,0.00,5.36,13.84,0.49,0.19,22.00,0.42,0.34,0.41,-0.66,1.91,0.00,0.99,TRUE,FALSE,0.49,0.49,0.50,prot.2517,0.31,seq.8697.38,0.55,
GPC2_41260,OID41260,GPC2,Q8N158,2,0.14,75.54,22.83,0.40,0.32,22.00,0.45,0.55,0.42,-2.39,2.90,0.00,0.99,FALSE,FALSE,0.11,0.11,0.12,prot.6709,-0.01,seq.3315.15,0.05,
GPC4_40273,OID40273,GPC4,O75487,1,0.00,68.34,39.51,-1.27,0.54,22.00,-0.80,0.93,-0.81,-7.77,4.74,0.02,0.96,FALSE,FALSE,0.01,0.01,0.01,prot.1419,-0.05,seq.18892.48,-0.04,
GPC5_43774,OID43774,GPC5,P78333,4,0.00,21.64,11.02,0.79,0.16,22.00,0.91,0.56,0.91,-1.49,3.38,0.00,0.99,TRUE,FALSE,0.53,0.52,0.53,prot.6575,0.08,seq.4991.12,0.70,
GPD1_43775,OID43775,GPD1,P21695,4,0.00,8.00,49.96,-2.35,0.52,22.00,-2.17,0.81,-2.26,-4.40,3.64,0.01,0.87,FALSE,FALSE,0.38,0.37,0.38,prot.6535,0.39,seq.11081.1,0.31,
GPHA2_43776,OID43776,GPHA2,Q96T91,4,0.00,25.68,13.72,0.37,0.21,22.00,0.54,0.56,0.48,-1.27,6.05,0.02,1.00,TRUE,TRUE,0.20,0.19,0.21,,,seq.6395.58,0.05,
GPIHBP1_43777,OID43777,GPIHBP1,Q8IV16,4,0.00,0.00,8.38,0.10,0.12,22.00,0.18,0.36,0.17,-0.89,3.51,0.00,0.59,TRUE,FALSE,0.26,0.25,0.26,,,seq.26069.1,0.06,
GPI_45366,OID45366,GPI,P06744,7,0.07,0.91,13.57,1.04,0.19,22.00,0.94,0.52,0.92,-0.92,3.55,0.00,0.99,FALSE,FALSE,0.63,0.62,0.63,,,seq.4272.46,0.76,
GPKOW_43778,OID43778,GPKOW,Q92917,4,0.00,43.77,10.63,-0.42,0.16,22.00,-0.30,0.23,-0.32,-0.85,3.61,0.01,0.99,FALSE,FALSE,0.25,0.24,0.25,,,,,
GPNMB_44692,OID44692,GPNMB,Q14956,5,0.07,0.00,9.53,0.51,0.13,22.00,0.44,0.30,0.44,-1.30,1.73,0.00,1.00,TRUE,FALSE,0.58,0.57,0.59,,,seq.8240.207,0.72,
GPR101_42530,OID42530,GPR101,Q96P66,3,0.00,78.43,58.61,-2.67,1.55,22.00,-2.33,1.97,-2.26,-9.81,5.08,0.04,0.79,FALSE,FALSE,0.03,0.02,0.03,,,seq.11670.18,0.01,
GPR135_40274,OID40274,GPR135,Q8IZ08,1,0.00,66.81,44.31,-2.47,0.66,22.00,-2.17,0.97,-2.29,-4.77,6.01,0.03,1.00,FALSE,FALSE,0.05,0.05,0.05,,,seq.11465.4,0.06,
GPR158_43779,OID43779,GPR158,Q5T848,4,0.00,27.07,21.25,1.48,0.29,22.00,1.44,0.57,1.42,-0.35,6.85,0.01,0.99,FALSE,FALSE,0.23,0.22,0.23,,,seq.29432.44,0.04,
GPR15LG_43780,OID43780,GPR15LG,Q6UWK7,4,0.00,5.64,18.33,0.21,0.26,22.00,-0.07,0.77,-0.08,-2.68,2.86,0.00,0.33,TRUE,FALSE,0.46,0.46,0.48,,,,,
GPR37_43781,OID43781,GPR37,O15354,4,0.00,12.94,19.54,-0.05,0.28,22.00,1.33,0.84,1.36,-1.29,5.37,0.00,1.00,TRUE,FALSE,0.52,0.50,0.52,prot.6995,0.44,seq.21495.134,0.75,
GPRASP1_41261,OID41261,GPRASP1,Q5JY77,2,0.14,74.08,64.02,-4.00,2.01,22.00,-2.09,1.51,-2.18,-10.01,5.02,0.00,1.00,FALSE,FALSE,0.05,0.04,0.05,,,,,
GPRASP2_41262,OID41262,GPRASP2,Q96D09,2,0.14,75.82,53.74,-0.56,0.84,22.00,0.35,1.07,0.34,-5.01,5.75,0.00,1.00,FALSE,FALSE,0.04,0.03,0.04,,,,,
GPRASP3_40863,OID40863,GPRASP3,Q6PI77,2,0.14,91.92,33.23,-0.49,0.57,22.00,-0.33,0.88,-0.33,-7.58,6.07,0.00,0.89,FALSE,FALSE,0.02,0.02,0.02,,,,,
GPRC5C_42531,OID42531,GPRC5C,Q9NQ84,3,0.00,61.52,49.86,-0.02,0.79,22.00,-1.02,1.99,-0.74,-8.39,6.48,0.05,0.20,FALSE,FALSE,0.15,0.14,0.15,prot.5627,0.30,,,
GPRIN2_41263,OID41263,GPRIN2,O60269,2,0.14,74.77,75.80,-1.44,2.40,22.00,-1.55,2.59,-0.79,-6.73,5.83,0.00,0.00,FALSE,FALSE,0.00,0.00,0.00,,,seq.31665.5,-0.01,
GPRIN3_41264,OID41264,GPRIN3,Q6ZVF9,2,0.14,57.98,60.59,0.36,0.70,22.00,0.85,0.77,0.80,-4.95,4.83,0.00,1.00,FALSE,FALSE,0.07,0.07,0.08,,,seq.35058.157,-0.02,
GPSM3_40275,OID40275,GPSM3,Q9Y4H4,1,0.00,94.02,103.24,-2.60,2.65,22.00,-1.89,1.81,-1.51,-8.80,2.13,0.06,0.11,FALSE,FALSE,0.04,0.04,0.05,,,,,
GPX1_44693,OID44693,GPX1,P07203,5,0.07,0.00,28.28,2.35,0.35,22.00,2.83,0.63,2.79,0.27,6.23,0.00,0.99,FALSE,FALSE,0.62,0.62,0.63,,,seq.15591.28,0.65,
GPX4_42532,OID42532,GPX4,P36969,3,0.00,45.72,22.64,-1.32,0.36,22.00,-0.87,0.77,-0.95,-2.70,4.95,0.02,0.98,FALSE,FALSE,0.26,0.26,0.26,,,seq.33753.14,0.38,
GRAMD1A_41265,OID41265,GRAMD1A,Q96CP6,2,0.14,82.44,39.94,-0.62,0.59,22.00,-0.17,1.30,-0.14,-7.41,6.33,0.00,0.40,FALSE,FALSE,0.03,0.03,0.03,,,,,
GRAP2_44694,OID44694,GRAP2,O75791,5,0.07,5.50,27.61,3.05,0.36,22.00,3.39,0.81,3.39,-0.58,7.70,0.00,0.99,FALSE,FALSE,0.64,0.64,0.65,prot.1443,0.64,seq.16074.12,0.37,6
GRHPR_44695,OID44695,GRHPR,Q9UBQ7,5,0.07,20.06,15.64,2.31,0.22,22.00,2.34,0.60,2.33,-0.02,5.38,0.00,1.00,FALSE,FALSE,0.62,0.62,0.63,prot.5896,0.66,seq.18295.102,0.62,
GRIK2_42533,OID42533,GRIK2,Q13002,3,0.00,53.38,26.86,0.24,0.42,22.00,0.24,0.62,0.22,-2.47,3.60,0.02,0.99,TRUE,FALSE,0.08,0.08,0.08,,,seq.20544.103,-0.03,
GRIK5_41266,OID41266,GRIK5,Q16478,2,0.14,66.76,16.65,0.85,0.24,22.00,-0.29,1.12,-0.50,-2.84,7.57,0.00,0.99,FALSE,FALSE,0.16,0.16,0.17,,,,,
GRIN2B_42534,OID42534,GRIN2B,Q13224,3,0.00,60.61,37.63,-0.03,0.58,22.00,0.09,1.28,0.02,-7.64,8.01,0.02,1.00,FALSE,FALSE,0.08,0.08,0.09,,,,,
GRIP2_42535,OID42535,GRIP2,Q9C0E4,3,0.00,66.53,37.41,0.27,0.49,22.00,0.47,0.78,0.45,-2.86,4.24,0.01,0.99,FALSE,FALSE,0.11,0.11,0.12,,,,,
GRIPAP1_42536,OID42536,GRIPAP1,Q4V328,3,0.00,3.27,24.61,2.24,0.36,22.00,2.41,0.74,2.43,-0.96,5.86,0.01,1.00,FALSE,FALSE,0.52,0.51,0.53,prot.3772,0.56,seq.24432.3,0.60,
GRK3_41267,OID41267,GRK3,P35626,2,0.14,73.66,30.77,-0.44,0.44,22.00,-0.19,0.86,-0.32,-2.65,6.38,0.00,0.99,FALSE,FALSE,0.04,0.04,0.04,prot.2544,0.05,,,
GRK4_40276,OID40276,GRK4,P32298,1,0.00,88.52,44.88,-0.08,0.86,22.00,-0.30,1.47,-0.19,-8.29,5.74,0.02,1.00,FALSE,FALSE,0.03,0.03,0.04,,,seq.28568.60,0.02,
GRK5_42537,OID42537,GRK5,P34947,3,0.00,66.32,39.16,-0.43,0.58,22.00,0.01,1.03,-0.06,-3.57,8.74,0.02,0.95,FALSE,FALSE,0.25,0.24,0.25,prot.2515,0.42,seq.21510.24,0.04,
GRN_45137,OID45137,GRN,P28799,6,1.11,9.50,10.93,0.16,0.17,21.00,0.29,0.38,0.29,-2.20,2.09,0.00,0.95,FALSE,FALSE,0.61,0.60,0.61,prot.2402,0.23,seq.4992.49,0.69,
GRPEL1_43783,OID43783,GRPEL1,Q9HAV7,4,0.00,5.57,15.50,0.45,0.21,22.00,0.38,0.67,0.31,-1.81,4.30,0.01,0.99,FALSE,FALSE,0.26,0.26,0.26,prot.5548,0.19,seq.7113.1,0.29,
GRP_43782,OID43782,GRP,P07492,4,0.00,0.07,17.21,0.38,0.24,22.00,0.32,0.53,0.31,-2.19,2.71,0.00,0.99,TRUE,FALSE,0.22,0.20,0.23,,,seq.8400.74,-0.05,
GRSF1_42538,OID42538,GRSF1,Q12849,3,0.00,13.64,40.38,2.22,0.48,22.00,2.59,0.72,2.58,-1.02,6.63,0.00,1.00,FALSE,FALSE,0.50,0.49,0.51,prot.3338,0.39,seq.34976.65,0.54,
GSAP_42539,OID42539,GSAP,A4D1B5,3,0.00,62.35,77.79,-4.94,2.39,22.00,-3.50,2.67,-3.16,-9.95,6.08,0.01,0.00,FALSE,FALSE,0.05,0.05,0.05,prot.518,0.08,,,
GSDMA_41268,OID41268,GSDMA,Q96QA5,2,0.14,94.84,50.92,-0.46,1.69,22.00,-0.45,1.59,-0.19,-7.36,4.15,0.00,0.69,FALSE,FALSE,0.00,0.00,0.01,prot.5053,-0.02,,,
GSDMD_40277,OID40277,GSDMD,P57764,1,0.00,46.83,33.63,-0.28,0.40,22.00,0.49,0.80,0.52,-3.05,3.43,0.01,0.77,TRUE,TRUE,0.36,0.35,0.36,prot.2962,0.51,seq.33035.21,0.11,
GSG1L_40278,OID40278,GSG1L,Q6UXU4,1,0.00,96.31,86.36,-0.05,1.57,22.00,-0.48,2.02,-0.10,-7.54,9.10,0.06,0.35,FALSE,FALSE,0.02,0.02,0.02,,,,,
GSN_45367,OID45367,GSN,P06396,7,0.07,0.00,7.86,0.22,0.11,22.00,0.11,0.25,0.12,-1.40,2.28,0.00,0.99,FALSE,FALSE,0.57,0.57,0.57,prot.1827,0.32,seq.4775.34,0.60,
GSN_AS1_41269,OID41269,GSN-AS1,Q9NRJ2,2,0.14,58.61,38.36,-2.66,0.60,22.00,-1.69,1.30,-1.97,-4.87,4.51,0.00,1.00,FALSE,FALSE,0.03,0.03,0.03,,,,,
GSPT1_41270,OID41270,GSPT1,P15170,2,0.14,86.13,66.56,-0.74,1.33,22.00,-0.67,1.66,-0.45,-7.77,7.38,0.00,0.78,FALSE,FALSE,0.04,0.04,0.04,prot.2116,0.09,,,
GSR_45368,OID45368,GSR,P00390,7,0.07,0.00,8.08,0.81,0.12,22.00,0.71,0.28,0.69,-1.57,4.28,0.00,0.67,FALSE,FALSE,0.50,0.50,0.51,prot.1619,0.16,seq.19273.3,0.47,
GSTA1_44696,OID44696,GSTA1,P08263,5,0.07,0.00,12.51,0.26,0.16,22.00,0.00,1.19,-0.01,-3.16,4.52,0.00,0.81,TRUE,FALSE,0.73,0.73,0.74,,,seq.12446.49,0.91,
GSTA3_42540,OID42540,GSTA3,Q16772,3,0.00,37.09,16.84,0.27,0.25,22.00,0.40,0.96,0.28,-1.88,5.25,0.00,1.00,TRUE,FALSE,0.21,0.20,0.22,,,seq.4993.16,0.08,
GSTM4_42541,OID42541,GSTM4,Q03013,3,0.00,70.01,56.48,-3.79,1.20,22.00,-3.21,2.51,-3.15,-10.17,7.53,0.01,0.02,FALSE,FALSE,0.05,0.04,0.05,,,seq.18895.54,0.02,
GSTP1_42542,OID42542,GSTP1,P09211,3,0.00,83.92,73.01,-0.19,1.31,22.00,-0.18,1.57,0.00,-8.17,6.65,0.03,0.99,FALSE,FALSE,0.05,0.05,0.05,prot.1927,0.05,seq.4911.49,0.03,
GSTT2B_43784,OID43784,GSTT2B,P0CG30,4,0.00,0.49,10.69,2.06,0.16,22.00,1.07,2.23,1.09,-5.56,5.96,0.00,0.00,TRUE,FALSE,0.33,0.32,0.34,,,seq.11273.176,0.13,
GTF2F1_42543,OID42543,GTF2F1,P35269,3,0.00,85.73,22.14,-0.03,0.32,22.00,0.05,0.51,0.00,-1.23,5.10,0.02,0.85,FALSE,FALSE,0.04,0.04,0.04,,,seq.28483.17,-0.04,
GTF2IRD1_42544,OID42544,GTF2IRD1,Q9UHL9,3,0.00,79.89,32.77,0.23,0.48,22.00,0.14,0.57,0.12,-2.24,4.43,0.01,0.99,FALSE,FALSE,0.04,0.04,0.05,,,seq.29943.14,0.01,
GTF2IRD2_41271,OID41271,GTF2IRD2,Q86UP8,2,0.14,87.80,114.17,-2.27,2.48,22.00,-1.51,2.40,-0.94,-7.38,5.12,0.00,0.00,FALSE,FALSE,0.01,0.01,0.01,,,,,
GTF3C2_41272,OID41272,GTF3C2,Q8WUA4,2,0.14,57.28,25.03,-0.05,0.38,22.00,0.12,0.84,-0.02,-1.77,6.56,0.00,1.00,FALSE,FALSE,0.06,0.06,0.07,,,seq.34342.31,0.06,
GTPBP2_42545,OID42545,GTPBP2,Q9BX10,3,0.00,46.00,44.98,3.72,0.65,22.00,4.21,1.09,4.22,-5.45,8.45,0.01,0.99,FALSE,FALSE,0.43,0.42,0.43,prot.5287,0.49,,,
GTPBP3_40279,OID40279,GTPBP3,Q969Y2,1,0.00,76.55,80.58,-3.06,2.72,22.00,-1.90,2.27,-1.57,-9.02,6.27,0.05,0.37,FALSE,FALSE,0.02,0.02,0.02,,,seq.29687.24,0.01,
GTSF1L_40280,OID40280,GTSF1L,Q9H1H1,1,0.00,76.48,108.82,-1.34,1.55,22.00,-1.01,2.75,-0.60,-7.79,6.86,0.01,0.00,FALSE,FALSE,0.01,0.01,0.02,,,,,
GUCA1A_41273,OID41273,GUCA1A,P43080,2,0.14,85.85,75.31,-0.12,1.65,22.00,0.23,1.86,0.54,-7.19,5.47,0.00,0.75,FALSE,FALSE,0.02,0.01,0.02,,,seq.10008.43,-0.02,
GUCA1C_41274,OID41274,GUCA1C,O95843,2,0.14,82.65,44.95,-1.96,0.61,22.00,-2.80,1.62,-2.73,-9.82,7.88,0.00,0.98,FALSE,FALSE,0.04,0.04,0.04,,,seq.29342.4,0.02,
GUCA2A_45138,OID45138,GUCA2A,Q02747,6,1.11,1.97,7.43,0.82,0.11,21.00,0.65,0.46,0.64,-1.20,4.42,0.00,1.00,FALSE,FALSE,0.42,0.41,0.44,prot.3219,0.18,,,
GUCY2C_42546,OID42546,GUCY2C,P25092,3,0.00,46.07,40.12,0.34,0.56,22.00,-0.33,2.39,-0.22,-7.95,8.19,0.03,0.07,FALSE,FALSE,0.03,0.03,0.04,,,seq.34642.60,0.00,
GUF1_41275,OID41275,GUF1,Q8N442,2,0.14,70.03,23.63,0.29,0.35,22.00,0.30,0.92,0.17,-2.37,7.00,0.00,1.00,FALSE,FALSE,0.08,0.08,0.08,prot.4417,0.10,,,
GUK1_42547,OID42547,GUK1,Q16774,3,0.00,62.49,190.87,-0.80,3.68,22.00,-0.17,3.57,-0.03,-6.21,12.41,0.00,0.00,FALSE,FALSE,0.05,0.05,0.05,prot.3714,0.03,seq.17325.10,0.01,
GUSB_45139,OID45139,GUSB,P08236,6,1.11,9.85,12.44,-0.12,0.17,21.00,0.46,0.80,0.41,-1.78,3.43,0.00,0.98,FALSE,FALSE,0.72,0.71,0.73,prot.1889,0.16,seq.15562.24,0.94,
GVQW3_41276,OID41276,GVQW3,Q3ZCU0,2,0.14,78.89,48.34,-0.41,0.83,22.00,-0.11,1.08,-0.11,-7.17,7.84,0.00,1.00,FALSE,FALSE,0.02,0.02,0.02,,,seq.35007.14,0.05,
GYPA_40281,OID40281,GYPA,P02724,1,0.00,80.10,178.68,-1.21,3.00,22.00,-0.89,2.92,-0.17,-6.56,7.46,0.00,0.00,FALSE,FALSE,0.02,0.02,0.02,,,,,
GYS1_43785,OID43785,GYS1,P13807,4,0.00,0.21,24.97,2.03,0.36,22.00,1.71,0.85,1.74,-3.14,5.32,0.01,0.96,FALSE,FALSE,0.59,0.59,0.60,prot.2084,0.75,,,
GZMA_43786,OID43786,GZMA,P12544,4,0.00,1.32,28.95,0.39,0.34,22.00,1.05,0.44,1.05,-0.42,3.84,0.00,0.99,FALSE,FALSE,0.56,0.55,0.56,prot.8025,0.23,seq.3440.7,0.73,
GZMB_43787,OID43787,GZMB,P10144,4,0.00,38.83,13.91,1.03,0.22,22.00,0.97,0.50,0.93,-0.43,4.29,0.01,0.89,TRUE,TRUE,0.35,0.35,0.36,,,seq.14041.13,0.37,
GZMH_43788,OID43788,GZMH,P20718,4,0.00,1.88,22.53,-1.33,0.40,22.00,-0.29,0.76,-0.30,-2.76,4.48,0.00,0.99,FALSE,FALSE,0.20,0.20,0.21,prot.2236,-0.18,seq.3373.5,-0.03,
H1_1_42548,OID42548,H1-1,Q02539,3,0.00,19.07,12.84,-0.63,0.19,22.00,-0.05,0.75,-0.24,-1.39,5.54,0.05,0.99,FALSE,FALSE,0.15,0.14,0.15,,,seq.28522.4,0.10,
H1_6_41277,OID41277,H1-6,P22492,2,0.14,61.95,27.57,-1.88,0.47,22.00,-1.22,1.44,-1.50,-4.17,6.85,0.00,0.98,FALSE,FALSE,0.06,0.06,0.06,,,,,
H2AP_42549,OID42549,H2AP,O75409,3,0.00,83.51,43.59,2.69,0.54,22.00,-0.03,1.65,-0.09,-7.56,9.03,0.02,0.99,FALSE,FALSE,0.06,0.05,0.06,,,,,
HAAO_44697,OID44697,HAAO,P46952,5,0.07,10.38,9.06,0.20,0.13,22.00,0.29,0.58,0.26,-1.86,2.87,0.00,1.00,FALSE,FALSE,0.26,0.25,0.28,,,seq.5861.78,-0.11,
HABP2_45468,OID45468,HABP2,Q14520,8,0.84,2.67,13.07,0.18,0.18,22.00,0.07,0.39,0.07,-1.53,6.84,0.00,0.99,FALSE,FALSE,0.46,0.45,0.46,prot.3524,0.35,seq.20067.26,0.15,
HADH_42550,OID42550,HADH,Q16836,3,0.00,81.98,53.78,-0.82,1.63,22.00,-0.37,1.37,-0.30,-7.85,7.55,0.02,0.99,FALSE,FALSE,0.04,0.04,0.04,,,seq.17739.1,0.02,
HAGH_43789,OID43789,HAGH,Q16775,4,0.00,34.59,58.55,-0.98,0.55,22.00,-0.63,0.99,-0.72,-3.79,3.72,0.00,1.00,FALSE,FALSE,0.46,0.45,0.46,prot.3715,0.66,seq.19267.14,0.70,
HAND1_41278,OID41278,HAND1,O96004,2,0.14,86.83,28.99,-0.21,0.38,22.00,0.00,0.62,-0.07,-1.69,4.87,0.00,0.98,FALSE,FALSE,0.04,0.04,0.04,,,,,
HAO1_43790,OID43790,HAO1,Q9UJM8,4,0.00,0.21,20.65,1.06,0.27,22.00,0.40,1.65,0.39,-4.63,4.89,0.00,0.89,FALSE,FALSE,0.53,0.52,0.54,prot.7366,0.49,seq.17768.50,0.57,
HARS1_45140,OID45140,HARS1,P12081,6,1.11,11.68,15.48,0.87,0.23,21.00,1.07,0.46,1.08,-0.74,3.93,0.00,0.99,FALSE,FALSE,0.58,0.58,0.59,prot.2038,0.52,seq.17450.51,0.67,
HAUS6_41279,OID41279,HAUS6,Q7Z4H7,2,0.14,78.33,42.12,0.05,0.59,22.00,0.56,1.02,0.50,-3.58,6.49,0.00,0.99,TRUE,TRUE,0.26,0.25,0.27,prot.7672,0.42,,,
HAVCR1_43791,OID43791,HAVCR1,Q96D42,4,0.00,25.40,24.23,-0.03,0.30,22.00,0.40,0.94,0.30,-2.31,4.93,0.00,1.00,TRUE,FALSE,0.49,0.49,0.50,,,seq.9021.1,0.74,
HAVCR2_45141,OID45141,HAVCR2,Q8TDQ0,6,1.11,12.39,15.57,-0.42,0.22,21.00,0.14,0.46,0.13,-2.62,2.33,0.00,0.98,FALSE,FALSE,0.55,0.54,0.55,,,seq.5134.52,0.60,
HBEGF_43792,OID43792,HBEGF,Q99075,4,0.00,0.00,12.40,1.37,0.18,22.00,1.37,0.61,1.35,-0.60,3.58,0.00,1.00,FALSE,FALSE,0.63,0.61,0.64,prot.5100,0.28,seq.14094.29,0.86,
HBG2_41280,OID41280,HBG2,P69892,2,0.14,29.90,122.73,-1.29,2.34,22.00,-1.43,2.89,-0.78,-6.93,9.20,0.00,0.00,TRUE,FALSE,0.33,0.32,0.34,prot.7615,0.52,seq.19774.8,0.23,
HBQ1_43793,OID43793,HBQ1,P09105,4,0.00,14.68,70.84,1.05,0.62,22.00,1.19,0.89,1.08,-1.23,5.64,0.00,0.99,TRUE,FALSE,0.41,0.40,0.41,prot.1923,0.44,seq.18198.51,0.14,
HBS1L_42551,OID42551,HBS1L,Q9Y450,3,0.00,0.07,28.39,3.33,0.39,22.00,3.98,0.73,3.95,1.49,7.88,0.00,1.00,FALSE,FALSE,0.59,0.58,0.59,prot.6203,0.69,,,
HBZ_44698,OID44698,HBZ,P02008,5,0.07,31.69,18.75,-0.44,0.27,22.00,0.29,1.12,0.05,-1.63,5.43,0.00,0.48,TRUE,FALSE,0.58,0.58,0.60,prot.7243,0.19,seq.26273.24,0.80,
HCFC2_42552,OID42552,HCFC2,Q9Y5Z7,3,0.00,89.70,51.26,-1.56,0.84,22.00,-0.86,1.10,-0.84,-8.98,6.19,0.02,0.99,FALSE,FALSE,0.02,0.02,0.02,,,,,
HCG22_42553,OID42553,HCG22,E2RYF7,3,0.00,80.72,50.61,-0.20,0.91,22.00,-1.27,2.16,-0.99,-8.68,7.02,0.06,0.11,TRUE,FALSE,0.09,0.09,0.10,,,,,
HCLS1_43794,OID43794,HCLS1,P14317,4,0.00,41.75,16.44,0.86,0.24,22.00,1.31,0.64,1.32,-1.35,4.07,0.00,1.00,FALSE,FALSE,0.49,0.49,0.50,prot.2092,0.66,seq.21439.37,0.61,
HDAC5_40282,OID40282,HDAC5,Q9UQL6,1,0.00,57.55,38.56,1.15,0.54,22.00,1.36,0.86,1.34,-1.68,9.35,0.01,1.00,FALSE,FALSE,0.28,0.28,0.28,prot.6093,0.32,,,
HDAC6_41281,OID41281,HDAC6,Q9UBN7,2,0.14,37.21,206.29,1.26,2.09,22.00,1.86,1.95,1.76,-5.99,8.90,0.00,1.00,FALSE,FALSE,0.23,0.22,0.23,prot.5892,0.27,seq.25059.18,0.21,
HDAC8_42554,OID42554,HDAC8,Q9BY41,3,0.00,93.32,49.80,-0.10,0.69,22.00,0.00,0.93,-0.07,-3.20,5.11,0.02,0.99,FALSE,FALSE,0.05,0.05,0.06,,,seq.2859.69,0.01,
HDAC9_42555,OID42555,HDAC9,Q9UKV0,3,0.00,79.05,80.68,-1.49,2.20,22.00,-0.36,2.04,-0.35,-7.74,8.16,0.06,0.85,FALSE,FALSE,0.01,0.01,0.01,,,seq.32992.4,-0.02,
HDDC2_43795,OID43795,HDDC2,Q7Z4H3,4,0.00,86.78,68.93,0.12,1.05,22.00,0.23,0.95,0.32,-5.68,3.35,0.01,0.99,FALSE,FALSE,0.10,0.10,0.11,prot.4183,0.06,,,
HDDC3_41282,OID41282,HDDC3,Q8N4P3,2,0.14,65.37,42.42,-3.51,0.73,22.00,-2.94,1.06,-3.12,-5.43,4.11,0.00,0.99,FALSE,FALSE,0.08,0.08,0.08,prot.4423,0.09,,,
HDGFL1_40283,OID40283,HDGFL1,Q5TGJ6,1,0.00,81.91,30.55,-0.34,0.55,22.00,0.02,0.70,-0.01,-2.27,4.84,0.01,1.00,FALSE,FALSE,0.02,0.02,0.02,,,seq.18898.36,-0.01,
HDGFL2_43797,OID43797,HDGFL2,Q7Z4V5,4,0.00,9.74,19.86,0.79,0.29,22.00,1.13,0.57,1.11,-0.72,4.82,0.01,1.00,FALSE,FALSE,0.30,0.30,0.31,prot.4187,0.25,seq.4553.65,0.19,
HDGF_43796,OID43796,HDGF,P51858,4,0.00,4.24,24.89,0.53,0.33,22.00,1.34,0.89,1.22,-0.70,5.10,0.00,0.98,TRUE,TRUE,0.44,0.43,0.44,prot.2837,0.45,seq.16758.96,0.43,
HDX_41283,OID41283,HDX,Q7Z353,2,0.14,76.31,36.44,0.11,0.54,22.00,0.17,0.90,0.19,-7.38,4.34,0.00,0.97,FALSE,FALSE,0.03,0.03,0.04,,,,,
HEATR4_41284,OID41284,HEATR4,Q86WZ0,2,0.14,81.46,73.32,-1.41,1.74,22.00,-0.49,1.96,-0.28,-7.45,8.37,0.00,0.09,FALSE,FALSE,0.00,0.00,0.00,,,,,
HEBP1_42556,OID42556,HEBP1,Q9NRV9,3,0.00,97.77,55.45,-3.88,0.99,22.00,-3.80,1.52,-3.57,-11.46,0.11,0.02,0.99,FALSE,FALSE,0.03,0.03,0.04,prot.5675,-0.02,seq.18225.13,0.01,
HECA_41285,OID41285,HECA,Q9UBI9,2,0.14,61.25,40.20,-4.13,0.69,22.00,-2.98,1.28,-3.26,-6.10,6.44,0.00,0.99,FALSE,FALSE,0.04,0.04,0.04,,,,,
HECTD2_41286,OID41286,HECTD2,Q5U5R9,2,0.14,78.19,17.28,-0.61,0.26,22.00,-0.21,0.81,-0.36,-1.87,6.71,0.00,1.00,FALSE,FALSE,0.06,0.06,0.07,,,seq.26003.37,0.00,
HECW2_40284,OID40284,HECW2,Q9P2P5,1,0.00,69.80,271.99,-1.95,3.35,22.00,-0.24,3.61,0.01,-6.37,11.01,0.00,0.00,FALSE,FALSE,0.03,0.03,0.04,prot.225,0.04,seq.25126.19,0.05,
HEG1_44699,OID44699,HEG1,Q9ULI3,5,0.07,5.29,9.59,0.29,0.13,22.00,0.30,0.31,0.28,-0.72,1.92,0.00,1.00,FALSE,FALSE,0.46,0.46,0.47,prot.6035,0.49,,,
HELB_40285,OID40285,HELB,Q8NG08,1,0.00,70.91,32.61,-1.02,0.49,22.00,-0.73,0.83,-0.84,-2.57,5.57,0.03,1.00,FALSE,FALSE,0.04,0.04,0.05,prot.4541,,,,
HELZ2_41287,OID41287,HELZ2,Q9BYK8,2,0.14,67.39,64.69,-1.20,1.67,22.00,-0.08,1.25,-0.25,-7.77,7.60,0.00,0.99,FALSE,FALSE,0.03,0.03,0.04,prot.7850,0.01,,,
HEPACAM2_43798,OID43798,HEPACAM2,A8MVW5,4,0.00,11.34,24.44,-0.18,0.38,22.00,-0.03,0.64,0.01,-2.39,2.56,0.00,1.00,FALSE,FALSE,0.17,0.17,0.18,,,seq.6568.18,0.00,
HEPH_44700,OID44700,HEPH,Q9BQS7,5,0.07,11.21,11.66,-0.14,0.18,22.00,-0.27,0.33,-0.28,-1.71,1.59,0.00,1.00,FALSE,FALSE,0.32,0.32,0.32,prot.6800,0.17,seq.20127.102,0.00,
HERC2_41288,OID41288,HERC2,O95714,2,0.14,75.75,42.03,0.00,0.57,22.00,0.13,0.84,0.02,-2.81,7.65,0.00,0.96,FALSE,FALSE,0.06,0.06,0.06,prot.1566,0.05,,,
HERVK_113_GA113_42557,OID42557,HERVK-113_GA113,P62684,3,0.00,83.30,96.06,-0.76,1.81,22.00,0.15,1.49,0.14,-7.36,7.98,0.02,0.96,FALSE,FALSE,NA,NA,NA,,,,,
HERVK_113_VP113_41289,OID41289,HERVK-113_VP113,P63121,2,0.14,73.59,21.29,-0.39,0.33,22.00,-0.14,0.75,-0.25,-2.15,6.54,0.00,1.00,FALSE,FALSE,NA,NA,NA,,,,,
HES4_40286,OID40286,HES4,Q9HCC6,1,0.00,98.54,87.08,-0.16,1.12,22.00,-0.04,1.26,0.10,-7.68,3.57,0.02,0.96,FALSE,FALSE,0.03,0.02,0.03,,,,,
HES7_41290,OID41290,HES7,Q9BYE0,2,0.14,87.94,51.26,-0.05,0.65,22.00,0.08,0.85,0.08,-7.35,6.11,0.00,1.00,FALSE,FALSE,0.02,0.02,0.02,,,,,
HEXIM1_43799,OID43799,HEXIM1,O94992,4,0.00,19.62,24.62,1.11,0.36,22.00,1.47,0.57,1.45,-1.60,4.27,0.00,1.00,FALSE,FALSE,0.47,0.46,0.48,prot.1508,0.35,seq.15596.7,0.58,
HEY2_41291,OID41291,HEY2,Q9UBP5,2,0.14,91.50,30.51,-0.35,0.44,22.00,0.15,0.74,0.10,-2.46,4.01,0.00,0.99,FALSE,FALSE,0.03,0.03,0.03,,,,,
HFM1_42558,OID42558,HFM1,A2PYH4,3,0.00,86.57,82.61,0.14,1.15,22.00,0.22,1.50,0.29,-7.45,6.47,0.03,0.96,FALSE,FALSE,0.04,0.04,0.04,,,,,
HGFAC_45369,OID45369,HGFAC,Q04756,7,0.07,13.65,15.30,0.00,0.21,22.00,0.24,0.32,0.26,-1.91,1.16,0.00,1.00,TRUE,FALSE,0.55,0.55,0.55,prot.3240,0.02,seq.3617.80,0.61,
HGF_43800,OID43800,HGF,P14210,4,0.00,0.00,7.70,0.28,0.11,22.00,0.68,0.46,0.66,-0.56,3.53,0.00,0.96,FALSE,FALSE,0.56,0.54,0.56,prot.2091,0.40,seq.2681.23,0.63,
HGS_42559,OID42559,HGS,O14964,3,0.00,43.35,30.72,0.79,0.48,22.00,1.16,0.69,1.16,-1.41,4.86,0.00,0.99,FALSE,FALSE,0.25,0.25,0.26,,,seq.13644.30,0.23,
HHEX_43801,OID43801,HHEX,Q03014,4,0.00,50.87,20.41,-0.24,0.31,22.00,0.54,0.59,0.54,-1.62,3.61,0.00,0.99,FALSE,FALSE,0.22,0.22,0.23,,,seq.20425.12,0.18,
HHLA1_40287,OID40287,HHLA1,C9JL84,1,0.00,77.31,235.94,-0.69,3.43,22.00,-0.01,3.53,-0.02,-6.34,8.77,0.00,0.00,FALSE,FALSE,0.01,0.01,0.01,,,,,
HID1_41292,OID41292,HID1,Q8IV36,2,0.14,94.98,76.52,-0.82,1.32,22.00,-0.18,1.42,-0.19,-7.77,6.37,0.00,1.00,FALSE,FALSE,0.01,0.01,0.01,prot.8068,-0.87,seq.24488.8,-0.01,
HIF1A_42560,OID42560,HIF1A,Q16665,3,0.00,64.30,28.37,-0.73,0.46,22.00,-1.06,0.98,-1.23,-3.10,6.43,0.04,0.99,FALSE,FALSE,0.04,0.04,0.05,,,seq.13089.6,0.00,
HIP1R_43802,OID43802,HIP1R,O75146,4,0.00,47.74,48.72,-0.22,0.67,22.00,-0.01,0.82,0.01,-4.10,3.78,0.01,1.00,FALSE,FALSE,0.17,0.17,0.17,prot.6472,-0.02,seq.24960.48,0.14,
HIP1_42561,OID42561,HIP1,O00291,3,0.00,72.58,44.44,-0.14,0.62,22.00,0.09,0.60,0.08,-2.04,5.68,0.01,0.99,FALSE,FALSE,0.02,0.02,0.03,prot.7389,-0.04,seq.27069.6,-0.04,
HIPK2_42562,OID42562,HIPK2,Q9H2X6,3,0.00,72.16,46.85,-3.22,0.97,22.00,-1.85,1.41,-2.09,-6.87,5.70,0.02,1.00,FALSE,FALSE,0.06,0.06,0.06,,,,,
HIPK3_40288,OID40288,HIPK3,Q9H422,1,0.00,74.32,80.88,-1.17,1.97,22.00,-0.13,1.81,0.03,-7.61,7.40,0.04,0.71,FALSE,FALSE,0.01,0.01,0.01,,,seq.19329.31,-0.02,
HIPK4_40289,OID40289,HIPK4,Q8NE63,1,0.00,94.43,53.68,-0.59,2.16,22.00,-0.47,1.99,-0.10,-7.23,5.47,0.07,0.08,FALSE,FALSE,0.02,0.02,0.02,,,,,
HIVEP2_42563,OID42563,HIVEP2,P31629,3,0.00,80.65,93.39,1.11,1.83,22.00,0.41,1.55,0.41,-7.39,6.66,0.02,1.00,FALSE,FALSE,0.07,0.07,0.08,,,,,
HIVEP3_41293,OID41293,HIVEP3,Q5T1R4,2,0.14,56.38,42.33,-2.87,0.63,22.00,-1.43,1.51,-1.71,-5.97,6.13,0.00,1.00,FALSE,FALSE,0.06,0.06,0.06,,,,,
HJV_43803,OID43803,HJV,Q6ZVN8,4,0.00,21.85,13.75,0.08,0.21,22.00,0.20,0.39,0.21,-1.16,4.05,0.01,0.87,FALSE,FALSE,0.27,0.27,0.28,prot.4108,,seq.3332.57,0.24,
HK2_42564,OID42564,HK2,P52789,3,0.00,86.64,130.39,-0.76,2.18,22.00,-0.42,2.01,-0.08,-6.98,4.34,0.07,0.01,FALSE,FALSE,0.03,0.03,0.03,prot.6560,-0.01,seq.13130.150,0.01,
HLA_A_43804,OID43804,HLA-A,P04439,4,0.00,18.72,15.87,0.73,0.22,22.00,0.87,0.54,0.86,-1.02,3.14,0.00,0.99,FALSE,FALSE,0.24,0.23,0.24,prot.1773,0.06,seq.33559.56,0.01,
HLA_DRA_43805,OID43805,HLA-DRA,P01903,4,0.00,51.08,38.68,-0.06,0.47,22.00,0.46,0.70,0.48,-3.82,4.24,0.00,0.98,FALSE,FALSE,0.24,0.24,0.24,prot.1702,0.25,,,
HLA_E_43806,OID43806,HLA-E,P13747,4,0.00,88.17,43.79,0.23,0.55,22.00,0.28,0.78,0.25,-2.59,4.76,0.01,1.00,FALSE,FALSE,0.09,0.09,0.09,prot.2080,0.05,seq.25918.60,0.03,
HLF_41294,OID41294,HLF,Q16534,2,0.14,46.90,70.61,-3.97,2.28,22.00,-3.96,2.53,-3.26,-8.96,3.75,0.00,0.00,FALSE,FALSE,0.01,0.01,0.02,,,seq.21340.38,-0.01,
HMBOX1_42565,OID42565,HMBOX1,Q6NT76,3,0.00,68.06,33.82,0.51,0.50,22.00,0.55,0.54,0.56,-2.01,3.08,0.01,0.99,FALSE,FALSE,0.13,0.12,0.13,,,,,
HMBS_43807,OID43807,HMBS,P08397,4,0.00,3.69,30.82,1.20,0.32,22.00,1.27,0.61,1.23,-0.54,3.13,0.00,0.99,FALSE,FALSE,0.66,0.65,0.66,prot.1899,0.67,seq.11530.37,0.90,
HMCN2_44702,OID44702,HMCN2,Q8NDA2,5,0.07,0.70,10.65,-0.17,0.15,22.00,-0.58,0.54,-0.56,-2.83,1.12,0.00,0.99,TRUE,FALSE,0.48,0.46,0.49,,,,,
HMGCL_43808,OID43808,HMGCL,P35914,4,0.00,22.27,23.48,-0.14,0.34,22.00,0.17,0.63,0.18,-1.93,6.19,0.01,0.99,FALSE,FALSE,0.40,0.40,0.41,prot.2550,0.50,seq.24211.25,0.56,
HMGCS1_42566,OID42566,HMGCS1,Q01581,3,0.00,77.52,55.79,-0.17,0.71,22.00,0.19,1.07,0.10,-4.65,6.49,0.02,0.96,FALSE,FALSE,0.03,0.02,0.03,prot.7059,-0.04,seq.13496.19,-0.02,
HMGN2P46_41295,OID41295,HMGN2P46,Q86SG4,2,0.14,86.06,34.04,-0.71,0.58,22.00,-1.70,1.70,-1.84,-9.64,5.82,0.00,0.90,FALSE,FALSE,0.02,0.02,0.03,,,,,
HMMR_42567,OID42567,HMMR,O75330,3,0.00,79.26,63.69,0.80,1.00,22.00,-0.22,2.15,0.10,-7.47,6.28,0.04,0.04,FALSE,FALSE,0.03,0.03,0.03,,,seq.29200.56,0.02,
HMOX1_44703,OID44703,HMOX1,P09601,5,0.07,3.76,9.68,0.74,0.13,22.00,0.62,0.47,0.61,-1.52,3.79,0.00,0.99,FALSE,FALSE,0.64,0.64,0.64,prot.1944,0.24,seq.17398.55,0.81,
HMOX2_43809,OID43809,HMOX2,P30519,4,0.00,3.62,11.42,-0.36,0.16,22.00,0.00,0.46,-0.07,-1.09,5.07,0.02,1.00,FALSE,FALSE,0.24,0.23,0.25,prot.2449,0.19,seq.2622.18,0.12,
HNF1A_42568,OID42568,HNF1A,P20823,3,0.00,73.14,94.37,-1.10,2.32,22.00,-0.09,2.55,0.33,-6.57,11.43,0.01,0.00,FALSE,FALSE,0.02,0.02,0.02,,,seq.11193.27,0.02,
HNF4A_40290,OID40290,HNF4A,P41235,1,0.00,72.03,66.16,-0.13,1.84,22.00,0.36,1.67,0.57,-7.60,5.16,0.03,0.94,FALSE,FALSE,0.05,0.04,0.05,,,seq.10041.3,0.04,
HNMT_43810,OID43810,HNMT,P50135,4,0.00,0.97,6.14,0.33,0.09,22.00,0.28,0.58,0.26,-2.09,2.69,0.01,0.94,TRUE,TRUE,0.43,0.43,0.44,prot.7811,-0.10,seq.23178.95,0.40,
HNRNPA0_42569,OID42569,HNRNPA0,Q13151,3,0.00,34.24,10.90,3.10,0.15,22.00,-0.37,1.07,-0.61,-2.42,6.97,0.03,1.00,FALSE,FALSE,0.24,0.24,0.25,prot.3379,0.28,seq.24697.48,0.26,
HNRNPK_41296,OID41296,HNRNPK,P61978,2,0.14,68.78,52.42,0.63,0.86,22.00,1.12,1.09,1.12,-3.74,5.72,0.00,0.99,FALSE,FALSE,0.28,0.28,0.29,prot.3028,0.47,seq.19333.4,0.43,
HNRNPUL1_43811,OID43811,HNRNPUL1,Q9BUJ2,4,0.00,8.14,15.64,-0.32,0.21,22.00,-0.06,0.51,-0.10,-1.35,3.67,0.01,0.54,FALSE,FALSE,0.31,0.31,0.32,prot.80,0.36,,,
HOATZ_41297,OID41297,HOATZ,Q6PI97,2,0.14,79.09,46.71,-1.51,0.84,22.00,-1.05,1.34,-1.08,-8.54,4.54,0.00,0.70,FALSE,FALSE,0.00,0.00,0.00,,,seq.29188.18,-0.04,
HOMER1_42570,OID42570,HOMER1,Q86YM7,3,0.00,69.31,55.76,-0.13,0.89,22.00,0.19,0.96,0.17,-3.46,7.33,0.01,0.99,FALSE,FALSE,0.03,0.03,0.03,,,seq.22980.37,0.00,
HOMER2_44704,OID44704,HOMER2,Q9NSB8,5,0.07,0.97,23.18,2.95,0.31,22.00,2.61,0.85,2.63,-0.38,7.56,0.00,0.82,FALSE,FALSE,0.68,0.67,0.68,prot.5693,0.62,seq.12685.57,0.81,
HOMER3_43812,OID43812,HOMER3,Q9NSC5,4,0.00,17.54,18.89,-0.37,0.27,22.00,0.11,0.80,-0.02,-1.67,4.59,0.02,1.00,FALSE,FALSE,0.19,0.18,0.19,,,seq.21799.15,0.09,
HOOK1_40291,OID40291,HOOK1,Q9UJC3,1,0.00,82.95,59.86,-0.26,0.72,22.00,0.08,0.76,0.04,-2.39,4.36,0.01,1.00,FALSE,FALSE,0.02,0.02,0.03,prot.7380,0.00,seq.29968.189,0.00,
HOOK2_43813,OID43813,HOOK2,Q96ED9,4,0.00,55.32,25.92,-0.15,0.38,22.00,-0.11,0.53,-0.12,-1.60,3.08,0.00,0.99,TRUE,TRUE,0.13,0.13,0.14,,,seq.31131.3,0.06,
HOXA2_41298,OID41298,HOXA2,O43364,2,0.14,87.53,65.35,-1.86,1.12,22.00,-3.02,2.69,-2.30,-8.11,7.51,0.00,0.00,FALSE,FALSE,0.00,0.00,0.00,,,,,
HOXB3_41299,OID41299,HOXB3,P14651,2,0.14,83.83,97.87,-2.52,2.41,22.00,-2.35,2.61,-1.71,-7.71,6.37,0.00,0.00,FALSE,FALSE,0.00,0.00,0.00,,,,,
HOXB4_41300,OID41300,HOXB4,P17483,2,0.14,93.10,50.70,-0.37,1.39,22.00,0.17,1.48,0.28,-6.83,6.66,0.00,0.95,FALSE,FALSE,0.00,0.00,0.01,,,seq.34757.64,-0.01,
HOXD8_41301,OID41301,HOXD8,P13378,2,0.14,69.48,62.08,-0.96,1.00,22.00,-0.34,1.23,-0.35,-7.47,5.66,0.00,0.99,FALSE,FALSE,0.01,0.01,0.02,,,,,
HOXD9_41302,OID41302,HOXD9,P28356,2,0.14,61.05,80.35,-1.24,2.31,22.00,-0.15,2.30,0.28,-6.87,7.61,0.00,0.00,FALSE,FALSE,0.01,0.01,0.01,,,,,
HPCAL1_43814,OID43814,HPCAL1,P37235,4,0.00,29.85,16.74,1.97,0.24,22.00,2.70,0.62,2.70,-0.14,5.51,0.01,1.00,TRUE,FALSE,0.54,0.54,0.55,prot.2571,0.64,seq.17791.25,0.22,
HPCAL4_42571,OID42571,HPCAL4,Q9UM19,3,0.00,49.13,19.59,1.11,0.28,22.00,0.33,0.52,0.30,-1.39,4.36,0.01,0.98,TRUE,FALSE,0.17,0.16,0.19,,,seq.25837.20,0.08,
HPD_45142,OID45142,HPD,P32754,6,1.11,2.18,9.89,-0.11,0.15,21.00,-0.34,1.07,-0.40,-3.88,3.63,0.00,1.00,FALSE,FALSE,0.37,0.36,0.37,,,seq.17509.6,0.13,
HPGDS_42572,OID42572,HPGDS,O60760,3,0.00,69.31,27.39,0.87,0.38,22.00,0.34,0.74,0.37,-2.57,4.07,0.01,0.96,TRUE,FALSE,0.34,0.34,0.35,prot.7632,0.06,seq.12549.33,0.47,
HPS5_40292,OID40292,HPS5,Q9UPZ3,1,0.00,80.45,105.95,-3.92,3.12,22.00,-3.45,2.72,-2.32,-8.57,2.23,0.00,0.00,FALSE,FALSE,0.01,0.01,0.01,prot.7703,,seq.30793.9,-0.01,
HPSE_45143,OID45143,HPSE,Q9Y251,6,1.11,2.89,18.96,3.21,0.26,21.00,3.55,0.83,3.56,-4.22,8.05,0.00,0.97,FALSE,FALSE,0.71,0.70,0.72,prot.6107,0.81,seq.5604.30,0.63,
HRAS_42573,OID42573,HRAS,P01112,3,0.00,77.24,45.96,-1.98,1.03,22.00,-1.56,1.11,-1.66,-5.13,7.56,0.01,1.00,FALSE,FALSE,0.05,0.04,0.05,prot.6958,0.00,seq.18900.37,0.02,
HRC_43815,OID43815,HRC,P23327,4,0.00,11.41,8.59,-0.37,0.12,22.00,-0.32,0.43,-0.36,-2.66,3.73,0.01,0.98,FALSE,FALSE,0.37,0.36,0.38,prot.994,0.48,seq.6584.1,0.05,
HRG_45469,OID45469,HRG,P04196,8,0.84,0.07,10.69,0.95,0.15,22.00,0.54,0.42,0.57,-6.69,1.69,0.00,0.96,TRUE,FALSE,0.59,0.58,0.59,prot.1761,0.24,seq.4996.66,0.62,
HRH1_41303,OID41303,HRH1,P35367,2,0.14,37.14,20.13,-0.43,0.28,22.00,0.15,0.65,0.03,-1.75,4.42,0.00,1.00,FALSE,FALSE,0.19,0.18,0.20,,,,,
HS1BP3_43816,OID43816,HS1BP3,Q53T59,4,0.00,33.89,22.80,1.52,0.35,22.00,1.65,0.61,1.63,-1.32,5.05,0.00,1.00,FALSE,FALSE,0.45,0.44,0.45,prot.3790,0.47,,,
HS3ST3B1_43817,OID43817,HS3ST3B1,Q9Y662,4,0.00,8.28,10.78,0.75,0.16,22.00,0.88,0.37,0.87,-0.71,3.47,0.00,0.99,TRUE,FALSE,0.47,0.47,0.47,prot.6280,0.57,seq.6986.17,0.25,
HS6ST1_43818,OID43818,HS6ST1,O60243,4,0.00,25.19,13.27,0.42,0.18,22.00,0.73,0.43,0.71,-0.89,6.48,0.00,0.37,FALSE,FALSE,0.37,0.37,0.38,prot.1295,0.22,seq.5465.32,0.44,
HS6ST2_42575,OID42575,HS6ST2,Q96MM7,3,0.00,38.34,27.55,0.06,0.38,22.00,0.69,0.59,0.67,-1.33,3.25,0.00,1.00,TRUE,FALSE,0.15,0.15,0.16,,,seq.13524.25,0.08,
HSBP1_43819,OID43819,HSBP1,O75506,4,0.00,34.86,21.10,0.85,0.31,22.00,1.45,0.80,1.42,-1.51,4.33,0.00,0.99,TRUE,FALSE,0.40,0.40,0.41,,,,,
HSD11B1_43820,OID43820,HSD11B1,P28845,4,0.00,0.90,8.49,0.27,0.12,22.00,-0.15,0.45,-0.15,-2.08,2.26,0.00,0.99,FALSE,FALSE,0.48,0.47,0.48,,,seq.21967.20,0.62,
HSD17B12_40293,OID40293,HSD17B12,Q53GQ0,1,0.00,75.09,149.40,1.53,2.15,22.00,1.39,2.29,0.15,-1.45,7.90,0.27,0.00,FALSE,FALSE,0.07,0.07,0.07,prot.3783,0.08,,,
HSD17B14_43821,OID43821,HSD17B14,Q9BPX1,4,0.00,6.26,10.00,2.84,0.15,22.00,0.91,0.87,0.92,-2.51,4.59,0.00,0.93,TRUE,TRUE,0.32,0.31,0.32,,,seq.13972.4,0.12,
HSD17B2_40294,OID40294,HSD17B2,P37059,1,0.00,99.03,61.64,1.06,0.86,22.00,1.10,1.04,1.22,-6.94,7.34,0.01,0.99,FALSE,FALSE,0.08,0.07,0.08,prot.7769,-0.06,seq.34603.170,-0.01,
HSD17B3_42576,OID42576,HSD17B3,P37058,3,0.00,81.07,114.46,-2.01,2.75,22.00,-1.06,3.03,-0.40,-6.72,8.14,0.00,0.00,FALSE,FALSE,0.02,0.01,0.02,,,,,
HSDL2_43822,OID43822,HSDL2,Q6YN16,4,0.00,17.40,30.55,-0.63,0.44,22.00,0.02,0.59,0.00,-2.67,3.73,0.00,0.96,TRUE,FALSE,0.42,0.42,0.42,prot.4081,0.04,seq.23588.9,0.56,
HSF2BP_41304,OID41304,HSF2BP,O75031,2,0.14,82.65,41.64,-0.18,0.67,22.00,-0.09,0.87,-0.12,-8.23,5.55,0.00,1.00,FALSE,FALSE,0.02,0.02,0.02,prot.6469,-0.03,seq.19139.3,0.00,
HSFX1_HSFX2_40295,OID40295,HSFX1_HSFX2,Q9UBD0,1,0.00,88.66,381.05,-1.36,3.09,22.00,0.00,2.55,0.24,-7.23,8.62,0.03,0.00,FALSE,FALSE,0.02,0.01,0.02,,,,,
HSH2D_41305,OID41305,HSH2D,Q96JZ2,2,0.14,67.46,61.00,-1.08,1.39,22.00,-0.40,1.83,-0.28,-7.68,7.23,0.00,0.91,FALSE,FALSE,0.03,0.03,0.04,,,seq.23531.79,0.04,
HSP90AB4P_41306,OID41306,HSP90AB4P,Q58FF6,2,0.14,84.88,153.45,-4.02,2.19,22.00,-1.86,2.64,-1.10,-6.65,5.45,0.00,0.00,FALSE,FALSE,0.02,0.01,0.02,,,seq.32072.7,0.03,
HSP90B1_42577,OID42577,HSP90B1,P14625,3,0.00,81.14,57.54,-0.61,0.88,22.00,-0.32,1.43,-0.40,-8.75,8.20,0.01,1.00,FALSE,FALSE,0.03,0.03,0.03,prot.2101,-0.02,seq.6393.63,0.02,
HSPA12A_40296,OID40296,HSPA12A,O43301,1,0.00,71.75,57.54,-2.49,1.69,22.00,-1.58,1.80,-1.42,-9.52,5.21,0.03,0.91,FALSE,FALSE,0.04,0.04,0.05,,,seq.25267.10,0.01,
HSPA13_43823,OID43823,HSPA13,P48723,4,0.00,0.00,7.06,0.22,0.10,22.00,0.19,0.38,0.24,-2.50,1.49,0.03,0.99,FALSE,FALSE,0.33,0.33,0.34,prot.2706,0.04,seq.17515.6,0.37,
HSPA1A_44705,OID44705,HSPA1A,P0DMV8,5,0.07,75.07,64.52,0.67,0.91,22.00,0.91,0.84,0.94,-3.77,5.13,0.00,0.99,FALSE,FALSE,0.20,0.20,0.21,,,seq.4124.24,0.17,
HSPA2_43824,OID43824,HSPA2,P54652,4,0.00,55.46,26.66,0.65,0.56,22.00,0.56,0.80,0.51,-2.10,5.49,0.01,0.98,FALSE,FALSE,0.18,0.18,0.19,prot.2892,0.14,seq.22043.174,0.09,
HSPA4L_40297,OID40297,HSPA4L,O95757,1,0.00,66.11,43.84,-3.12,0.62,22.00,-2.22,1.64,-2.51,-11.50,6.47,0.02,0.95,FALSE,FALSE,0.05,0.04,0.05,prot.1571,0.04,,,
HSPB1_45144,OID45144,HSPB1,P04792,6,1.11,4.22,16.71,2.55,0.26,21.00,3.24,0.86,3.29,-1.23,6.46,0.00,0.98,TRUE,FALSE,0.72,0.71,0.72,prot.338,0.78,seq.11103.24,0.81,
HSPB6_43825,OID43825,HSPB6,O14558,4,0.00,5.36,8.13,0.61,0.12,22.00,0.40,0.54,0.36,-1.32,3.36,0.00,0.99,FALSE,FALSE,0.58,0.56,0.58,prot.6444,0.19,seq.19127.1,0.84,
HSPBAP1_41308,OID41308,HSPBAP1,Q96EW2,2,0.14,70.38,28.69,0.27,0.41,22.00,0.51,0.63,0.44,-1.20,6.94,0.00,0.99,FALSE,FALSE,0.09,0.08,0.09,,,seq.31307.170,0.10,
HSPG2_45370,OID45370,HSPG2,P98160,7,0.07,0.00,6.93,0.14,0.10,22.00,0.27,0.32,0.24,-0.91,2.48,0.00,1.00,FALSE,FALSE,0.40,0.39,0.40,prot.3165,0.24,seq.15626.223,0.19,
HTD2_43826,OID43826,HTD2,P86397,4,0.00,8.84,31.31,2.49,0.45,22.00,3.21,0.87,3.22,-0.64,7.63,0.01,0.99,FALSE,FALSE,0.54,0.53,0.54,,,seq.34923.29,0.55,
HTR1A_42578,OID42578,HTR1A,P08908,3,0.00,39.39,41.49,-0.95,0.47,22.00,0.23,1.45,-0.03,-3.09,7.57,0.02,1.00,FALSE,FALSE,0.12,0.12,0.13,,,,,
HTR1B_42579,OID42579,HTR1B,P28222,3,0.00,82.53,148.45,-1.32,2.72,22.00,-1.07,2.82,-0.29,-6.96,8.22,0.00,0.00,FALSE,FALSE,0.03,0.03,0.03,,,,,
HTR2A_41309,OID41309,HTR2A,P28223,2,0.14,82.65,67.48,-0.74,1.15,22.00,-0.60,1.63,-0.49,-8.02,7.62,0.00,0.99,FALSE,FALSE,0.02,0.02,0.02,,,seq.13556.28,0.02,
HTRA2_44706,OID44706,HTRA2,O43464,5,0.07,0.07,13.52,0.99,0.19,22.00,1.06,0.47,1.03,-0.68,4.60,0.00,1.00,FALSE,FALSE,0.58,0.57,0.59,prot.1240,0.54,seq.3317.33,0.64,
HUNK_41310,OID41310,HUNK,P57058,2,0.14,80.00,60.40,-2.83,1.45,22.00,-1.78,1.36,-1.87,-8.26,3.78,0.00,0.99,FALSE,FALSE,0.02,0.02,0.03,,,,,
HYAL1_45371,OID45371,HYAL1,Q12794,7,0.07,0.00,7.33,0.46,0.11,22.00,0.30,0.27,0.31,-0.77,1.75,0.00,0.99,TRUE,FALSE,0.56,0.56,0.56,prot.3330,0.26,seq.8309.12,0.55,
HYDIN_41311,OID41311,HYDIN,Q4G0P3,2,0.14,76.72,43.70,-1.47,0.57,22.00,-0.41,1.49,-0.61,-7.84,9.04,0.00,1.00,FALSE,FALSE,0.02,0.01,0.02,prot.3764,-0.04,,,
HYLS1_40298,OID40298,HYLS1,Q96M11,1,0.00,64.51,40.07,-2.00,0.65,22.00,-1.04,1.14,-1.13,-5.39,6.19,0.02,0.97,FALSE,FALSE,0.03,0.03,0.03,,,seq.29950.57,-0.05,
HYOU1_45145,OID45145,HYOU1,Q9Y4L1,6,1.11,1.97,5.54,0.04,0.08,21.00,0.25,0.25,0.23,-0.48,1.44,0.00,1.00,FALSE,FALSE,0.43,0.42,0.43,prot.6219,0.13,seq.21497.32,0.39,
IAH1_44707,OID44707,IAH1,Q2TAA2,5,0.07,0.00,17.75,1.69,0.21,22.00,1.94,0.52,1.93,0.24,4.93,0.00,0.99,FALSE,FALSE,0.39,0.39,0.39,prot.3733,0.15,,,1
ICA1L_41312,OID41312,ICA1L,Q8NDH6,2,0.14,61.46,138.17,0.19,0.79,22.00,0.30,0.59,0.21,-1.12,5.70,0.00,0.83,FALSE,FALSE,0.05,0.05,0.06,,,,,
ICA1_42580,OID42580,ICA1,Q05084,3,0.00,31.94,26.52,0.94,0.40,22.00,1.32,0.65,1.35,-1.20,4.88,0.00,1.00,FALSE,FALSE,0.23,0.22,0.24,prot.3250,0.14,seq.21975.22,0.04,
ICAM1_45372,OID45372,ICAM1,P05362,7,0.07,0.00,11.37,-0.09,0.16,22.00,0.28,0.35,0.27,-0.98,1.89,0.00,0.91,TRUE,TRUE,0.40,0.39,0.41,prot.1805,0.21,seq.4342.10,-0.15,
ICAM2_45146,OID45146,ICAM2,P13598,6,1.11,2.11,11.16,-0.53,0.16,21.00,0.17,0.45,0.22,-6.01,1.19,0.00,0.99,FALSE,FALSE,0.48,0.48,0.48,,,seq.14756.29,0.42,
ICAM3_45147,OID45147,ICAM3,P32942,6,1.11,6.62,8.29,-0.37,0.12,21.00,0.24,0.34,0.23,-1.16,2.00,0.00,0.98,TRUE,TRUE,0.41,0.40,0.41,prot.2494,0.22,seq.2649.77,0.06,
ICAM4_43827,OID43827,ICAM4,Q14773,4,0.00,10.09,10.78,-1.23,0.16,22.00,-0.19,0.56,-0.18,-1.95,2.68,0.00,0.99,FALSE,FALSE,0.56,0.56,0.57,prot.7075,0.27,seq.9461.2,0.82,
ICAM5_44708,OID44708,ICAM5,Q9UMF0,5,0.07,16.09,12.23,0.07,0.18,22.00,0.33,0.48,0.35,-1.13,2.23,0.00,0.97,TRUE,TRUE,0.61,0.60,0.62,prot.6905,0.06,seq.5124.69,0.80,
ICOSLG_43828,OID43828,ICOSLG,O75144,4,0.00,10.16,9.14,-0.25,0.13,22.00,-0.14,0.26,-0.13,-1.48,3.11,0.00,0.64,FALSE,FALSE,0.25,0.23,0.25,,,seq.9303.9,0.14,
ID2_40299,OID40299,ID2,Q02363,1,0.00,93.46,63.57,-3.08,2.13,22.00,-1.82,1.75,-1.68,-9.76,5.60,0.04,0.98,FALSE,FALSE,0.08,0.07,0.08,,,seq.15403.53,0.09,
ID4_42581,OID42581,ID4,P47928,3,0.00,69.45,30.38,-0.53,0.46,22.00,-0.61,0.83,-0.64,-4.35,7.90,0.02,1.00,FALSE,FALSE,0.05,0.04,0.05,,,seq.28466.2,0.07,
IDI2_42582,OID42582,IDI2,Q9BXS1,3,0.00,66.74,35.37,0.14,0.53,22.00,0.22,0.91,0.20,-3.69,6.80,0.01,1.00,TRUE,FALSE,0.22,0.21,0.22,,,seq.17832.12,0.26,
IDO1_43829,OID43829,IDO1,P14902,4,0.00,16.56,7.97,1.10,0.11,22.00,1.13,0.66,1.12,-2.30,4.61,0.01,1.00,TRUE,FALSE,0.37,0.36,0.37,,,seq.9759.13,0.27,
IDS_43830,OID43830,IDS,P22304,4,0.00,1.18,7.73,0.09,0.11,22.00,0.10,0.15,0.10,-0.92,1.05,0.01,0.99,FALSE,FALSE,0.31,0.31,0.32,prot.2277,0.16,seq.3198.4,0.17,
IDUA_43831,OID43831,IDUA,P35475,4,0.00,0.00,9.21,0.58,0.14,22.00,0.14,0.45,0.18,-1.70,1.24,0.00,0.91,TRUE,FALSE,0.67,0.66,0.67,prot.2532,0.71,seq.3169.70,0.88,
IER2_40300,OID40300,IER2,Q9BTL4,1,0.00,92.35,85.27,-0.61,1.65,22.00,-0.20,1.69,0.04,-7.68,5.15,0.04,0.99,FALSE,FALSE,0.01,0.01,0.01,,,seq.22377.27,-0.01,
IFI30_43832,OID43832,IFI30,P13284,4,0.00,54.63,15.91,-0.50,0.23,22.00,-0.37,0.52,-0.40,-2.95,2.63,0.01,1.00,TRUE,FALSE,0.33,0.32,0.33,prot.6520,,,,
IFIH1_41313,OID41313,IFIH1,Q9BYX4,2,0.14,61.05,135.03,0.88,1.68,22.00,1.09,1.93,1.38,-6.52,6.66,0.00,0.48,FALSE,FALSE,0.08,0.07,0.08,,,seq.20195.13,0.02,
IFIT1_42583,OID42583,IFIT1,P09914,3,0.00,73.56,309.97,-0.31,1.97,22.00,0.53,2.11,0.39,-6.76,9.75,0.08,0.90,FALSE,FALSE,0.07,0.07,0.07,prot.1955,0.10,seq.30003.16,0.07,
IFIT3_42584,OID42584,IFIT3,O14879,3,0.00,65.62,68.37,1.16,1.07,22.00,1.56,1.23,1.55,-6.33,6.50,0.01,1.00,FALSE,FALSE,0.27,0.27,0.28,prot.396,0.23,seq.13642.90,0.31,
IFNA1_IFNA13_41314,OID41314,IFNA1_IFNA13,P01562,2,0.14,76.93,44.27,-0.12,0.61,22.00,0.20,1.09,0.16,-3.32,10.29,0.00,0.99,FALSE,FALSE,0.05,0.05,0.05,,,seq.18389.11,0.04,
IFNA2_40301,OID40301,IFNA2,P01563,1,0.00,91.72,31.28,0.14,0.38,22.00,0.41,1.24,0.08,-0.76,10.71,0.07,0.29,FALSE,FALSE,0.08,0.08,0.09,,,seq.3497.13,-0.04,
IFNAR1_43833,OID43833,IFNAR1,P17181,4,0.00,18.02,11.12,0.30,0.17,22.00,0.32,0.30,0.30,-0.81,2.46,0.01,0.99,TRUE,FALSE,0.24,0.24,0.25,,,seq.9183.7,0.16,
IFNAR2_45148,OID45148,IFNAR2,P48551,6,1.11,1.97,6.54,0.00,0.10,21.00,0.25,0.40,0.24,-2.08,2.63,0.00,0.92,TRUE,FALSE,0.55,0.54,0.56,,,,,
IFNB1_40302,OID40302,IFNB1,P01574,1,0.00,91.86,298.74,-0.09,2.82,22.00,-0.05,2.59,0.06,-7.31,7.88,0.09,0.03,FALSE,FALSE,0.03,0.03,0.03,,,seq.14127.240,0.02,
IFNGR1_44709,OID44709,IFNGR1,P15260,5,0.07,5.99,10.45,0.02,0.15,22.00,0.14,0.29,0.14,-1.38,1.68,0.00,1.00,TRUE,FALSE,0.41,0.40,0.42,,,seq.5825.49,0.33,
IFNGR2_43834,OID43834,IFNGR2,P38484,4,0.00,5.64,7.62,0.93,0.11,22.00,0.35,0.87,0.49,-1.56,2.41,0.00,0.00,TRUE,TRUE,0.38,0.38,0.40,,,seq.9180.6,0.28,
IFNG_42585,OID42585,IFNG,P01579,3,0.00,69.31,45.17,2.71,1.38,22.00,0.65,1.57,0.67,-7.96,6.95,0.02,0.99,FALSE,FALSE,0.11,0.10,0.11,,,seq.15346.31,0.04,
IFNL1_42586,OID42586,IFNL1,Q8IU54,3,0.00,61.93,58.39,0.11,0.77,22.00,0.70,1.30,0.75,-7.32,6.66,0.01,0.99,FALSE,FALSE,0.18,0.17,0.19,,,seq.13734.22,0.26,
IFNL2_42587,OID42587,IFNL2,Q8IZJ0,3,0.00,93.74,54.76,-0.26,0.71,22.00,-0.18,1.00,-0.12,-8.05,4.83,0.01,0.99,FALSE,FALSE,0.02,0.02,0.02,,,seq.4397.26,0.00,
IFNL4_40303,OID40303,IFNL4,K9M1U5,1,0.00,61.45,72.16,-2.65,1.60,22.00,-0.68,1.79,-0.73,-9.34,5.85,0.01,0.90,FALSE,FALSE,0.05,0.05,0.05,,,seq.21895.36,0.06,
IFNLR1_43835,OID43835,IFNLR1,Q8IU57,4,0.00,0.35,15.98,-0.02,0.24,22.00,0.37,0.43,0.35,-1.03,3.65,0.01,0.57,FALSE,FALSE,0.34,0.33,0.34,,,seq.7192.37,0.38,
IFNW1_42588,OID42588,IFNW1,P05000,3,0.00,80.31,39.50,-0.78,0.61,22.00,-0.28,1.16,-0.26,-7.71,8.39,0.02,1.00,FALSE,FALSE,0.02,0.02,0.02,,,seq.7196.21,0.00,
IFRD2_41315,OID41315,IFRD2,Q12894,2,0.14,75.26,118.09,-6.51,2.49,22.00,-4.08,2.91,-3.62,-9.51,6.10,0.00,0.00,FALSE,FALSE,-0.01,-0.01,-0.01,,,seq.28597.101,-0.05,
IFT172_41316,OID41316,IFT172,Q9UG01,2,0.14,80.63,48.99,0.40,0.73,22.00,0.85,0.89,0.82,-2.67,5.86,0.00,1.00,FALSE,FALSE,0.10,0.10,0.11,,,,,
IFT20_42589,OID42589,IFT20,Q8IY31,3,0.00,30.83,19.69,0.73,0.28,22.00,1.00,0.58,0.97,-0.57,4.99,0.01,1.00,FALSE,FALSE,0.22,0.22,0.23,,,seq.20460.22,0.10,
IFT22_40304,OID40304,IFT22,Q9H7X7,1,0.00,77.11,59.01,0.03,0.79,22.00,0.31,1.22,0.27,-8.01,6.14,0.01,0.97,FALSE,FALSE,0.03,0.03,0.03,,,seq.20451.126,0.01,
IFT25_41307,OID41307,IFT25,Q9Y547,2,0.14,87.04,30.84,-2.73,0.52,22.00,-2.55,0.74,-2.56,-5.71,3.20,0.00,1.00,FALSE,FALSE,0.03,0.03,0.04,prot.6230,-0.02,,,
IFT43_41317,OID41317,IFT43,Q96FT9,2,0.14,72.47,44.36,-0.36,0.60,22.00,0.38,1.18,0.26,-3.49,7.73,0.00,1.00,FALSE,FALSE,0.05,0.05,0.06,,,,,
IFT74_41318,OID41318,IFT74,Q96LB3,2,0.14,68.15,137.27,-0.59,1.23,22.00,-0.20,1.88,-0.08,-7.44,8.97,0.00,0.92,FALSE,FALSE,0.02,0.02,0.02,,,seq.28016.30,0.03,
IFT81_41319,OID41319,IFT81,Q8WYA0,2,0.14,19.93,37.19,-0.10,0.52,22.00,0.51,0.95,0.36,-1.83,8.43,0.00,1.00,FALSE,FALSE,0.18,0.18,0.19,,,,,
IFT88_41320,OID41320,IFT88,Q13099,2,0.14,72.26,62.97,0.82,0.86,22.00,1.20,1.47,1.17,-7.07,7.77,0.00,0.99,FALSE,FALSE,0.12,0.11,0.12,,,,,
IFTAP_41321,OID41321,IFTAP,Q86VG3,2,0.14,83.90,115.89,-1.93,2.15,22.00,-0.70,2.43,-0.24,-6.92,6.38,0.00,0.00,FALSE,FALSE,0.01,0.01,0.01,,,,,
IGBP1_43836,OID43836,IGBP1,P78318,4,0.00,11.13,23.90,1.76,0.29,22.00,2.15,0.65,2.08,0.04,5.55,0.01,0.99,FALSE,FALSE,0.63,0.62,0.63,prot.3115,0.55,seq.12358.6,0.77,
IGDCC3_42590,OID42590,IGDCC3,Q8IVU1,3,0.00,79.40,44.15,-2.67,0.73,22.00,-2.70,1.27,-2.62,-10.20,5.28,0.02,0.99,FALSE,FALSE,0.01,0.01,0.01,,,seq.7118.24,-0.01,
IGDCC4_45149,OID45149,IGDCC4,Q8TDY8,6,1.11,5.07,12.57,0.39,0.19,21.00,0.24,0.36,0.26,-1.88,1.67,0.00,1.00,TRUE,TRUE,0.58,0.58,0.59,,,seq.9793.145,0.69,
IGF1R_43837,OID43837,IGF1R,P08069,4,0.00,5.43,11.86,0.24,0.17,22.00,0.32,0.33,0.32,-0.87,3.06,0.01,0.93,FALSE,FALSE,0.35,0.34,0.35,prot.635,0.07,seq.4232.19,0.35,
IGF2BP3_42591,OID42591,IGF2BP3,O00425,3,0.00,68.55,60.04,0.07,0.73,22.00,0.51,0.79,0.51,-6.99,3.99,0.01,0.69,FALSE,FALSE,0.16,0.15,0.16,prot.1045,0.28,seq.27576.67,0.08,
IGF2R_45150,OID45150,IGF2R,P11717,6,1.11,1.97,8.48,0.25,0.12,21.00,0.21,0.31,0.21,-1.42,1.29,0.00,0.45,TRUE,FALSE,0.58,0.57,0.58,prot.2031,0.21,seq.16057.6,0.69,
IGF2_AS_41322,OID41322,IGF2-AS,Q6U949,2,0.14,75.47,59.69,-0.77,0.85,22.00,0.02,1.22,-0.15,-4.97,7.43,0.00,1.00,FALSE,FALSE,0.02,0.02,0.02,,,,,
IGFBP1_45151,OID45151,IGFBP1,P08833,6,1.11,2.18,18.03,-3.08,0.32,21.00,-1.06,1.58,-0.98,-5.77,4.10,0.00,1.00,FALSE,FALSE,0.75,0.74,0.75,prot.1918,0.95,seq.13741.36,0.95,
IGFBP2_45152,OID45152,IGFBP2,P18065,6,1.11,5.00,12.67,0.23,0.19,21.00,-0.69,0.83,-0.75,-3.59,2.77,0.00,0.99,FALSE,FALSE,0.73,0.73,0.74,prot.2181,0.87,seq.22985.160,0.88,7
IGFBP3_45373,OID45373,IGFBP3,P17936,7,0.07,0.00,7.27,0.01,0.11,22.00,0.25,0.37,0.29,-2.27,1.52,0.00,0.92,TRUE,TRUE,0.59,0.58,0.60,prot.2175,0.39,seq.2571.12,0.65,
IGFBP4_45153,OID45153,IGFBP4,P22692,6,1.11,1.97,10.45,-0.14,0.15,21.00,0.00,0.51,-0.05,-2.41,3.75,0.00,0.78,FALSE,FALSE,0.52,0.51,0.52,prot.2287,0.26,seq.2950.57,0.39,
IGFBP6_45374,OID45374,IGFBP6,P24592,7,0.07,0.00,8.45,0.65,0.12,22.00,0.59,0.42,0.58,-0.58,3.59,0.00,1.00,FALSE,FALSE,0.64,0.63,0.64,prot.2334,0.66,seq.2686.67,0.65,
IGFBP7_45154,OID45154,IGFBP7,Q16270,6,1.11,1.97,11.31,0.34,0.16,21.00,0.37,0.35,0.36,-1.60,1.93,0.00,0.99,FALSE,FALSE,0.53,0.52,0.53,prot.3678,0.51,seq.3320.49,0.51,
IGFBPL1_44710,OID44710,IGFBPL1,Q8WX77,5,0.07,0.07,9.04,0.10,0.13,22.00,0.04,0.41,0.00,-1.75,2.07,0.00,0.99,TRUE,FALSE,0.43,0.42,0.44,,,seq.7815.49,0.14,
IGFL3_44711,OID44711,IGFL3,Q6UXB1,5,0.07,41.36,14.63,0.93,0.20,22.00,0.70,0.77,0.78,-9.50,3.64,0.00,1.00,TRUE,FALSE,0.26,0.25,0.27,,,seq.6961.14,0.01,
IGFL4_43838,OID43838,IGFL4,Q6B9Z1,4,0.00,22.89,22.94,0.11,0.32,22.00,0.41,1.68,0.08,-3.67,11.25,0.01,0.99,FALSE,FALSE,0.09,0.08,0.10,,,seq.29481.3,-0.05,
IGHMBP2_42592,OID42592,IGHMBP2,P38935,3,0.00,77.11,202.63,0.85,2.21,22.00,1.01,1.89,0.82,-6.72,8.05,0.04,0.99,FALSE,FALSE,0.11,0.10,0.11,prot.6547,0.12,,,
IGLC2_45470,OID45470,IGLC2,P0DOY2,8,0.84,18.39,12.43,-0.31,0.18,22.00,0.11,0.36,0.09,-0.98,3.96,0.00,0.74,TRUE,FALSE,0.50,0.49,0.52,,,,,
IGLON5_42593,OID42593,IGLON5,A6NGN9,3,0.00,79.19,28.30,-0.56,0.44,22.00,-0.30,1.27,-0.53,-3.51,12.12,0.06,0.99,FALSE,FALSE,0.06,0.05,0.06,,,seq.6478.2,0.06,
IGSF11_40305,OID40305,IGSF11,Q5DX21,1,0.00,83.92,239.98,-0.49,2.53,22.00,-0.49,2.36,-0.04,-6.84,6.77,0.04,0.00,FALSE,FALSE,0.02,0.02,0.02,,,seq.10700.10,0.03,
IGSF21_43839,OID43839,IGSF21,Q96ID5,4,0.00,5.08,10.72,1.14,0.15,22.00,0.97,0.51,0.93,-1.27,5.42,0.01,0.99,FALSE,FALSE,0.41,0.41,0.42,,,seq.29443.1,0.48,
IGSF22_41323,OID41323,IGSF22,Q8N9C0,2,0.14,24.67,47.07,-1.34,0.66,22.00,-0.63,1.45,-0.85,-4.13,5.84,0.00,1.00,FALSE,FALSE,0.14,0.12,0.14,,,,,
IGSF3_43840,OID43840,IGSF3,O75054,4,0.00,8.35,20.51,-0.11,0.37,22.00,0.14,0.56,0.09,-2.15,4.76,0.01,0.99,FALSE,FALSE,0.47,0.46,0.48,,,seq.26075.72,0.80,
IGSF8_44712,OID44712,IGSF8,Q969P0,5,0.07,0.00,10.35,0.40,0.15,22.00,0.51,0.32,0.49,-1.30,3.02,0.00,0.99,FALSE,FALSE,0.35,0.34,0.35,prot.4801,0.16,seq.6984.6,0.12,
IGSF9_44713,OID44713,IGSF9,Q9P2J2,5,0.07,14.35,15.49,-0.96,0.22,22.00,0.03,1.10,0.02,-3.30,3.98,0.00,0.96,TRUE,FALSE,0.25,0.23,0.26,,,seq.34158.155,-0.07,
IHO1_41324,OID41324,IHO1,Q8IYA8,2,0.14,72.61,82.10,-0.46,1.55,22.00,0.18,1.38,0.21,-7.55,7.92,0.00,0.99,FALSE,FALSE,0.01,0.01,0.01,,,seq.29297.39,-0.02,
IKBKG_43841,OID43841,IKBKG,Q9Y6K9,4,0.00,1.95,20.77,1.22,0.31,22.00,1.38,0.58,1.41,-1.22,4.53,0.01,1.00,FALSE,FALSE,0.49,0.49,0.50,prot.6303,0.63,seq.21976.4,0.57,
IKZF2_42594,OID42594,IKZF2,Q9UKS7,3,0.00,58.25,51.77,-0.09,0.73,22.00,-0.50,1.54,-0.68,-8.71,7.60,0.03,1.00,FALSE,FALSE,0.04,0.04,0.05,,,,,
IL10RA_42596,OID42596,IL10RA,Q13651,3,0.00,59.15,36.69,-0.86,0.48,22.00,-0.02,1.00,-0.20,-2.37,6.95,0.02,0.99,FALSE,FALSE,0.07,0.07,0.07,,,seq.8104.21,0.01,
IL10RB_44714,OID44714,IL10RB,Q08334,5,0.07,5.78,13.99,0.01,0.19,22.00,0.24,0.35,0.24,-0.98,1.90,0.00,0.65,TRUE,FALSE,0.35,0.35,0.35,prot.6591,0.07,seq.2631.50,0.23,
IL10_42595,OID42595,IL10,P22301,3,0.00,5.43,22.86,0.40,0.27,22.00,0.64,0.57,0.56,-0.72,4.62,0.01,0.99,FALSE,FALSE,0.23,0.22,0.23,,,seq.13723.6,0.08,
IL11RA_40306,OID40306,IL11RA,Q14626,1,0.00,56.65,45.38,-0.59,0.51,22.00,0.01,0.94,-0.16,-2.33,7.17,0.03,0.87,FALSE,FALSE,0.05,0.05,0.05,,,seq.18216.22,0.02,
IL11_42597,OID42597,IL11,P20809,3,0.00,83.37,48.62,-1.91,0.79,22.00,-1.23,1.22,-1.28,-8.58,6.99,0.02,0.91,FALSE,FALSE,0.04,0.03,0.04,,,seq.4493.92,0.02,
IL12A_IL12B_43842,OID43842,IL12A_IL12B,P29459_P29460,4,0.00,5.08,12.20,-0.19,0.18,22.00,0.98,0.83,0.94,-2.45,4.10,0.01,0.96,TRUE,FALSE,0.56,0.55,0.57,prot.2416,0.46,seq.10365.132,0.86,
IL12B_43843,OID43843,IL12B,P29460,4,0.00,62.98,35.48,-0.39,0.53,22.00,0.44,0.78,0.47,-7.46,2.88,0.00,1.00,TRUE,FALSE,0.45,0.45,0.45,prot.2416,0.42,seq.10365.132,0.68,
IL12RB1_42598,OID42598,IL12RB1,P42701,3,0.00,39.11,40.01,0.12,0.58,22.00,0.88,0.61,0.88,-1.77,3.59,0.00,0.99,TRUE,TRUE,0.18,0.18,0.19,,,seq.13706.12,0.09,
IL12RB2_42599,OID42599,IL12RB2,Q99665,3,0.00,89.77,35.81,-0.10,0.48,22.00,0.28,0.91,0.21,-3.03,7.60,0.01,1.00,FALSE,FALSE,0.03,0.03,0.04,,,seq.3815.14,0.00,
IL13RA1_44715,OID44715,IL13RA1,P78552,5,0.07,0.00,11.99,0.03,0.17,22.00,0.12,0.27,0.11,-0.75,1.03,0.00,1.00,TRUE,FALSE,0.40,0.39,0.40,,,seq.2633.52,0.37,
IL13RA2_42601,OID42601,IL13RA2,Q14627,3,0.00,73.21,103.19,-1.08,2.35,22.00,0.00,1.96,0.33,-7.00,3.66,0.05,0.19,FALSE,FALSE,0.04,0.04,0.04,,,seq.26689.78,0.02,
IL13_42600,OID42600,IL13,P35225,3,0.00,81.70,73.17,-4.63,2.13,22.00,-3.69,2.40,-3.45,-10.16,6.63,0.07,0.00,FALSE,FALSE,0.05,0.05,0.05,,,seq.3072.4,0.06,
IL15RA_42602,OID42602,IL15RA,Q13261,3,0.00,35.84,18.25,0.34,0.29,22.00,0.48,0.49,0.50,-1.46,2.25,0.00,0.96,TRUE,TRUE,0.39,0.38,0.39,,,seq.14054.17,0.54,
IL15_43844,OID43844,IL15,P40933,4,0.00,5.50,10.50,0.30,0.15,22.00,0.13,0.30,0.11,-0.62,2.13,0.01,0.88,FALSE,FALSE,0.22,0.21,0.22,,,seq.19568.17,0.00,
IL16_43845,OID43845,IL16,Q14005,4,0.00,41.20,12.88,-0.04,0.18,22.00,-0.10,0.57,-0.11,-2.03,2.38,0.00,0.98,TRUE,TRUE,0.49,0.48,0.50,prot.464,0.57,seq.2774.10,0.69,
IL17A_42603,OID42603,IL17A,Q16552,3,0.00,73.14,39.97,0.12,0.63,22.00,0.89,1.10,0.86,-3.99,8.32,0.01,0.99,FALSE,FALSE,0.15,0.15,0.16,,,seq.13718.1,0.09,
IL17C_42604,OID42604,IL17C,Q9P0M4,3,0.00,4.66,61.98,1.09,0.52,22.00,0.75,0.88,0.65,-1.82,5.49,0.01,0.98,FALSE,FALSE,0.21,0.20,0.21,,,seq.9255.13,0.08,
IL17D_42605,OID42605,IL17D,Q8TAD2,3,0.00,13.43,13.04,0.72,0.18,22.00,0.66,0.43,0.64,-0.93,4.17,0.01,1.00,FALSE,FALSE,0.15,0.15,0.16,,,seq.4136.40,0.01,
IL17F_42606,OID42606,IL17F,Q96PD4,3,0.00,60.19,45.22,-1.11,0.65,22.00,-0.26,1.38,-0.46,-4.40,6.52,0.01,1.00,FALSE,FALSE,0.06,0.06,0.06,,,seq.21897.4,0.02,
IL17RA_45155,OID45155,IL17RA,Q96F46,6,1.11,5.07,10.25,0.32,0.15,21.00,0.21,0.54,0.29,-2.23,2.75,0.00,0.99,TRUE,FALSE,0.65,0.64,0.65,prot.4915,0.01,seq.2992.59,0.83,
IL17RB_43846,OID43846,IL17RB,Q9NRM6,4,0.00,1.25,11.31,0.39,0.17,22.00,0.15,0.58,0.12,-1.99,2.04,0.00,0.88,TRUE,FALSE,0.57,0.56,0.58,prot.5666,0.00,seq.35707.93,0.72,
IL17RE_40307,OID40307,IL17RE,Q8NFR9,1,0.00,65.00,32.21,-0.54,0.52,22.00,-0.72,0.64,-0.70,-4.08,3.08,0.00,0.99,FALSE,FALSE,0.05,0.05,0.05,,,seq.20535.68,0.05,
IL18BP_45375,OID45375,IL18BP,O95998,7,0.07,0.00,9.18,-0.25,0.14,22.00,0.26,0.38,0.24,-0.78,2.09,0.00,0.99,FALSE,FALSE,0.63,0.62,0.64,,,seq.3073.51,0.72,
IL18R1_43847,OID43847,IL18R1,Q13478,4,0.00,0.00,10.41,-0.12,0.14,22.00,0.53,0.45,0.53,-0.98,2.32,0.00,1.00,TRUE,FALSE,0.61,0.61,0.62,,,seq.3446.7,0.85,
IL18RAP_43848,OID43848,IL18RAP,O95256,4,0.00,8.00,24.47,4.04,0.50,22.00,-0.31,2.11,-0.60,-4.63,6.45,0.00,0.98,FALSE,FALSE,0.20,0.19,0.20,,,seq.2993.1,0.03,
IL18_44716,OID44716,IL18,Q14116,5,0.07,4.25,14.91,0.54,0.21,22.00,0.68,0.63,0.60,-1.13,3.60,0.00,0.99,FALSE,FALSE,0.41,0.41,0.42,prot.3483,0.04,seq.5661.15,0.17,
IL19_44717,OID44717,IL19,Q9UHD0,5,0.07,7.66,12.88,-1.29,0.18,22.00,-0.48,0.76,-0.55,-2.36,4.68,0.00,0.99,TRUE,TRUE,0.32,0.31,0.32,,,seq.3035.80,-0.04,
IL1A_42607,OID42607,IL1A,P01583,3,0.00,77.94,232.94,0.31,1.29,22.00,0.40,1.22,0.24,-3.43,9.55,0.02,0.95,FALSE,FALSE,0.02,0.02,0.03,,,seq.4851.25,-0.02,
IL1B_42608,OID42608,IL1B,P01584,3,0.00,79.47,166.27,-0.53,1.67,22.00,-0.14,1.34,0.02,-7.65,8.65,0.02,0.99,FALSE,FALSE,0.01,0.01,0.01,,,seq.3037.62,-0.04,
IL1R1_45156,OID45156,IL1R1,P14778,6,1.11,1.97,9.18,0.07,0.13,21.00,0.22,0.33,0.21,-1.78,1.60,0.00,1.00,TRUE,TRUE,0.58,0.58,0.59,,,seq.2991.9,0.65,
IL1R2_44718,OID44718,IL1R2,P27930,5,0.07,0.00,6.42,0.48,0.09,22.00,0.14,0.24,0.15,-0.86,0.85,0.00,1.00,TRUE,FALSE,0.54,0.54,0.54,,,seq.14133.93,0.69,
IL1RAP_45157,OID45157,IL1RAP,Q9NPH3,6,1.11,1.97,8.38,1.03,0.12,21.00,0.83,0.41,0.79,-1.37,2.46,0.00,0.99,TRUE,FALSE,0.66,0.66,0.67,prot.5612,0.51,seq.14048.7,0.78,
IL1RL1_45158,OID45158,IL1RL1,Q01638,6,1.11,8.02,15.63,-0.06,0.24,21.00,-0.11,0.61,-0.10,-2.88,2.59,0.00,1.00,TRUE,FALSE,0.69,0.68,0.69,,,seq.4234.8,0.87,
IL1RL2_42609,OID42609,IL1RL2,Q9HB29,3,0.00,15.80,17.78,0.09,0.26,22.00,0.69,0.50,0.70,-1.80,3.31,0.00,1.00,TRUE,FALSE,0.47,0.47,0.48,,,seq.2994.71,0.69,
IL1RN_44719,OID44719,IL1RN,P18510,5,0.07,5.92,8.96,-0.37,0.13,22.00,0.23,0.69,0.13,-1.20,5.06,0.00,0.99,TRUE,FALSE,0.68,0.67,0.68,prot.7687,0.15,seq.5353.89,0.80,
IL20RA_42612,OID42612,IL20RA,Q9UHF4,3,0.00,61.93,35.86,-0.83,0.64,22.00,-0.04,0.82,-0.13,-2.87,4.38,0.02,0.98,FALSE,FALSE,0.06,0.06,0.06,,,seq.5085.18,0.09,
IL20RB_42613,OID42613,IL20RB,Q6UXL0,3,0.00,87.75,39.53,-0.08,0.61,22.00,-0.16,0.85,-0.07,-7.28,2.38,0.01,1.00,FALSE,FALSE,0.04,0.04,0.04,,,seq.13435.31,0.01,
IL20_42611,OID42611,IL20,Q9NYY1,3,0.00,73.21,28.38,0.13,0.40,22.00,0.07,0.53,0.08,-1.71,4.02,0.00,0.99,FALSE,FALSE,0.06,0.06,0.07,,,seq.4138.25,0.02,
IL21R_42614,OID42614,IL21R,Q9HBE5,3,0.00,79.47,48.16,-0.30,0.67,22.00,0.01,1.01,-0.04,-7.15,6.93,0.03,0.99,FALSE,FALSE,0.03,0.03,0.03,prot.5557,0.04,seq.9366.54,-0.09,
IL22RA1_42615,OID42615,IL22RA1,Q8N6P7,3,0.00,69.38,27.97,0.37,0.43,22.00,0.12,0.84,0.08,-3.46,6.11,0.02,0.72,FALSE,FALSE,0.10,0.10,0.11,,,seq.3620.67,0.06,
IL22_43849,OID43849,IL22,Q9GZX6,4,0.00,7.24,23.37,-0.48,0.32,22.00,0.62,0.86,0.53,-1.87,5.08,0.01,1.00,FALSE,FALSE,0.37,0.36,0.38,,,seq.2778.10,0.47,
IL23R_43850,OID43850,IL23R,Q5VWK5,4,0.00,0.00,8.70,-0.77,0.13,22.00,0.24,0.59,0.24,-2.24,5.72,0.01,0.99,FALSE,FALSE,0.39,0.37,0.40,,,seq.5088.175,0.38,
IL24_42616,OID42616,IL24,Q13007,3,0.00,87.75,51.25,-1.64,0.90,22.00,-1.33,0.79,-1.30,-9.01,2.68,0.01,0.99,FALSE,FALSE,0.02,0.02,0.02,,,seq.3321.2,-0.04,
IL25_42617,OID42617,IL25,Q9H293,3,0.00,96.94,37.31,-0.08,0.52,22.00,-0.09,0.46,-0.05,-1.98,1.29,0.00,0.91,FALSE,FALSE,0.05,0.05,0.06,,,seq.4137.57,-0.01,
IL2RA_45159,OID45159,IL2RA,P01589,6,1.11,28.22,12.02,-0.17,0.17,21.00,0.25,0.46,0.23,-2.24,2.16,0.00,0.99,TRUE,FALSE,0.34,0.33,0.34,,,seq.3151.6,0.09,
IL2RB_42618,OID42618,IL2RB,P14784,3,0.00,97.63,147.14,-0.25,2.15,22.00,-0.20,2.24,0.15,-6.66,9.07,0.04,0.01,FALSE,FALSE,0.04,0.04,0.04,,,seq.9343.16,0.05,
IL2RG_43851,OID43851,IL2RG,P31785,4,0.00,55.32,18.03,-0.23,0.26,22.00,-0.10,0.47,-0.06,-2.14,4.24,0.06,1.00,FALSE,FALSE,0.12,0.12,0.12,,,seq.2634.2,0.07,
IL2_42610,OID42610,IL2,P60568,3,0.00,84.90,90.00,0.11,1.31,22.00,0.28,1.39,0.35,-7.27,4.89,0.02,0.65,FALSE,FALSE,0.03,0.03,0.03,,,seq.3070.1,-0.02,
IL31RA_42621,OID42621,IL31RA,Q8NI17,3,0.00,68.27,30.63,0.65,0.45,22.00,0.31,0.74,0.32,-2.64,4.69,0.01,1.00,TRUE,TRUE,0.13,0.12,0.13,,,seq.8273.84,0.05,
IL31_42620,OID42620,IL31,Q6EBC2,3,0.00,82.25,104.59,-1.97,2.45,22.00,-0.58,2.53,-0.05,-6.81,6.37,0.00,0.00,FALSE,FALSE,0.01,0.01,0.01,,,seq.10455.196,-0.01,
IL32_43852,OID43852,IL32,P24001,4,0.00,11.62,13.36,1.08,0.19,22.00,1.03,0.51,1.00,-1.01,3.95,0.01,0.99,FALSE,FALSE,0.19,0.18,0.19,,,seq.9051.13,-0.09,
IL33_42622,OID42622,IL33,O95760,3,0.00,78.29,34.56,-0.06,0.55,22.00,-0.02,0.74,-0.03,-3.36,7.12,0.01,0.94,FALSE,FALSE,0.05,0.04,0.05,,,,,
IL34_42623,OID42623,IL34,Q6ZMJ4,3,0.00,44.26,27.89,0.25,0.41,22.00,0.25,0.60,0.30,-4.40,1.89,0.01,0.95,TRUE,TRUE,0.13,0.13,0.15,,,seq.4556.10,-0.03,
IL36A_42624,OID42624,IL36A,Q9UHA7,3,0.00,93.60,47.96,-0.14,0.67,22.00,0.03,0.97,0.08,-7.09,5.76,0.01,0.76,FALSE,FALSE,0.38,0.37,0.39,prot.7365,0.89,seq.14150.7,0.01,
IL36B_42625,OID42625,IL36B,Q9NZH7,3,0.00,13.64,164.21,-0.25,0.82,22.00,0.02,0.68,-0.10,-1.39,6.64,0.01,0.99,FALSE,FALSE,0.09,0.09,0.10,,,seq.14149.9,0.01,
IL36G_43853,OID43853,IL36G,Q9NZH8,4,0.00,19.28,37.91,0.19,0.43,22.00,0.33,0.86,0.19,-2.02,5.61,0.02,0.98,FALSE,FALSE,0.13,0.13,0.14,prot.7915,-0.04,seq.9117.4,-0.02,
IL3RA_42626,OID42626,IL3RA,P26951,3,0.00,44.75,38.68,-0.04,0.54,22.00,0.45,0.69,0.49,-7.28,2.39,0.00,1.00,FALSE,FALSE,0.35,0.34,0.35,,,seq.13744.37,0.49,
IL3_42619,OID42619,IL3,P08700,3,0.00,77.17,149.34,1.00,4.02,22.00,1.39,3.42,0.54,-6.48,7.15,0.00,0.00,FALSE,FALSE,0.02,0.02,0.03,,,seq.4717.55,-0.03,
IL4R_43854,OID43854,IL4R,P24394,4,0.00,15.73,9.93,0.91,0.15,22.00,1.20,0.46,1.16,-0.37,3.86,0.01,0.98,TRUE,FALSE,0.21,0.20,0.22,,,seq.3055.54,-0.03,
IL4_42627,OID42627,IL4,P05112,3,0.00,77.73,253.87,0.62,2.25,22.00,-0.11,2.96,0.21,-6.45,7.19,0.00,0.00,FALSE,FALSE,0.03,0.02,0.03,,,seq.13663.2,0.01,
IL5RA_43855,OID43855,IL5RA,Q01344,4,0.00,18.44,12.01,-1.47,0.17,22.00,0.06,0.70,0.04,-1.92,3.83,0.00,1.00,TRUE,FALSE,0.58,0.57,0.58,,,seq.4491.4,0.87,
IL5_42628,OID42628,IL5,P05113,3,0.00,76.55,82.96,-5.65,2.53,22.00,-3.93,2.45,-3.80,-10.89,8.95,0.04,0.06,FALSE,FALSE,0.05,0.05,0.05,,,seq.11071.1,0.04,
IL6R_45376,OID45376,IL6R,P08887,7,0.07,5.64,9.06,-0.06,0.13,22.00,0.44,0.41,0.41,-0.52,4.25,0.00,0.89,TRUE,TRUE,0.63,0.63,0.64,,,seq.15602.43,0.79,
IL6ST_44720,OID44720,IL6ST,P40189,5,0.07,0.00,8.52,0.15,0.12,22.00,0.13,0.18,0.12,-1.01,0.96,0.00,0.99,FALSE,FALSE,0.45,0.44,0.45,prot.2589,0.08,seq.2620.4,0.45,
IL6_43856,OID43856,IL6,P05231,4,0.00,54.63,27.70,-1.11,0.43,22.00,-0.53,0.95,-0.59,-3.48,4.41,0.00,0.99,FALSE,FALSE,0.26,0.25,0.26,,,seq.4673.13,0.27,
IL7R_45160,OID45160,IL7R,P16871,6,1.11,2.53,12.09,0.12,0.18,21.00,0.23,0.64,0.28,-2.20,2.02,0.00,1.00,TRUE,TRUE,0.63,0.63,0.63,prot.2153,0.72,seq.5089.11,0.08,
IL7_43857,OID43857,IL7,P13232,4,0.00,0.21,10.03,1.56,0.15,22.00,1.64,0.70,1.61,-0.42,5.35,0.00,0.99,FALSE,FALSE,0.50,0.50,0.51,,,seq.14049.17,0.51,
IL9R_41325,OID41325,IL9R,Q01113,2,0.14,86.06,20.18,0.28,0.30,22.00,0.33,0.62,0.27,-1.90,5.33,0.00,0.97,FALSE,FALSE,0.13,0.12,0.13,,,,,
IL9_42629,OID42629,IL9,P15248,3,0.00,73.76,57.57,-1.08,1.75,22.00,-0.52,1.09,-0.56,-8.35,6.25,0.02,0.92,FALSE,FALSE,0.06,0.06,0.06,,,seq.5834.18,0.08,
ILF2_41326,OID41326,ILF2,Q12905,2,0.14,96.10,119.98,-1.00,2.65,22.00,-0.52,2.45,0.08,-6.46,6.56,0.00,0.00,FALSE,FALSE,0.02,0.02,0.02,prot.3346,0.03,seq.12665.16,0.01,
ILKAP_42630,OID42630,ILKAP,Q9H0C8,3,0.00,72.72,51.58,-0.12,0.81,22.00,0.11,1.28,0.20,-7.28,5.65,0.02,0.99,FALSE,FALSE,0.05,0.05,0.05,,,seq.21523.71,0.07,
IMMT_43858,OID43858,IMMT,Q16891,4,0.00,30.48,14.49,0.06,0.22,22.00,0.27,0.61,0.17,-1.03,4.29,0.03,0.92,FALSE,FALSE,0.21,0.20,0.21,prot.3725,0.22,seq.28092.49,0.25,
IMPA1_43859,OID43859,IMPA1,P29218,4,0.00,13.22,11.58,0.14,0.17,22.00,0.15,0.40,0.13,-1.30,2.64,0.01,0.98,TRUE,FALSE,0.44,0.43,0.45,prot.2409,0.56,seq.17796.15,-0.01,
IMPACT_43860,OID43860,IMPACT,Q9P2X3,4,0.00,0.00,20.21,1.99,0.26,22.00,2.18,0.56,2.13,0.61,5.26,0.01,0.95,FALSE,FALSE,0.60,0.59,0.60,prot.269,0.39,seq.20463.315,0.70,
IMPG1_42631,OID42631,IMPG1,Q17R60,3,0.00,59.43,41.60,-0.22,0.56,22.00,-0.03,0.61,-0.10,-2.11,4.66,0.02,0.99,FALSE,FALSE,0.06,0.06,0.06,,,seq.30405.3,0.01,
IMUP_45161,OID45161,IMUP,Q9GZP8,6,1.11,10.49,30.30,3.66,0.45,21.00,2.90,1.05,3.00,-0.93,5.95,0.00,0.94,TRUE,TRUE,0.53,0.52,0.53,prot.5380,0.53,,,
INCENP_40309,OID40309,INCENP,Q9NQS7,1,0.00,77.17,35.24,-0.52,0.55,22.00,-0.12,0.70,-0.13,-3.03,5.30,0.01,0.98,FALSE,FALSE,0.04,0.04,0.04,,,,,
ING1_42632,OID42632,ING1,Q9UK53,3,0.00,75.85,31.25,-0.37,0.47,22.00,-0.25,0.61,-0.24,-2.80,3.51,0.01,0.99,FALSE,FALSE,0.08,0.08,0.08,,,seq.3888.8,0.10,
ING2_41327,OID41327,ING2,Q9H160,2,0.14,84.95,65.06,-0.87,0.91,22.00,-0.43,1.77,-0.42,-7.65,8.89,0.00,0.95,FALSE,FALSE,0.02,0.02,0.02,,,seq.34284.27,0.02,
INHBB_44721,OID44721,INHBB,P09529,5,0.07,2.99,18.77,-0.86,0.29,22.00,0.22,0.64,0.19,-1.77,3.31,0.00,0.93,TRUE,FALSE,0.64,0.63,0.64,prot.1942,0.70,seq.13676.46,0.73,
INHBC_45162,OID45162,INHBC,P55103,6,1.11,2.25,10.02,-0.23,0.15,21.00,0.59,0.42,0.63,-1.38,1.96,0.00,1.00,TRUE,TRUE,0.61,0.60,0.61,prot.2918,0.43,seq.15686.49,0.67,
INKA1_41328,OID41328,INKA1,Q96EL1,2,0.14,86.90,72.73,-0.42,2.10,22.00,0.00,1.66,0.20,-6.88,7.62,0.00,0.92,FALSE,FALSE,0.02,0.02,0.02,,,,,
INO80_41329,OID41329,INO80,Q9ULG1,2,0.14,75.61,52.21,-0.36,0.92,22.00,0.03,1.66,-0.08,-8.28,8.02,0.00,0.99,FALSE,FALSE,0.06,0.05,0.06,,,,,
INPP1_43861,OID43861,INPP1,P49441,4,0.00,76.34,29.11,-1.40,0.47,22.00,-1.30,0.59,-1.28,-3.35,3.16,0.00,0.96,FALSE,FALSE,0.13,0.13,0.13,prot.2735,0.11,,,
INPP4B_42633,OID42633,INPP4B,O15327,3,0.00,36.40,26.76,3.88,0.44,22.00,4.27,1.04,4.28,-5.11,8.15,0.01,0.99,FALSE,FALSE,0.49,0.48,0.50,prot.1184,0.61,seq.24427.33,0.53,
INPP5D_43862,OID43862,INPP5D,Q92835,4,0.00,0.49,22.08,1.16,0.26,22.00,1.46,0.61,1.43,-0.47,4.46,0.00,0.74,TRUE,FALSE,0.47,0.46,0.48,prot.4754,0.46,seq.25264.102,0.43,
INPP5F_40310,OID40310,INPP5F,Q9Y2H2,1,0.00,77.87,81.13,-2.40,2.34,22.00,-0.99,2.13,-0.72,-8.65,4.59,0.05,0.09,FALSE,FALSE,0.04,0.04,0.04,prot.6134,0.00,seq.24971.2,0.06,
INPP5J_42634,OID42634,INPP5J,Q15735,3,0.00,62.14,35.18,5.15,0.54,22.00,0.85,1.75,0.90,-7.02,9.31,0.03,0.98,FALSE,FALSE,0.13,0.12,0.13,,,,,
INPPL1_43863,OID43863,INPPL1,O15357,4,0.00,28.11,24.86,2.42,0.37,22.00,2.52,0.75,2.51,-0.62,6.74,0.01,0.99,FALSE,FALSE,0.55,0.55,0.56,prot.1187,0.58,,,
INSL3_43864,OID43864,INSL3,P51460,4,0.00,53.44,11.40,1.49,0.17,22.00,-2.33,3.61,-3.47,-11.42,2.62,0.00,0.00,FALSE,FALSE,0.32,0.30,0.32,,,seq.5723.4,0.26,9
INSL4_43865,OID43865,INSL4,Q14641,4,0.00,28.25,19.20,-1.46,0.28,22.00,-1.43,1.10,-1.56,-4.38,10.91,0.02,0.99,TRUE,FALSE,0.19,0.19,0.20,,,seq.6410.26,0.06,
INSL5_43866,OID43866,INSL5,Q9Y5Q6,4,0.00,17.40,30.02,1.67,0.32,22.00,0.06,1.29,-0.02,-3.41,4.31,0.00,0.99,FALSE,FALSE,0.56,0.55,0.57,,,seq.10462.14,0.74,
INSM2_41330,OID41330,INSM2,Q96T92,2,0.14,91.29,69.83,0.68,1.02,22.00,-0.22,1.86,0.09,-7.24,8.35,0.00,0.93,FALSE,FALSE,0.02,0.02,0.02,,,,,
INSR_43867,OID43867,INSR,P06213,4,0.00,47.25,7.94,0.03,0.11,22.00,0.06,0.17,0.05,-0.55,1.91,0.00,0.99,FALSE,FALSE,0.27,0.26,0.27,prot.7245,0.00,seq.3448.13,0.22,
INSYN1_40311,OID40311,INSYN1,Q2T9L4,1,0.00,82.74,51.69,-6.40,0.71,22.00,-5.84,1.54,-5.73,-13.09,-0.12,0.03,1.00,FALSE,FALSE,0.03,0.02,0.03,,,seq.35029.25,0.01,
INSYN2A_41331,OID41331,INSYN2A,Q6ZSG2,2,0.14,68.36,39.73,-0.51,0.55,22.00,-0.25,1.02,-0.32,-3.64,6.41,0.00,1.00,FALSE,FALSE,0.03,0.03,0.03,,,seq.30461.117,0.03,
INSYN2B_40312,OID40312,INSYN2B,A6NMK8,1,0.00,81.63,52.24,-1.04,0.92,22.00,0.07,1.31,-0.06,-7.56,6.38,0.01,0.99,FALSE,FALSE,0.01,0.01,0.01,,,seq.35065.7,-0.01,
INS_CPEPTIDE_44722,OID44722,INS-CPEPTIDE,P01308,5,0.07,0.00,46.21,0.41,0.41,22.00,1.40,1.27,1.43,-7.37,4.23,0.00,0.77,FALSE,FALSE,0.66,0.65,0.66,,,seq.4883.56,0.78,
INTS13_41332,OID41332,INTS13,Q9NVM9,2,0.14,81.11,78.17,-1.34,1.53,22.00,-0.63,2.22,-0.28,-7.10,9.97,0.00,0.00,FALSE,FALSE,0.01,0.01,0.01,,,seq.28560.4,0.00,
INTS8_41333,OID41333,INTS8,Q75QN2,2,0.14,76.38,19.96,-0.02,0.30,22.00,-0.03,0.54,-0.12,-1.48,4.22,0.00,0.83,FALSE,FALSE,0.09,0.08,0.09,,,,,
IP6K1_41334,OID41334,IP6K1,Q92551,2,0.14,29.90,141.69,0.68,1.37,22.00,1.60,1.89,1.56,-5.79,11.82,0.00,0.99,FALSE,FALSE,0.21,0.21,0.22,prot.4718,0.11,seq.22404.4,0.22,
IPCEF1_43868,OID43868,IPCEF1,Q8WWN9,4,0.00,0.49,19.57,1.15,0.27,22.00,1.29,0.60,1.27,-0.97,4.32,0.00,0.79,FALSE,FALSE,0.47,0.46,0.48,,,,,
IPMK_41335,OID41335,IPMK,Q8NFU5,2,0.14,77.14,37.59,-0.47,0.66,22.00,-0.26,0.91,-0.34,-2.85,6.43,0.00,0.99,FALSE,FALSE,0.07,0.06,0.07,,,,,
IQCA1L_40314,OID40314,IQCA1L,A6NCM1,1,0.00,85.94,91.12,-1.18,2.75,22.00,0.16,2.30,0.51,-6.99,7.75,0.04,0.04,FALSE,FALSE,0.03,0.02,0.03,,,,,
IQCA1_40313,OID40313,IQCA1,Q86XH1,1,0.00,58.80,59.52,-0.37,0.79,22.00,0.80,1.35,0.50,-2.06,10.42,0.04,1.00,FALSE,FALSE,0.07,0.07,0.07,,,,,
IQCC_42635,OID42635,IQCC,Q4KMZ1,3,0.00,65.97,44.27,-0.10,0.56,22.00,0.60,1.12,0.47,-3.12,7.82,0.02,0.99,FALSE,FALSE,0.07,0.07,0.08,,,,,
IQCD_41336,OID41336,IQCD,Q96DY2,2,0.14,94.49,50.57,-0.64,1.41,22.00,0.01,0.97,0.00,-6.83,4.27,0.00,1.00,FALSE,FALSE,0.00,0.00,0.01,,,seq.22481.15,-0.01,
IQCE_41337,OID41337,IQCE,Q6IPM2,2,0.14,56.24,66.99,0.70,1.87,22.00,0.75,1.56,0.93,-6.74,6.44,0.00,0.69,FALSE,FALSE,0.10,0.09,0.10,,,,,
IQCG_41338,OID41338,IQCG,Q9H095,2,0.14,62.51,24.99,-0.20,0.36,22.00,0.38,1.07,0.15,-1.71,9.81,0.00,0.99,FALSE,FALSE,0.05,0.04,0.05,prot.5400,0.01,,,
IQCJ_SCHIP1_41339,OID41339,IQCJ-SCHIP1,B3KU38,2,0.14,82.93,73.41,-3.89,1.67,22.00,-3.40,1.89,-3.25,-10.16,4.17,0.00,0.10,FALSE,FALSE,0.02,0.02,0.02,,,seq.33692.14,0.00,
IQCN_41340,OID41340,IQCN,Q9H0B3,2,0.14,63.07,91.29,-4.16,1.75,22.00,-2.96,1.72,-3.16,-11.08,5.81,0.00,1.00,FALSE,FALSE,0.04,0.03,0.04,,,,,
IQGAP2_43869,OID43869,IQGAP2,Q13576,4,0.00,40.50,34.06,-0.48,0.47,22.00,0.31,0.72,0.32,-2.36,2.86,0.00,0.99,FALSE,FALSE,0.24,0.24,0.26,prot.3441,0.24,,,
IQSEC1_41341,OID41341,IQSEC1,Q6DN90,2,0.14,62.65,43.04,-0.39,0.65,22.00,-0.04,0.86,-0.13,-2.59,5.21,0.00,0.97,FALSE,FALSE,0.06,0.06,0.06,prot.3959,0.06,,,
IQSEC2_41342,OID41342,IQSEC2,Q5JU85,2,0.14,86.20,51.26,-1.11,0.61,22.00,-1.05,1.43,-1.14,-8.06,7.02,0.00,0.99,FALSE,FALSE,0.03,0.03,0.03,,,,,
IQUB_40315,OID40315,IQUB,Q8NA54,1,0.00,51.84,105.67,-2.72,2.71,22.00,-1.15,2.74,-0.62,-7.67,7.94,0.00,0.00,FALSE,FALSE,0.03,0.02,0.03,,,seq.27685.24,0.02,
IRAG2_43870,OID43870,IRAG2,Q12912,4,0.00,2.51,30.50,1.58,0.42,22.00,2.30,0.79,2.35,-0.91,5.45,0.01,0.99,FALSE,FALSE,0.29,0.28,0.29,,,seq.9096.80,0.00,4
IRAK1BP1_40316,OID40316,IRAK1BP1,Q5VVH5,1,0.00,75.71,30.13,0.12,0.40,22.00,-0.45,1.45,-0.63,-8.08,7.39,0.02,0.99,FALSE,FALSE,0.06,0.05,0.07,,,,,
IRAK1_42636,OID42636,IRAK1,P51617,3,0.00,30.90,24.88,1.82,0.33,22.00,1.91,0.54,1.92,-0.89,4.73,0.00,0.99,FALSE,FALSE,0.42,0.42,0.42,,,,,
IRAK4_43871,OID43871,IRAK4,Q9NWZ3,4,0.00,0.90,37.42,2.30,0.48,22.00,2.71,0.78,2.70,-0.06,6.52,0.00,0.99,FALSE,FALSE,0.58,0.57,0.59,prot.5760,0.63,seq.18162.167,0.53,
IRF2BP2_41343,OID41343,IRF2BP2,Q7Z5L9,2,0.14,20.00,15.53,-2.42,0.23,22.00,-2.14,0.88,-2.34,-3.95,3.45,0.00,1.00,FALSE,FALSE,0.27,0.27,0.28,,,,,
IRF2BPL_41344,OID41344,IRF2BPL,Q9H1B7,2,0.14,95.75,27.63,1.18,0.39,22.00,0.24,1.00,0.21,-3.72,5.79,0.00,0.99,FALSE,FALSE,0.07,0.07,0.08,,,,,
IRF3_44723,OID44723,IRF3,Q14653,5,0.07,0.00,11.03,1.99,0.17,22.00,2.30,0.59,2.30,-0.31,5.99,0.00,0.91,FALSE,FALSE,0.68,0.68,0.70,prot.3535,0.43,seq.17151.84,0.79,4
IRGQ_41345,OID41345,IRGQ,Q8WZA9,2,0.14,41.25,29.93,0.18,0.45,22.00,0.55,0.77,0.48,-1.48,5.25,0.00,0.99,FALSE,FALSE,0.10,0.09,0.10,prot.4705,0.01,,,
ISCA2_41346,OID41346,ISCA2,Q86U28,2,0.14,88.36,81.64,-1.81,1.15,22.00,-1.38,1.65,-1.29,-8.54,6.58,0.00,0.99,FALSE,FALSE,0.01,0.00,0.01,prot.4232,-0.01,,,
ISL1_41347,OID41347,ISL1,P61371,2,0.14,81.18,37.53,-0.18,0.52,22.00,-0.08,0.60,-0.05,-3.05,2.43,0.00,1.00,FALSE,FALSE,0.01,0.01,0.01,,,seq.11549.6,-0.03,
ISLR2_43872,OID43872,ISLR2,Q6UXK2,4,0.00,7.86,14.86,-0.33,0.22,22.00,0.11,0.42,0.12,-1.54,1.89,0.00,0.99,FALSE,FALSE,0.50,0.48,0.51,,,seq.13124.20,0.74,
ISM1_43873,OID43873,ISM1,B1AKI9,4,0.00,0.07,11.67,0.81,0.17,22.00,1.09,0.44,1.10,-0.40,2.42,0.00,0.99,FALSE,FALSE,0.43,0.43,0.44,prot.7225,0.32,seq.8355.80,0.05,
ISM2_45163,OID45163,ISM2,Q6H9L7,6,1.11,89.87,50.07,-0.35,0.52,21.00,-0.29,0.57,-0.32,-1.55,6.03,0.00,0.95,FALSE,FALSE,0.19,0.18,0.19,prot.7568,0.14,seq.29625.27,0.07,
IST1_43874,OID43874,IST1,P53990,4,0.00,18.58,23.19,2.13,0.30,22.00,2.47,0.72,2.46,-0.18,6.02,0.00,0.96,FALSE,FALSE,0.61,0.61,0.61,prot.2882,0.62,seq.12434.25,0.71,
ITCH_42637,OID42637,ITCH,Q96J02,3,0.00,25.26,26.79,1.79,0.39,22.00,1.54,0.61,1.54,-0.99,5.46,0.00,0.99,FALSE,FALSE,0.41,0.40,0.41,prot.4975,0.40,seq.12551.3,-0.02,
ITGA11_43875,OID43875,ITGA11,Q9UKX5,4,0.00,1.11,10.76,-0.20,0.16,22.00,-0.42,0.43,-0.39,-1.96,1.36,0.00,0.99,FALSE,FALSE,0.45,0.44,0.45,prot.7189,-0.02,seq.21698.11,0.49,
ITGA5_45164,OID45164,ITGA5,P08648,6,1.11,22.94,11.54,-0.18,0.17,21.00,0.04,0.35,0.04,-2.47,1.08,0.00,1.00,FALSE,FALSE,0.40,0.39,0.40,prot.1911,0.13,seq.6932.42,0.28,
ITGA6_43876,OID43876,ITGA6,P23229,4,0.00,21.85,18.18,-1.30,0.27,22.00,-0.86,0.54,-0.91,-2.10,4.22,0.02,0.75,FALSE,FALSE,0.29,0.28,0.29,prot.2300,0.34,seq.21979.12,0.05,
ITGAD_40317,OID40317,ITGAD,Q13349,1,0.00,82.05,46.88,-1.93,1.55,22.00,-1.80,1.56,-1.62,-9.11,3.72,0.03,0.99,FALSE,FALSE,0.03,0.03,0.03,,,,,
ITGAL_43877,OID43877,ITGAL,P20701,4,0.00,49.90,35.36,-4.63,0.53,22.00,-3.42,0.80,-3.35,-8.08,0.53,0.00,0.82,FALSE,FALSE,0.31,0.30,0.31,prot.2235,0.40,seq.11617.1,-0.02,
ITGAM_45165,OID45165,ITGAM,P11215,6,1.11,4.43,10.52,0.11,0.16,21.00,-0.09,0.39,-0.09,-2.37,1.42,0.00,0.75,FALSE,FALSE,0.47,0.47,0.49,prot.2013,0.41,seq.21981.2,0.03,
ITGAV_43878,OID43878,ITGAV,P06756,4,0.00,34.52,9.37,0.02,0.13,22.00,-0.14,0.24,-0.13,-1.23,0.76,0.00,0.99,FALSE,FALSE,0.44,0.43,0.45,prot.1841,0.11,seq.20187.10,0.60,
ITGAX_42638,OID42638,ITGAX,P20702,3,0.00,80.10,285.07,-0.69,3.26,22.00,-0.53,3.13,-0.16,-6.48,8.78,0.00,0.00,FALSE,FALSE,0.02,0.01,0.02,prot.886,-0.03,seq.34397.3,-0.01,
ITGB1BP1_42639,OID42639,ITGB1BP1,O14713,3,0.00,79.12,58.89,-0.25,0.77,22.00,-0.04,0.97,-0.01,-7.13,6.98,0.01,0.99,FALSE,FALSE,0.02,0.02,0.03,prot.1104,-0.01,seq.29273.1,-0.03,
ITGB1BP2_43879,OID43879,ITGB1BP2,Q9UKP3,4,0.00,29.51,27.17,3.97,0.35,22.00,4.09,0.92,4.11,-1.11,8.16,0.01,0.99,FALSE,FALSE,0.52,0.51,0.52,prot.6010,0.40,seq.21985.61,0.52,
ITGB1_45377,OID45377,ITGB1,P05556,7,0.07,0.00,11.29,0.19,0.18,22.00,0.14,0.25,0.14,-0.71,1.08,0.00,0.99,FALSE,FALSE,0.34,0.34,0.36,,,seq.21688.50,0.22,
ITGB2_45166,OID45166,ITGB2,P05107,6,1.11,5.77,10.53,-0.81,0.15,21.00,-0.77,0.35,-0.78,-1.97,0.68,0.00,1.00,FALSE,FALSE,0.30,0.28,0.30,,,seq.12750.9,0.02,
ITGB3BP_40318,OID40318,ITGB3BP,Q13352,1,0.00,70.56,196.62,-0.53,3.76,22.00,0.13,3.48,0.02,-6.24,11.37,0.00,0.00,FALSE,FALSE,0.01,0.01,0.01,,,seq.29091.11,0.00,
ITGB5_44724,OID44724,ITGB5,P18084,5,0.07,10.86,13.50,0.45,0.19,22.00,0.33,0.41,0.33,-1.16,4.26,0.00,0.99,FALSE,FALSE,0.43,0.42,0.43,prot.2183,0.48,seq.4917.62,0.21,
ITGB6_42640,OID42640,ITGB6,P18564,3,0.00,33.96,27.32,0.77,0.45,22.00,0.30,0.52,0.33,-1.94,1.92,0.00,0.99,TRUE,FALSE,0.17,0.16,0.18,,,seq.35103.12,0.06,
ITGB7_43880,OID43880,ITGB7,P26010,4,0.00,48.85,14.25,-0.74,0.20,22.00,-0.31,0.49,-0.32,-1.71,1.94,0.00,0.60,FALSE,FALSE,0.27,0.27,0.27,prot.2361,0.25,seq.11205.10,0.09,
ITGBL1_45167,OID45167,ITGBL1,O95965,6,1.11,20.62,16.17,-0.17,0.24,21.00,0.20,0.52,0.17,-1.84,3.37,0.00,1.00,TRUE,FALSE,0.60,0.59,0.61,prot.1598,0.73,,,
ITIH1_45471,OID45471,ITIH1,P19827,8,0.84,3.79,10.23,-0.07,0.15,22.00,-0.08,0.28,-0.08,-0.95,6.36,0.00,1.00,TRUE,TRUE,0.48,0.47,0.49,prot.2210,0.11,seq.7955.195,0.40,
ITIH3_45378,OID45378,ITIH3,Q06033,7,0.07,4.87,13.00,-1.34,0.19,22.00,-0.79,0.48,-0.75,-2.67,0.48,0.00,0.92,TRUE,TRUE,0.59,0.58,0.59,prot.3261,0.69,seq.7145.1,0.74,
ITIH4_45472,OID45472,ITIH4,Q14624,8,0.84,5.19,14.81,-0.08,0.26,22.00,-0.16,0.43,-0.14,-2.51,1.05,0.00,0.80,TRUE,FALSE,0.53,0.53,0.53,prot.3532,-0.02,seq.4811.33,0.54,
ITIH5_43881,OID43881,ITIH5,Q86UX2,4,0.00,46.97,33.48,-0.54,0.49,22.00,-0.22,0.76,-0.27,-2.66,5.72,0.01,1.00,FALSE,FALSE,0.08,0.08,0.09,,,seq.8233.2,0.05,
ITM2A_43882,OID43882,ITM2A,O43736,4,0.00,0.00,20.71,1.97,0.33,22.00,2.17,0.51,2.22,-0.06,3.99,0.01,1.00,TRUE,FALSE,0.21,0.21,0.22,,,seq.7765.15,-0.13,
ITPA_42641,OID42641,ITPA,Q9BY32,3,0.00,19.14,27.32,2.24,0.42,22.00,3.64,1.17,3.79,-2.12,7.14,0.01,0.99,TRUE,TRUE,0.57,0.55,0.57,prot.5314,0.53,seq.18916.25,0.69,
ITPKA_40319,OID40319,ITPKA,P23677,1,0.00,88.59,42.74,-0.34,0.53,22.00,-0.16,0.81,-0.19,-4.59,7.49,0.03,1.00,FALSE,FALSE,0.04,0.04,0.04,prot.2321,0.00,seq.13473.55,0.02,
ITPR1_43883,OID43883,ITPR1,Q14643,4,0.00,20.88,18.25,1.74,0.25,22.00,2.24,0.88,2.17,-0.33,7.05,0.00,1.00,FALSE,FALSE,0.40,0.39,0.40,prot.273,0.38,,,
ITPRID2_40320,OID40320,ITPRID2,P28290,1,0.00,53.17,45.86,0.54,0.55,22.00,1.08,0.65,1.07,-1.42,5.05,0.00,1.00,FALSE,FALSE,0.24,0.23,0.24,prot.2397,0.28,seq.30753.26,-0.01,
ITPRIPL1_41348,OID41348,ITPRIPL1,Q6GPH6,2,0.14,68.29,42.27,-2.02,0.71,22.00,-1.27,1.31,-1.51,-4.29,6.52,0.00,0.99,FALSE,FALSE,0.04,0.03,0.04,,,seq.9221.6,0.06,
ITPRIP_42642,OID42642,ITPRIP,Q8IWB1,3,0.00,72.93,67.88,-0.88,1.78,22.00,-0.60,1.41,-0.36,-7.63,4.38,0.03,0.96,FALSE,FALSE,0.02,0.02,0.02,prot.6698,-0.01,,,
IVD_42643,OID42643,IVD,P26440,3,0.00,73.21,52.29,-0.27,0.81,22.00,0.41,0.83,0.39,-2.99,6.13,0.01,1.00,FALSE,FALSE,0.10,0.10,0.10,prot.98,0.11,seq.17737.7,0.07,
IVL_45168,OID45168,IVL,P07476,6,1.11,9.29,9.66,1.11,0.14,21.00,0.01,0.83,0.02,-3.42,2.74,0.00,0.99,TRUE,TRUE,0.29,0.28,0.29,prot.7523,-0.06,seq.32021.16,-0.06,
IZUMO1_41349,OID41349,IZUMO1,Q8IYV9,2,0.14,90.52,171.05,1.53,2.08,22.00,0.56,3.13,0.60,-5.61,8.85,0.00,0.00,FALSE,FALSE,0.04,0.04,0.04,,,seq.21526.88,0.03,
JADE1_40321,OID40321,JADE1,Q6IE81,1,0.00,62.84,229.73,-0.39,3.17,22.00,-0.77,3.16,-0.14,-6.43,9.75,0.00,0.00,FALSE,FALSE,0.02,0.02,0.02,,,,,
JADE3_41350,OID41350,JADE3,Q92613,2,0.14,77.42,66.68,-0.38,0.99,22.00,0.19,1.01,0.19,-6.65,6.27,0.00,1.00,FALSE,FALSE,0.02,0.02,0.02,,,,,
JAKMIP1_42644,OID42644,JAKMIP1,Q96N16,3,0.00,84.76,41.23,-1.15,0.57,22.00,-0.83,0.75,-0.85,-3.08,4.21,0.01,0.99,FALSE,FALSE,0.02,0.01,0.02,,,seq.35038.35,-0.02,
JAKMIP2_41351,OID41351,JAKMIP2,Q96AA8,2,0.14,77.42,28.93,0.61,0.46,22.00,-0.27,0.92,-0.36,-2.98,6.80,0.00,1.00,FALSE,FALSE,0.00,0.00,0.01,prot.6760,-0.05,,,
JAKMIP3_40322,OID40322,JAKMIP3,Q5VZ66,1,0.00,77.87,58.04,-2.00,0.94,22.00,-1.76,1.23,-1.66,-9.58,5.32,0.01,1.00,FALSE,FALSE,0.03,0.03,0.04,,,seq.9068.17,0.05,
JAM2_44725,OID44725,JAM2,P57087,5,0.07,6.41,7.74,0.42,0.11,22.00,0.46,0.33,0.45,-0.48,3.04,0.00,0.98,FALSE,FALSE,0.41,0.41,0.42,prot.2956,0.03,seq.2997.8,0.31,
JAM3_44726,OID44726,JAM3,Q9BX67,5,0.07,12.74,27.85,0.84,0.36,22.00,1.03,0.50,0.97,-0.36,5.17,0.00,0.89,FALSE,FALSE,0.49,0.49,0.50,prot.5289,0.55,seq.2998.53,0.30,
JAZF1_40323,OID40323,JAZF1,Q86VZ6,1,0.00,81.14,64.82,-4.15,0.72,22.00,-3.79,1.01,-3.85,-9.43,2.43,0.02,0.92,FALSE,FALSE,0.04,0.04,0.04,,,,,
JCAD_40324,OID40324,JCAD,Q9P266,1,0.00,66.60,338.47,2.05,2.24,22.00,1.90,2.35,1.61,-6.67,9.68,0.10,0.01,FALSE,FALSE,0.12,0.11,0.13,prot.5864,0.15,,,
JCHAIN_42645,OID42645,JCHAIN,P01591,3,0.00,79.89,49.50,-0.15,0.73,22.00,-0.03,0.98,0.02,-7.67,3.04,0.00,0.99,FALSE,FALSE,0.06,0.05,0.07,prot.1665,-0.04,seq.15306.20,-0.04,
JMJD1C_42646,OID42646,JMJD1C,Q15652,3,0.00,80.93,89.65,-1.29,1.03,22.00,-0.98,1.81,-0.77,-7.84,5.40,0.05,0.80,FALSE,FALSE,0.05,0.05,0.05,prot.3644,0.05,,,
JMJD6_40325,OID40325,JMJD6,Q6NYC1,1,0.00,76.83,41.98,-0.09,0.70,22.00,0.26,0.90,0.19,-3.03,5.70,0.02,0.99,FALSE,FALSE,0.08,0.08,0.09,,,seq.18322.15,0.11,
JPH1_41352,OID41352,JPH1,Q9HDC5,2,0.14,70.03,49.63,-2.58,0.76,22.00,-1.94,1.26,-1.99,-10.22,3.22,0.00,0.94,FALSE,FALSE,0.03,0.02,0.03,,,seq.6940.18,0.00,
JPT2_43884,OID43884,JPT2,Q9H910,4,0.00,26.79,21.25,2.37,0.30,22.00,2.61,0.69,2.57,-0.18,6.56,0.00,1.00,FALSE,FALSE,0.58,0.57,0.58,prot.5524,0.66,seq.20110.25,0.49,
JTB_42647,OID42647,JTB,O76095,3,0.00,17.40,21.12,1.18,0.31,22.00,0.63,0.44,0.61,-0.73,3.47,0.01,1.00,FALSE,FALSE,0.25,0.25,0.26,prot.1478,0.01,seq.9038.12,0.22,
JUN_42648,OID42648,JUN,P05412,3,0.00,44.19,29.03,-0.40,0.42,22.00,0.07,1.04,-0.10,-2.72,7.40,0.03,0.99,FALSE,FALSE,0.09,0.08,0.09,,,seq.10356.21,0.04,
KALRN_40326,OID40326,KALRN,O60229,1,0.00,84.48,55.90,-1.46,1.37,22.00,-0.71,2.19,-0.52,-7.89,9.75,0.07,0.15,FALSE,FALSE,0.05,0.05,0.06,prot.1290,0.05,seq.31996.11,0.01,
KANK1_41353,OID41353,KANK1,Q14678,2,0.14,73.31,158.18,2.58,2.79,22.00,-0.36,3.20,-0.04,-6.22,9.34,0.00,0.00,FALSE,FALSE,0.01,0.00,0.01,,,seq.32060.30,-0.03,
KANK2_42649,OID42649,KANK2,Q63ZY3,3,0.00,8.14,18.79,0.43,0.29,22.00,1.41,0.74,1.33,-0.44,6.66,0.02,0.84,FALSE,FALSE,0.31,0.30,0.32,prot.3931,0.28,,,
KANK4_40327,OID40327,KANK4,Q5T7N3,1,0.00,92.48,34.81,-2.18,0.61,22.00,-1.91,0.70,-1.93,-4.97,3.59,0.01,0.95,FALSE,FALSE,0.04,0.04,0.04,,,seq.30783.44,0.06,
KANSL1_41354,OID41354,KANSL1,Q7Z3B3,2,0.14,88.01,42.60,-0.84,0.79,22.00,-0.94,1.20,-0.89,-8.50,5.35,0.00,0.98,FALSE,FALSE,0.02,0.02,0.03,,,,,
KAT14_41355,OID41355,KAT14,Q9H8E8,2,0.14,93.94,56.85,-0.38,1.56,22.00,0.00,1.23,0.08,-7.54,5.82,0.00,0.99,FALSE,FALSE,0.01,0.01,0.01,,,seq.33749.17,0.01,
KAT2B_40328,OID40328,KAT2B,Q92831,1,0.00,83.79,73.98,-0.46,0.88,22.00,0.32,1.28,0.15,-4.51,8.60,0.01,1.00,FALSE,FALSE,0.02,0.01,0.02,,,seq.12368.18,-0.04,
KAT6A_42650,OID42650,KAT6A,Q92794,3,0.00,66.04,42.31,-0.22,0.69,22.00,-0.06,1.17,-0.19,-3.22,8.07,0.02,0.99,FALSE,FALSE,0.07,0.06,0.08,,,,,
KATNAL1_41356,OID41356,KATNAL1,Q9BW62,2,0.14,34.08,226.81,1.59,2.06,22.00,2.06,2.34,1.88,-5.90,8.88,0.00,0.96,FALSE,FALSE,0.19,0.19,0.20,prot.5277,0.13,seq.24494.67,-0.01,
KATNB1_42651,OID42651,KATNB1,Q9BVA0,3,0.00,32.64,29.35,0.72,0.44,22.00,0.95,0.67,0.94,-1.59,6.57,0.01,0.99,FALSE,FALSE,0.33,0.32,0.33,prot.5259,0.45,,,
KAZALD1_43885,OID43885,KAZALD1,Q96I82,4,0.00,5.64,8.67,0.54,0.12,22.00,0.68,0.51,0.68,-3.97,2.58,0.00,1.00,TRUE,FALSE,0.61,0.60,0.61,prot.4961,0.79,seq.7144.70,0.21,
KAZN_43886,OID43886,KAZN,Q674X7,4,0.00,46.76,30.33,0.88,0.48,22.00,1.53,0.78,1.55,-3.19,4.62,0.00,0.96,FALSE,FALSE,0.33,0.32,0.33,prot.3940,0.30,seq.31582.35,0.32,
KBTBD7_41357,OID41357,KBTBD7,Q8WVZ9,2,0.14,86.62,247.70,-0.84,2.92,22.00,-0.69,2.81,-0.14,-6.37,7.88,0.00,0.00,FALSE,FALSE,-0.01,-0.01,-0.01,,,seq.33115.140,-0.05,
KCNA3_41358,OID41358,KCNA3,P22001,2,0.14,86.06,78.13,-0.45,1.79,22.00,-0.33,1.55,-0.07,-7.03,4.90,0.00,0.97,FALSE,FALSE,0.02,0.02,0.02,prot.2268,0.00,,,
KCNC4_42652,OID42652,KCNC4,Q03721,3,0.00,56.92,33.68,-2.09,0.45,22.00,-1.23,1.23,-1.47,-4.38,5.10,0.02,1.00,FALSE,FALSE,0.07,0.07,0.08,,,,,
KCND2_41359,OID41359,KCND2,Q9NZV8,2,0.14,88.29,231.81,0.07,2.55,22.00,-0.52,2.97,-0.01,-6.13,9.13,0.00,0.00,FALSE,FALSE,0.02,0.02,0.02,,,,,
KCNE1_41360,OID41360,KCNE1,P15382,2,0.14,76.79,48.20,-0.27,0.71,22.00,-0.20,0.96,-0.24,-5.53,5.40,0.00,1.00,FALSE,FALSE,0.06,0.05,0.06,,,,,
KCNIP3_40329,OID40329,KCNIP3,Q9Y2W7,1,0.00,98.96,215.32,0.50,2.64,22.00,0.59,2.94,0.51,-6.65,9.27,0.00,0.01,FALSE,FALSE,0.01,0.01,0.02,,,seq.10513.13,-0.01,
KCNIP4_42653,OID42653,KCNIP4,Q6PIL6,3,0.00,75.02,34.14,-0.03,0.54,22.00,0.13,0.77,0.08,-6.69,8.06,0.03,0.99,FALSE,FALSE,0.02,0.02,0.02,,,seq.7011.8,-0.02,
KCNJ11_40330,OID40330,KCNJ11,Q14654,1,0.00,89.35,106.10,-1.20,2.85,22.00,-0.31,2.57,0.18,-7.11,9.11,0.01,0.00,FALSE,FALSE,0.03,0.03,0.03,,,,,
KCNRG_41361,OID41361,KCNRG,Q8N5I3,2,0.14,85.44,116.20,-2.20,2.64,22.00,-1.31,2.58,-0.57,-7.08,7.33,0.00,0.00,FALSE,FALSE,-0.01,-0.01,-0.01,,,seq.23336.2,-0.03,
KCTD16_41362,OID41362,KCTD16,Q68DU8,2,0.14,58.26,21.34,-0.51,0.35,22.00,0.11,0.91,-0.11,-3.10,5.25,0.00,1.00,FALSE,FALSE,0.04,0.04,0.05,prot.6657,-0.05,,,
KCTD18_42654,OID42654,KCTD18,Q6PI47,3,0.00,41.48,25.17,0.18,0.37,22.00,0.61,0.97,0.50,-2.01,6.89,0.01,0.99,FALSE,FALSE,0.13,0.13,0.14,,,,,
KCTD19_41363,OID41363,KCTD19,Q17RG1,2,0.14,68.71,52.45,-2.59,1.70,22.00,-1.63,1.74,-1.72,-9.57,7.49,0.00,1.00,FALSE,FALSE,0.04,0.03,0.04,,,,,
KCTD20_40331,OID40331,KCTD20,Q7Z5Y7,1,0.00,78.64,53.51,-0.32,0.76,22.00,-0.01,1.61,0.00,-7.90,9.53,0.02,0.99,FALSE,FALSE,0.02,0.02,0.02,prot.4196,-0.01,,,
KCTD2_41364,OID41364,KCTD2,Q14681,2,0.14,90.52,339.23,1.41,1.82,22.00,1.25,2.33,1.34,-6.04,9.84,0.00,0.26,FALSE,FALSE,0.05,0.05,0.06,,,seq.23285.51,0.01,
KCTD5_43887,OID43887,KCTD5,Q9NXV2,4,0.00,8.56,15.74,0.76,0.24,22.00,0.68,0.51,0.63,-0.93,3.49,0.00,0.99,FALSE,FALSE,0.25,0.24,0.25,,,seq.12473.48,0.02,
KCTD8_41365,OID41365,KCTD8,Q6ZWB6,2,0.14,74.15,36.22,2.26,0.46,22.00,-0.33,1.23,-0.46,-5.04,5.59,0.00,1.00,FALSE,FALSE,0.05,0.05,0.05,,,seq.34213.7,0.04,
KDF1_41366,OID41366,KDF1,Q8NAX2,2,0.14,71.29,28.23,-0.80,0.41,22.00,-0.29,1.13,-0.47,-3.04,7.92,0.00,0.99,FALSE,FALSE,0.02,0.02,0.02,,,seq.23550.10,-0.02,
KDM1A_40332,OID40332,KDM1A,O60341,1,0.00,98.96,80.28,0.15,1.56,22.00,-0.06,1.68,0.24,-7.72,3.35,0.05,0.98,FALSE,FALSE,0.01,0.01,0.02,prot.8018,-0.06,seq.22429.13,-0.04,
KDM3A_42655,OID42655,KDM3A,Q9Y4C1,3,0.00,85.87,32.98,0.29,0.50,22.00,-0.03,0.85,-0.02,-7.86,4.86,0.01,1.00,FALSE,FALSE,0.03,0.03,0.03,,,seq.31600.7,-0.01,
KDM5A_40333,OID40333,KDM5A,P29375,1,0.00,96.10,44.51,-0.08,0.96,22.00,0.08,0.76,0.11,-4.60,3.13,0.01,1.00,FALSE,FALSE,0.06,0.06,0.07,,,,,
KDM5D_41367,OID41367,KDM5D,Q9BY66,2,0.14,60.98,51.00,-0.31,0.65,22.00,-0.18,1.33,-0.11,-8.28,7.56,0.00,0.93,FALSE,FALSE,NA,NA,NA,,,,,
KDR_44727,OID44727,KDR,P35968,5,0.07,0.00,8.26,0.48,0.12,22.00,0.48,0.29,0.50,-0.84,1.68,0.00,1.00,TRUE,FALSE,0.54,0.53,0.55,,,seq.3651.50,0.62,
KEL_43888,OID43888,KEL,P23276,4,0.00,0.00,13.26,0.01,0.17,22.00,0.31,0.42,0.29,-0.98,2.73,0.00,0.99,FALSE,FALSE,0.30,0.30,0.31,prot.2304,0.24,seq.7070.25,-0.04,
KHDC3L_42656,OID42656,KHDC3L,Q587J8,3,0.00,60.82,104.39,-5.68,2.66,22.00,-2.81,2.41,-2.61,-9.81,5.21,0.05,0.00,FALSE,FALSE,0.01,0.01,0.02,,,seq.28558.10,-0.04,
KHDRBS3_41368,OID41368,KHDRBS3,O75525,2,0.14,77.00,28.91,0.01,0.39,22.00,0.33,1.18,0.14,-2.38,9.76,0.00,0.91,FALSE,FALSE,0.06,0.06,0.07,,,,,
KHK_43889,OID43889,KHK,P50053,4,0.00,0.00,14.12,4.63,0.21,22.00,4.06,0.87,4.07,-1.47,6.61,0.00,0.96,TRUE,FALSE,0.43,0.42,0.44,prot.2770,0.12,seq.21856.59,0.28,
KIAA0232_40334,OID40334,KIAA0232,Q92628,1,0.00,72.30,47.65,0.04,0.71,22.00,-0.28,1.37,-0.25,-8.73,5.45,0.01,0.98,FALSE,FALSE,0.05,0.04,0.05,,,seq.32129.139,0.04,
KIAA0319L_42657,OID42657,KIAA0319L,Q8IZA0,3,0.00,22.62,15.66,0.30,0.25,22.00,0.50,0.78,0.38,-1.33,8.23,0.04,1.00,FALSE,FALSE,0.16,0.15,0.17,prot.4372,0.04,seq.13698.28,0.06,
KIAA0319_43890,OID43890,KIAA0319,Q5VV43,4,0.00,37.16,21.03,-0.24,0.29,22.00,0.00,0.48,-0.03,-1.52,5.20,0.01,0.99,TRUE,FALSE,0.32,0.31,0.32,,,seq.26057.8,0.43,
KIAA0408_41369,OID41369,KIAA0408,Q6ZU52,2,0.14,54.29,153.61,1.24,3.63,22.00,0.94,3.42,0.30,-5.62,14.23,0.00,0.00,FALSE,FALSE,0.03,0.03,0.03,,,,,
KIAA0513_42658,OID42658,KIAA0513,O60268,3,0.00,0.49,22.10,3.95,0.33,22.00,4.13,0.99,4.15,-1.26,8.66,0.01,0.99,FALSE,FALSE,0.59,0.59,0.60,prot.1299,0.73,seq.34767.25,0.72,
KIAA0586_41370,OID41370,KIAA0586,Q9BVV6,2,0.14,76.59,25.40,-0.30,0.37,22.00,0.39,0.79,0.25,-1.60,5.15,0.00,0.99,FALSE,FALSE,0.07,0.06,0.07,,,,,
KIAA0753_40335,OID40335,KIAA0753,Q2KHM9,1,0.00,73.90,224.80,-0.37,3.00,22.00,1.02,3.25,0.24,-5.63,9.84,0.00,0.00,FALSE,FALSE,0.02,0.02,0.03,,,,,
KIAA1143_42659,OID42659,KIAA1143,Q96AT1,3,0.00,24.08,16.76,0.09,0.24,22.00,0.40,0.55,0.36,-1.19,3.42,0.01,0.89,FALSE,FALSE,0.19,0.18,0.19,,,seq.23625.44,0.16,
KIAA1210_41371,OID41371,KIAA1210,Q9ULL0,2,0.14,75.89,40.29,-3.11,0.70,22.00,-2.43,1.54,-2.45,-9.99,4.63,0.00,1.00,FALSE,FALSE,0.04,0.03,0.04,,,,,
KIAA1217_40336,OID40336,KIAA1217,Q5T5P2,1,0.00,65.00,25.65,-0.73,0.48,22.00,-0.05,0.80,-0.11,-4.67,5.32,0.01,1.00,FALSE,FALSE,0.06,0.06,0.07,,,seq.32080.37,0.01,
KIAA1328_42660,OID42660,KIAA1328,Q86T90,3,0.00,73.14,50.91,-0.71,1.06,22.00,-0.20,0.97,-0.22,-4.00,6.84,0.02,0.99,FALSE,FALSE,0.03,0.03,0.03,,,,,
KIAA1549L_42662,OID42662,KIAA1549L,Q6ZVL6,3,0.00,71.61,41.67,0.13,0.62,22.00,-1.77,2.02,-1.56,-8.76,7.31,0.06,0.03,FALSE,FALSE,0.03,0.03,0.04,,,seq.11145.72,-0.01,
KIAA1549_42661,OID42661,KIAA1549,Q9HCM3,3,0.00,89.70,64.83,-0.37,1.65,22.00,0.04,1.29,0.04,-7.70,6.32,0.02,0.98,FALSE,FALSE,0.02,0.02,0.03,,,seq.32157.78,0.00,
KIAA1614_40337,OID40337,KIAA1614,Q5VZ46,1,0.00,78.91,75.45,-1.98,2.53,22.00,-0.13,2.07,0.09,-7.78,5.48,0.05,0.25,FALSE,FALSE,0.02,0.02,0.03,,,,,
KIAA1755_41372,OID41372,KIAA1755,Q5JYT7,2,0.14,68.08,58.51,-0.93,1.47,22.00,0.41,1.57,0.34,-7.94,8.12,0.00,0.86,FALSE,FALSE,0.02,0.02,0.02,,,,,
KIAA1958_40338,OID40338,KIAA1958,Q8N8K9,1,0.00,65.27,30.36,-0.04,0.59,22.00,0.76,1.24,0.60,-3.20,9.81,0.02,0.99,FALSE,FALSE,0.09,0.08,0.09,,,,,
KIAA2013_43891,OID43891,KIAA2013,Q8IYS2,4,0.00,77.38,22.96,-1.26,0.34,22.00,-0.78,1.01,-0.95,-3.41,5.55,0.03,1.00,FALSE,FALSE,0.06,0.05,0.07,prot.4363,0.01,seq.6538.90,-0.04,
KIAA2026_40339,OID40339,KIAA2026,Q5HYC2,1,0.00,93.04,232.53,3.74,1.78,22.00,0.28,2.44,0.52,-7.33,8.55,0.02,0.33,FALSE,FALSE,0.01,0.01,0.02,prot.3810,-0.05,,,
KIF13A_40340,OID40340,KIF13A,Q9H1H9,1,0.00,65.55,29.96,-0.09,0.37,22.00,0.37,0.98,0.13,-1.49,8.38,0.05,1.00,FALSE,FALSE,0.05,0.05,0.05,prot.5427,0.04,,,
KIF13B_40341,OID40341,KIF13B,Q9NQT8,1,0.00,87.82,225.26,0.80,2.83,22.00,0.84,2.77,0.73,-6.69,8.42,0.05,0.91,FALSE,FALSE,0.07,0.07,0.08,prot.5640,0.09,,,
KIF15_41373,OID41373,KIF15,Q9NS87,2,0.14,57.07,125.15,-3.03,2.38,22.00,-2.23,2.84,-1.41,-6.05,6.18,0.00,0.00,FALSE,FALSE,0.03,0.03,0.03,,,,,
KIF18A_41374,OID41374,KIF18A,Q8NI77,2,0.14,52.40,45.85,-5.71,0.71,22.00,-4.27,1.36,-4.45,-8.59,3.91,0.00,1.00,FALSE,FALSE,0.06,0.06,0.06,,,seq.34370.14,0.01,
KIF19_41375,OID41375,KIF19,Q2TAC6,2,0.14,54.22,47.46,-0.70,0.60,22.00,0.25,1.54,-0.05,-4.27,8.04,0.00,0.99,FALSE,FALSE,0.04,0.03,0.04,,,,,
KIF1A_41376,OID41376,KIF1A,Q12756,2,0.14,91.50,67.16,-0.77,2.08,22.00,0.07,1.67,0.21,-7.26,7.77,0.00,0.90,FALSE,FALSE,0.01,0.01,0.01,,,seq.32046.8,-0.02,
KIF1C_42663,OID42663,KIF1C,O43896,3,0.00,68.20,53.72,0.11,0.82,22.00,0.35,0.92,0.33,-5.79,7.17,0.01,0.99,FALSE,FALSE,0.05,0.05,0.05,,,seq.9899.28,-0.03,
KIF20B_42664,OID42664,KIF20B,Q96Q89,3,0.00,84.76,39.96,-0.41,0.65,22.00,-0.08,1.10,-0.08,-8.74,5.99,0.02,0.99,FALSE,FALSE,0.04,0.03,0.04,,,,,
KIF22_43892,OID43892,KIF22,Q14807,4,0.00,26.65,33.72,3.72,0.54,22.00,3.17,1.40,3.34,-3.33,7.97,0.00,1.00,FALSE,FALSE,0.21,0.20,0.22,,,seq.12734.112,-0.12,
KIF24_41377,OID41377,KIF24,Q5T7B8,2,0.14,60.28,129.64,-3.53,2.44,22.00,-1.10,3.08,-0.48,-6.88,9.27,0.00,0.00,FALSE,FALSE,0.01,0.01,0.02,,,,,
KIF26A_41378,OID41378,KIF26A,Q9ULI4,2,0.14,83.41,57.37,-0.08,0.78,22.00,0.23,1.45,0.14,-6.96,7.77,0.00,0.99,FALSE,FALSE,0.03,0.03,0.03,,,,,
KIF26B_40342,OID40342,KIF26B,Q2KJY2,1,0.00,79.89,51.92,1.50,0.63,22.00,0.34,0.98,0.34,-5.18,7.05,0.01,0.94,FALSE,FALSE,0.08,0.08,0.09,,,,,
KIF27_42665,OID42665,KIF27,Q86VH2,3,0.00,78.15,31.00,-0.39,0.46,22.00,-0.05,0.81,-0.12,-2.64,4.17,0.01,0.99,FALSE,FALSE,0.04,0.04,0.04,,,,,
KIF28P_40343,OID40343,KIF28P,B7ZC32,1,0.00,69.59,57.48,-0.50,0.56,22.00,-0.25,0.77,-0.32,-2.81,4.88,0.01,1.00,FALSE,FALSE,0.05,0.04,0.05,,,,,
KIF2B_40344,OID40344,KIF2B,Q8N4N8,1,0.00,87.33,65.80,-0.03,0.98,22.00,-0.06,0.88,0.00,-7.49,6.30,0.01,0.99,FALSE,FALSE,0.02,0.02,0.03,,,,,
KIF2C_41379,OID41379,KIF2C,Q99661,2,0.14,76.72,31.41,-1.47,0.49,22.00,-1.54,0.80,-1.52,-5.21,3.11,0.00,0.95,FALSE,FALSE,0.08,0.08,0.09,,,,,
KIF3A_42666,OID42666,KIF3A,Q9Y496,3,0.00,91.09,42.98,-0.15,0.63,22.00,0.10,0.93,0.10,-3.57,4.99,0.01,0.99,FALSE,FALSE,0.02,0.02,0.03,,,seq.13961.18,0.01,
KIF3B_41380,OID41380,KIF3B,O15066,2,0.14,82.79,70.16,-0.39,1.19,22.00,0.35,1.29,0.40,-7.22,5.40,0.00,0.99,FALSE,FALSE,0.06,0.06,0.06,prot.6994,0.08,seq.24953.27,0.05,
KIF4A_42667,OID42667,KIF4A,O95239,3,0.00,62.56,29.01,-0.87,0.41,22.00,-0.37,0.63,-0.46,-2.06,4.75,0.02,0.96,FALSE,FALSE,0.06,0.06,0.07,,,,,
KIF4B_41381,OID41381,KIF4B,Q2VIQ3,2,0.14,80.49,24.47,-0.33,0.36,22.00,-0.06,0.64,-0.15,-1.92,4.89,0.00,1.00,FALSE,FALSE,0.06,0.06,0.07,,,,,
KIF5C_41382,OID41382,KIF5C,O60282,2,0.14,88.92,41.90,-0.17,0.78,22.00,-0.03,0.85,-0.03,-6.71,4.89,0.00,0.99,FALSE,FALSE,0.02,0.02,0.03,,,,,
KIF6_40345,OID40345,KIF6,Q6ZMV9,1,0.00,19.62,19.81,0.92,0.30,22.00,1.29,0.53,1.27,-0.68,5.13,0.01,0.99,FALSE,FALSE,0.31,0.30,0.32,,,,,
KIF7_41383,OID41383,KIF7,Q2M1P5,2,0.14,83.83,53.12,-0.36,1.39,22.00,0.38,1.16,0.46,-6.95,9.31,0.00,0.99,FALSE,FALSE,0.05,0.05,0.06,,,,,
KIF9_41384,OID41384,KIF9,Q9HAQ2,2,0.14,60.63,29.11,0.01,0.49,22.00,0.74,1.46,0.47,-3.60,10.33,0.00,0.99,FALSE,FALSE,0.13,0.12,0.13,,,,,
KIFAP3_42668,OID42668,KIFAP3,Q92845,3,0.00,59.78,19.43,-0.35,0.27,22.00,-0.12,0.83,-0.31,-1.71,5.73,0.04,0.99,FALSE,FALSE,0.06,0.06,0.06,prot.4758,0.02,,,
KIFC1_42669,OID42669,KIFC1,Q9BW19,3,0.00,68.48,25.55,-0.58,0.37,22.00,-0.10,0.72,-0.15,-2.50,2.98,0.00,0.90,FALSE,FALSE,0.20,0.19,0.20,,,,,
KIFC2_40346,OID40346,KIFC2,Q96AC6,1,0.00,78.43,34.12,-0.13,0.56,22.00,0.38,0.78,0.34,-2.71,5.64,0.01,0.97,FALSE,FALSE,0.05,0.04,0.05,,,,,
KIFC3_43893,OID43893,KIFC3,Q9BVG8,4,0.00,0.00,30.80,2.76,0.47,22.00,3.44,0.90,3.54,-1.22,7.13,0.01,0.99,FALSE,FALSE,0.49,0.48,0.49,prot.5263,0.44,,,4
KIN_40347,OID40347,KIN,O60870,1,0.00,94.92,66.74,-1.06,1.35,22.00,-0.71,1.81,-0.47,-7.62,7.89,0.05,0.19,FALSE,FALSE,0.00,-0.01,0.00,,,seq.13476.16,-0.06,
KIR2DL2_KIR2DL3_43894,OID43894,KIR2DL2_KIR2DL3,P43627_P43628,4,0.00,45.09,22.03,1.44,0.30,22.00,0.94,1.00,1.00,-3.66,3.62,0.00,1.00,FALSE,FALSE,0.33,0.32,0.34,,,seq.17153.46,0.41,
KIR3DL1_42672,OID42672,KIR3DL1,P43629,3,0.00,18.58,12.24,1.10,0.18,22.00,-0.72,2.08,-0.18,-8.04,4.31,0.02,0.01,TRUE,FALSE,0.21,0.20,0.22,,,seq.18907.97,0.05,
KIR3DL2_42673,OID42673,KIR3DL2,P43630,3,0.00,45.02,34.62,-1.56,0.50,22.00,-1.00,1.11,-1.22,-3.70,7.85,0.04,1.00,FALSE,FALSE,0.04,0.04,0.04,,,seq.5096.51,0.01,
KIR3DL3_41388,OID41388,KIR3DL3,Q8N743,2,0.14,94.84,49.72,1.65,0.75,22.00,-0.23,1.87,0.04,-7.94,7.41,0.00,1.00,FALSE,FALSE,0.03,0.03,0.03,,,seq.8045.3,0.01,
KIRREL1_42674,OID42674,KIRREL1,Q96J84,3,0.00,75.16,37.20,-1.70,0.56,22.00,-1.01,1.07,-1.21,-3.63,6.09,0.03,0.99,FALSE,FALSE,0.03,0.03,0.04,,,seq.22563.4,0.03,
KIRREL2_42675,OID42675,KIRREL2,Q6UWL6,3,0.00,21.92,16.08,0.12,0.24,22.00,0.26,0.43,0.27,-1.69,2.70,0.00,1.00,FALSE,FALSE,0.40,0.40,0.42,,,seq.16609.106,0.55,
KIRREL3_40349,OID40349,KIRREL3,Q8IZU9,1,0.00,88.17,37.95,0.03,0.51,22.00,0.16,0.73,0.11,-2.61,4.55,0.02,0.98,FALSE,FALSE,0.02,0.02,0.02,,,seq.4557.61,-0.03,
KISS1_45169,OID45169,KISS1,Q15726,6,1.11,83.25,29.93,0.29,0.49,21.00,0.15,0.96,0.14,-3.25,12.45,0.00,0.99,FALSE,FALSE,0.36,0.36,0.37,prot.7566,0.50,seq.6606.61,-0.04,
KITLG_44728,OID44728,KITLG,P21583,5,0.07,5.64,7.44,0.88,0.10,22.00,0.58,0.46,0.60,-1.91,2.97,0.00,0.97,FALSE,FALSE,0.63,0.63,0.64,,,seq.9377.25,0.82,
KIT_45379,OID45379,KIT,P10721,7,0.07,0.00,5.90,0.13,0.09,22.00,-0.20,0.33,-0.20,-1.93,1.30,0.00,0.96,FALSE,FALSE,0.61,0.60,0.61,prot.175,-0.05,seq.2475.1,0.74,
KLB_43895,OID43895,KLB,Q86Z14,4,0.00,1.04,9.35,0.08,0.13,22.00,0.12,0.84,0.12,-2.81,3.26,0.00,0.97,TRUE,TRUE,0.51,0.50,0.51,,,seq.19557.3,0.54,
KLF12_41389,OID41389,KLF12,Q9Y4X4,2,0.14,87.60,29.82,-0.02,0.47,22.00,0.07,0.67,0.04,-4.48,4.06,0.00,1.00,FALSE,FALSE,0.03,0.02,0.03,,,seq.29361.271,0.02,
KLF15_40350,OID40350,KLF15,Q9UIH9,1,0.00,94.43,90.83,-1.97,2.10,22.00,-1.47,2.34,-0.86,-7.60,3.83,0.09,0.00,FALSE,FALSE,0.01,0.01,0.02,,,seq.28435.14,0.00,
KLF4_42676,OID42676,KLF4,O43474,3,0.00,65.41,30.21,-0.78,0.51,22.00,-0.78,0.65,-0.73,-4.03,1.83,0.00,0.81,FALSE,FALSE,0.03,0.03,0.03,,,seq.17850.42,-0.08,
KLF8_40351,OID40351,KLF8,O95600,1,0.00,92.90,54.35,0.02,0.72,22.00,0.03,0.97,0.05,-8.38,6.08,0.01,0.72,FALSE,FALSE,0.02,0.02,0.02,,,,,
KLHDC4_41390,OID41390,KLHDC4,Q8TBB5,2,0.14,22.37,22.99,0.51,0.35,22.00,0.88,0.73,0.78,-1.17,6.90,0.00,0.97,TRUE,FALSE,0.20,0.19,0.20,prot.7137,-0.12,seq.32829.5,0.02,
KLHDC7B_41391,OID41391,KLHDC7B,Q96G42,2,0.14,79.16,39.83,-0.12,0.70,22.00,0.01,0.86,-0.02,-3.77,6.03,0.00,0.99,FALSE,FALSE,0.02,0.02,0.02,,,seq.31291.14,0.02,
KLHL40_41392,OID41392,KLHL40,Q2TBA0,2,0.14,56.79,25.47,-0.53,0.40,22.00,0.37,1.22,0.05,-2.55,7.89,0.00,0.92,FALSE,FALSE,0.04,0.04,0.05,,,seq.24256.7,0.01,
KLHL41_42677,OID42677,KLHL41,O60662,3,0.00,51.50,33.67,0.96,0.45,22.00,0.52,0.82,0.49,-3.36,6.62,0.01,0.99,FALSE,FALSE,0.28,0.28,0.29,,,seq.23660.112,0.53,
KLK10_44730,OID44730,KLK10,O43240,5,0.07,5.15,8.98,-0.31,0.13,22.00,-0.33,0.45,-0.34,-1.79,3.37,0.00,0.76,TRUE,TRUE,0.68,0.68,0.69,prot.1216,0.06,seq.6227.1,0.78,
KLK11_44731,OID44731,KLK11,Q9UBX7,5,0.07,3.76,13.36,0.43,0.21,22.00,0.26,0.38,0.26,-1.40,3.49,0.00,0.82,FALSE,FALSE,0.55,0.54,0.55,,,seq.2831.29,0.61,
KLK12_42678,OID42678,KLK12,Q9UKR0,3,0.00,53.17,24.54,-0.65,0.38,22.00,-2.21,2.90,-0.94,-10.76,3.30,0.01,0.00,TRUE,TRUE,0.14,0.13,0.15,,,seq.3199.54,0.11,
KLK13_43896,OID43896,KLK13,Q9UKR3,4,0.00,0.00,10.62,2.28,0.16,22.00,2.00,0.52,1.97,0.39,3.97,0.00,0.99,TRUE,FALSE,0.63,0.62,0.64,prot.8061,0.40,seq.11152.46,0.84,
KLK14_43897,OID43897,KLK14,Q9P0G3,4,0.00,5.50,8.71,-0.35,0.12,22.00,-0.03,0.55,-0.02,-2.45,2.00,0.00,0.99,TRUE,FALSE,0.67,0.66,0.68,prot.5838,0.81,seq.8620.56,0.89,
KLK15_43898,OID43898,KLK15,Q9H2R5,4,0.00,2.85,17.14,-0.90,0.24,22.00,0.11,0.53,0.10,-1.59,8.06,0.01,0.99,FALSE,FALSE,0.21,0.20,0.22,,,seq.6491.59,0.06,
KLK1_44729,OID44729,KLK1,P06870,5,0.07,0.00,11.05,-1.94,0.16,22.00,0.12,1.44,-0.34,-2.81,3.47,0.00,0.00,FALSE,FALSE,0.58,0.57,0.60,,,,,
KLK4_43899,OID43899,KLK4,Q9Y5K2,4,0.00,7.52,11.34,-0.19,0.16,22.00,0.60,0.96,0.46,-2.11,8.90,0.00,1.00,TRUE,FALSE,0.26,0.25,0.27,,,seq.2833.20,0.00,
KLK6_44732,OID44732,KLK6,Q92876,5,0.07,0.07,10.98,0.60,0.15,22.00,0.63,0.39,0.63,-1.09,2.09,0.00,0.92,FALSE,FALSE,0.36,0.35,0.37,prot.7429,0.05,seq.35095.42,0.06,
KLK7_44733,OID44733,KLK7,P49862,5,0.07,4.18,23.37,-0.50,0.63,22.00,-0.20,0.77,-0.11,-4.42,3.40,0.00,1.00,TRUE,FALSE,0.55,0.54,0.56,prot.2763,0.71,seq.3378.49,0.64,
KLK8_44734,OID44734,KLK8,O60259,5,0.07,3.76,6.52,0.04,0.10,22.00,0.00,0.44,-0.01,-2.29,2.87,0.00,1.00,TRUE,FALSE,0.71,0.70,0.71,prot.7902,-0.34,seq.13708.56,0.84,
KLK9_42679,OID42679,KLK9,Q9UKQ9,3,0.00,70.29,22.61,-1.40,0.43,22.00,-1.59,0.41,-1.60,-3.68,2.47,0.02,0.99,FALSE,FALSE,0.05,0.04,0.05,prot.8055,,seq.5758.49,-0.02,
KLKB1_45473,OID45473,KLKB1,P03952,8,0.84,0.00,10.13,0.78,0.15,22.00,0.56,0.34,0.57,-0.88,5.10,0.00,1.00,TRUE,TRUE,0.59,0.58,0.59,,,seq.4152.58,0.59,
KLKP1_41393,OID41393,KLKP1,Q107X0,2,0.14,59.02,90.80,-3.98,2.30,22.00,-2.90,2.53,-2.22,-7.79,3.96,0.00,0.00,FALSE,FALSE,0.00,0.00,0.00,,,seq.34885.6,-0.04,
KLRB1_43900,OID43900,KLRB1,Q12918,4,0.00,0.00,10.25,0.18,0.15,22.00,0.70,0.54,0.66,-1.87,3.07,0.01,1.00,FALSE,FALSE,0.30,0.30,0.31,,,seq.10809.14,0.21,
KLRC1_42680,OID42680,KLRC1,P26715,3,0.00,80.86,71.78,-1.73,1.70,22.00,-0.35,1.43,-0.42,-8.44,8.60,0.02,0.99,FALSE,FALSE,0.02,0.02,0.02,,,seq.5629.58,0.01,
KLRD1_43901,OID43901,KLRD1,Q13241,4,0.00,0.28,17.61,0.42,0.27,22.00,0.41,0.61,0.42,-5.48,2.24,0.00,1.00,TRUE,FALSE,0.37,0.36,0.38,,,,,
KLRF1_42681,OID42681,KLRF1,Q9NZS2,3,0.00,57.97,26.16,0.18,0.41,22.00,0.83,1.06,0.66,-1.01,6.42,0.05,0.94,TRUE,TRUE,0.20,0.20,0.20,,,seq.7756.37,0.21,
KLRK1_43902,OID43902,KLRK1,P26718,4,0.00,7.31,9.53,-0.58,0.14,22.00,0.36,0.42,0.34,-1.07,2.83,0.00,0.99,TRUE,TRUE,0.30,0.29,0.31,,,seq.3056.11,0.19,
KMT2C_40352,OID40352,KMT2C,Q8NEZ4,1,0.00,75.50,37.43,0.09,0.51,22.00,-0.71,1.09,-0.81,-7.92,5.46,0.02,0.99,FALSE,FALSE,0.06,0.05,0.06,,,seq.11402.17,0.03,
KMT2E_41394,OID41394,KMT2E,Q8IZD2,2,0.14,65.37,44.66,-0.15,0.61,22.00,-0.72,1.78,-0.67,-8.02,6.80,0.00,0.99,FALSE,FALSE,0.04,0.04,0.04,,,seq.33375.216,0.03,
KMT5A_41395,OID41395,KMT5A,Q9NQR1,2,0.14,70.59,46.33,-1.60,0.74,22.00,-0.88,1.36,-0.92,-8.56,9.69,0.00,0.96,FALSE,FALSE,0.04,0.04,0.04,,,seq.29305.100,0.04,
KMT5B_41396,OID41396,KMT5B,Q4FZB7,2,0.14,76.72,89.86,-1.47,1.76,22.00,-1.11,1.81,-0.95,-7.93,5.93,0.00,0.81,FALSE,FALSE,0.03,0.03,0.03,,,,,
KNDC1_40353,OID40353,KNDC1,Q76NI1,1,0.00,88.73,39.53,1.46,0.54,22.00,-1.99,2.61,-1.67,-8.62,6.01,0.02,0.00,FALSE,FALSE,0.04,0.04,0.04,,,,,
KNSTRN_40354,OID40354,KNSTRN,Q9Y448,1,0.00,94.22,161.15,-1.99,3.03,22.00,-0.60,2.29,-0.07,-7.03,5.14,0.07,0.00,FALSE,FALSE,0.02,0.01,0.02,,,,,
KPNA7_40355,OID40355,KPNA7,A9QM74,1,0.00,87.33,204.10,0.18,3.21,22.00,1.28,3.46,0.41,-5.93,9.22,0.00,0.00,FALSE,FALSE,0.02,0.02,0.02,,,,,
KRBA1_40356,OID40356,KRBA1,A5PL33,1,0.00,73.90,119.46,-3.96,2.66,22.00,-2.68,2.91,-1.95,-8.28,5.78,0.00,0.00,FALSE,FALSE,0.01,0.01,0.01,,,,,
KRI1_40357,OID40357,KRI1,Q8N9T8,1,0.00,81.00,65.71,-1.47,1.12,22.00,-1.25,1.96,-1.10,-8.63,8.10,0.05,0.69,FALSE,FALSE,0.03,0.02,0.03,,,,,
KRIT1_40358,OID40358,KRIT1,O00522,1,0.00,71.05,35.54,-0.31,0.41,22.00,-0.09,0.92,-0.18,-2.67,6.03,0.03,1.00,FALSE,FALSE,0.04,0.04,0.04,,,,,
KRR1_41397,OID41397,KRR1,Q13601,2,0.14,73.73,43.77,-1.06,0.66,22.00,-1.10,1.23,-1.01,-8.41,5.46,0.00,0.98,FALSE,FALSE,0.05,0.04,0.05,,,,,
KRT12_40359,OID40359,KRT12,Q99456,1,0.00,69.38,178.76,-0.12,3.32,22.00,0.53,3.35,0.01,-5.80,10.40,0.00,0.00,FALSE,FALSE,0.01,0.01,0.01,,,,,
KRT14_42682,OID42682,KRT14,P02533,3,0.00,63.33,32.92,0.34,0.39,22.00,0.20,0.62,0.14,-1.46,4.08,0.01,1.00,FALSE,FALSE,0.06,0.06,0.07,prot.1708,0.04,seq.22482.87,-0.02,
KRT17_42683,OID42683,KRT17,Q04695,3,0.00,89.28,73.27,-0.06,1.75,22.00,-0.70,2.29,-0.17,-6.85,4.39,0.02,0.00,FALSE,FALSE,0.01,0.01,0.01,prot.664,-0.02,seq.12923.51,0.00,
KRT18_43903,OID43903,KRT18,P05783,4,0.00,0.00,11.29,-0.16,0.17,22.00,0.65,1.17,0.51,-1.87,5.79,0.00,0.95,FALSE,FALSE,0.20,0.19,0.20,prot.7399,-0.16,seq.5354.11,0.00,
KRT19_43904,OID43904,KRT19,P08727,4,0.00,4.66,21.98,-0.57,0.33,22.00,0.47,0.79,0.42,-1.73,4.43,0.00,0.99,FALSE,FALSE,0.19,0.18,0.19,prot.7465,-0.02,seq.15606.19,0.02,
KRT20_40360,OID40360,KRT20,P35900,1,0.00,94.99,222.41,0.35,2.06,22.00,-0.44,2.73,-0.14,-7.00,7.19,0.00,0.00,FALSE,FALSE,0.00,0.00,0.01,prot.6407,,seq.12975.11,-0.02,
KRT31_41398,OID41398,KRT31,Q15323,2,0.14,91.15,77.64,-0.05,1.24,22.00,-0.14,1.54,0.07,-8.34,4.51,0.00,0.99,FALSE,FALSE,0.05,0.05,0.05,prot.7327,0.13,,,
KRT5_42684,OID42684,KRT5,P13647,3,0.00,56.30,28.65,1.50,0.38,22.00,0.96,1.06,0.91,-2.53,8.38,0.01,0.99,FALSE,FALSE,0.41,0.39,0.41,prot.2073,0.06,seq.11177.16,0.58,
KRT6C_43905,OID43905,KRT6C,P48668,4,0.00,29.92,17.46,-3.66,0.30,22.00,-4.40,1.09,-4.66,-6.09,4.61,0.04,0.90,FALSE,FALSE,0.13,0.12,0.13,prot.7528,-0.04,seq.31248.5,0.03,
KRT78_41399,OID41399,KRT78,Q8N1N4,2,0.14,82.02,41.67,-0.21,0.56,22.00,0.04,0.77,-0.02,-2.19,5.65,0.00,0.99,FALSE,FALSE,0.01,0.00,0.01,prot.4396,-0.03,,,
KRT8_42685,OID42685,KRT8,P05787,3,0.00,78.08,56.20,-0.41,0.72,22.00,0.55,1.52,0.18,-5.23,8.09,0.07,0.99,FALSE,FALSE,0.02,0.02,0.02,prot.7708,-0.09,seq.33744.20,-0.03,
KXD1_41400,OID41400,KXD1,Q9BQD3,2,0.14,76.93,26.11,1.40,0.36,22.00,-0.14,1.55,-0.37,-7.90,9.30,0.00,1.00,FALSE,FALSE,0.05,0.05,0.06,,,seq.22050.19,0.02,
KYAT1_44735,OID44735,KYAT1,Q16773,5,0.07,24.03,12.81,0.99,0.19,22.00,1.03,0.57,1.01,-0.78,6.91,0.00,0.99,FALSE,FALSE,0.30,0.29,0.31,prot.7079,-0.02,seq.17365.7,0.01,
KYNU_43906,OID43906,KYNU,Q16719,4,0.00,27.21,20.69,2.21,0.28,22.00,2.16,0.57,2.15,0.37,4.31,0.00,0.99,FALSE,FALSE,0.45,0.44,0.45,prot.3708,0.38,seq.4559.64,0.37,
L1CAM_44736,OID44736,L1CAM,P32004,5,0.07,0.00,12.07,-0.07,0.17,22.00,0.06,0.35,0.06,-1.07,1.73,0.00,0.95,FALSE,FALSE,0.51,0.50,0.52,,,seq.4246.40,0.67,
L1RE1_42686,OID42686,L1RE1,Q9UN81,3,0.00,62.00,94.78,0.37,0.92,22.00,0.27,1.08,0.22,-3.79,12.07,0.01,1.00,FALSE,FALSE,NA,NA,NA,,,,,
L1TD1_41401,OID41401,L1TD1,Q5T7N2,2,0.14,83.28,314.58,-1.52,3.03,22.00,-0.37,2.69,0.05,-6.62,9.33,0.00,0.00,FALSE,FALSE,0.01,0.01,0.01,,,,,
L3HYPDH_44737,OID44737,L3HYPDH,Q96EM0,5,0.07,0.14,27.93,1.43,0.43,22.00,1.94,0.74,1.91,-1.07,7.11,0.00,1.00,FALSE,FALSE,0.48,0.47,0.49,prot.4901,0.38,seq.23380.16,0.12,4
L3MBTL2_41402,OID41402,L3MBTL2,Q969R5,2,0.14,65.09,115.47,-4.80,2.48,22.00,-2.39,2.65,-2.02,-8.70,7.41,0.00,0.00,FALSE,FALSE,0.02,0.02,0.02,,,seq.12708.91,0.02,
L3MBTL4_40361,OID40361,L3MBTL4,Q8NA19,1,0.00,77.38,233.58,-1.02,3.83,22.00,-0.44,3.51,-0.07,-5.77,10.81,0.00,0.00,FALSE,FALSE,0.00,0.00,0.01,,,,,
LACRT_43907,OID43907,LACRT,Q9GZZ8,4,0.00,6.75,30.29,0.96,0.35,22.00,0.26,0.97,0.11,-1.63,5.76,0.01,0.99,FALSE,FALSE,0.35,0.34,0.35,prot.5393,0.52,seq.7163.26,0.10,
LACTB2_44738,OID44738,LACTB2,Q53H82,5,0.07,0.00,11.54,1.50,0.16,22.00,1.64,0.47,1.62,-0.20,5.07,0.00,0.99,FALSE,FALSE,0.68,0.68,0.68,prot.3785,0.41,seq.22381.1,0.81,4
LAG3_43908,OID43908,LAG3,P18627,4,0.00,2.30,13.19,-0.44,0.19,22.00,0.71,0.48,0.68,-0.93,4.45,0.00,0.99,FALSE,FALSE,0.53,0.53,0.54,prot.2190,0.61,seq.5099.14,0.78,
LAIR1_44739,OID44739,LAIR1,Q6GTX8,5,0.07,13.72,14.49,-1.39,0.22,22.00,-0.91,0.50,-0.93,-2.43,2.11,0.00,0.86,TRUE,FALSE,0.29,0.28,0.30,prot.6969,0.06,seq.11284.24,-0.07,
LAIR2_43909,OID43909,LAIR2,Q6ISS4,4,0.00,7.93,31.81,-6.16,0.52,22.00,-0.24,1.58,-0.22,-8.05,4.62,0.02,0.99,TRUE,FALSE,0.15,0.14,0.15,,,seq.7130.4,-0.02,
LAMA1_42687,OID42687,LAMA1,P25391,3,0.00,62.21,34.79,-3.08,0.55,22.00,-2.00,1.10,-2.20,-5.38,4.37,0.02,0.95,FALSE,FALSE,0.07,0.06,0.08,,,,,
LAMA4_44740,OID44740,LAMA4,Q16363,5,0.07,0.00,16.64,0.48,0.22,22.00,0.64,0.38,0.62,-0.74,3.09,0.00,0.99,FALSE,FALSE,0.29,0.28,0.30,,,seq.35764.5,0.01,
LAMB1_43910,OID43910,LAMB1,P07942,4,0.00,31.38,22.07,-0.03,0.31,22.00,0.22,0.44,0.22,-1.43,1.65,0.00,1.00,TRUE,FALSE,0.21,0.21,0.22,prot.1875,0.06,seq.18347.15,0.00,
LAMB2_45171,OID45171,LAMB2,P55268,6,1.11,8.52,9.38,0.25,0.14,21.00,0.29,0.37,0.29,-1.36,1.84,0.00,0.99,TRUE,FALSE,0.40,0.39,0.41,prot.2928,0.20,seq.29144.54,-0.02,
LAMP1_45172,OID45172,LAMP1,P11279,6,1.11,63.19,52.98,0.65,0.52,21.00,0.18,0.52,0.19,-2.02,4.36,0.00,0.99,FALSE,FALSE,0.21,0.20,0.21,prot.2022,0.18,seq.16902.17,0.01,
LAMP2_44741,OID44741,LAMP2,P13473,5,0.07,3.76,5.75,0.56,0.08,22.00,0.25,0.23,0.25,-1.19,0.89,0.00,0.99,TRUE,FALSE,0.30,0.29,0.31,prot.2063,0.13,seq.34560.33,-0.12,
LAMP3_43911,OID43911,LAMP3,Q9UQV4,4,0.00,16.21,16.47,-0.85,0.25,22.00,-0.17,0.60,-0.24,-1.80,2.37,0.00,0.71,FALSE,FALSE,0.19,0.18,0.20,,,seq.34618.247,-0.02,
LAMTOR1_41403,OID41403,LAMTOR1,Q6IAA8,2,0.14,74.36,32.21,-1.96,0.53,22.00,-2.90,1.33,-2.87,-10.69,3.22,0.00,0.99,FALSE,FALSE,0.09,0.08,0.09,prot.3970,0.11,,,
LAMTOR5_43912,OID43912,LAMTOR5,O43504,4,0.00,40.36,22.65,-1.31,0.33,22.00,-1.21,0.53,-1.22,-2.77,2.11,0.01,1.00,FALSE,FALSE,0.29,0.29,0.30,,,,,
LAP3_42688,OID42688,LAP3,P28838,3,0.00,70.63,20.67,-0.95,0.29,22.00,-0.81,0.65,-0.83,-3.09,5.39,0.02,0.99,FALSE,FALSE,0.16,0.15,0.17,prot.2403,0.24,seq.15610.72,0.24,
LARP1B_41404,OID41404,LARP1B,Q659C4,2,0.14,43.41,33.96,0.56,0.48,22.00,1.23,0.93,1.15,-2.27,6.67,0.00,1.00,FALSE,FALSE,0.22,0.21,0.22,,,,,
LARP1_43913,OID43913,LARP1,Q6PKG0,4,0.00,0.84,16.39,-0.73,0.26,22.00,-0.52,0.69,-0.60,-2.77,4.51,0.01,1.00,FALSE,FALSE,0.39,0.39,0.40,prot.4032,0.57,,,
LARP4_41405,OID41405,LARP4,Q71RC2,2,0.14,86.34,291.95,-0.17,2.92,22.00,0.82,3.16,0.94,-6.08,12.20,0.00,0.00,FALSE,FALSE,0.04,0.04,0.04,,,,,
LAS1L_41406,OID41406,LAS1L,Q9Y4W2,2,0.14,83.76,102.35,-0.63,1.89,22.00,-1.07,2.57,-0.54,-6.72,6.73,0.00,0.00,FALSE,FALSE,0.01,0.01,0.01,,,,,
LAT2_43915,OID43915,LAT2,Q9GZY6,4,0.00,65.41,27.27,1.95,0.37,22.00,2.01,0.75,1.98,-0.74,5.30,0.00,1.00,FALSE,FALSE,0.47,0.46,0.47,prot.5391,0.53,seq.5613.75,-0.15,
LATS1_43916,OID43916,LATS1,O95835,4,0.00,12.67,22.80,1.33,0.35,22.00,1.77,0.72,1.76,-0.65,6.74,0.00,0.96,FALSE,FALSE,0.44,0.43,0.45,,,,,
LAT_43914,OID43914,LAT,O43561,4,0.00,1.88,22.03,3.30,0.32,22.00,3.84,0.80,3.85,-0.15,6.93,0.01,0.99,FALSE,FALSE,0.54,0.54,0.54,prot.1247,0.53,seq.10551.7,0.00,
LAYN_43917,OID43917,LAYN,Q6UX15,4,0.00,27.70,15.47,0.25,0.22,22.00,0.40,0.47,0.36,-1.03,3.72,0.01,0.98,TRUE,FALSE,0.22,0.22,0.23,,,seq.2635.61,0.15,
LBP_45380,OID45380,LBP,P18428,7,0.07,7.73,19.13,-0.61,0.28,22.00,-0.49,0.71,-0.50,-3.09,3.44,0.00,1.00,TRUE,TRUE,0.60,0.59,0.61,prot.2187,0.39,seq.3074.6,0.72,
LBR_44742,OID44742,LBR,Q14739,5,0.07,0.00,19.70,-0.36,0.29,22.00,0.02,0.61,0.01,-1.68,4.54,0.00,0.99,FALSE,FALSE,0.52,0.52,0.53,prot.3546,0.67,,,
LBX2_41407,OID41407,LBX2,Q6XYB7,2,0.14,72.13,27.64,-0.82,0.36,22.00,-0.42,0.84,-0.53,-2.48,4.70,0.00,0.80,FALSE,FALSE,0.04,0.04,0.05,,,,,
LCA5L_41408,OID41408,LCA5L,O95447,2,0.14,47.04,46.77,-0.52,0.67,22.00,0.25,1.18,0.04,-2.61,7.37,0.00,0.66,FALSE,FALSE,0.04,0.04,0.05,,,,,
LCAT_45381,OID45381,LCAT,P04180,7,0.07,0.00,8.88,0.33,0.13,22.00,0.28,0.22,0.28,-0.56,1.17,0.00,0.96,FALSE,FALSE,0.32,0.32,0.33,prot.1759,-0.10,seq.15413.3,-0.03,
LCK_41409,OID41409,LCK,P06239,2,0.14,37.56,18.53,0.71,0.26,22.00,1.33,0.68,1.30,-1.48,4.51,0.00,0.92,FALSE,FALSE,0.40,0.39,0.40,prot.1819,0.41,seq.3452.17,0.13,
LCN15_43918,OID43918,LCN15,Q6UWW0,4,0.00,22.13,24.09,-0.14,0.36,22.00,-0.31,0.98,-0.39,-4.95,5.56,0.01,1.00,TRUE,TRUE,0.32,0.31,0.33,,,seq.29454.269,0.31,
LCN2_45382,OID45382,LCN2,P80188,7,0.07,0.00,7.40,0.28,0.11,22.00,0.35,0.41,0.33,-1.28,3.85,0.00,0.97,FALSE,FALSE,0.66,0.65,0.67,prot.3133,0.59,seq.2836.68,0.75,
LCORL_42689,OID42689,LCORL,Q8N3X6,3,0.00,87.61,20.92,-0.06,0.28,22.00,-0.08,0.41,-0.11,-1.20,3.83,0.01,1.00,FALSE,FALSE,0.03,0.03,0.04,,,seq.4304.18,0.01,
LCP1_45173,OID45173,LCP1,P13796,6,1.11,1.97,17.51,0.07,0.25,21.00,0.19,0.47,0.16,-2.13,2.12,0.00,0.99,TRUE,FALSE,0.48,0.48,0.48,prot.2081,0.23,seq.9749.190,0.44,
LCP2_44743,OID44743,LCP2,Q13094,5,0.07,0.00,21.52,3.69,0.29,22.00,3.86,0.84,3.88,-0.79,8.99,0.00,1.00,FALSE,FALSE,0.68,0.68,0.69,prot.3371,0.74,seq.31318.17,0.21,6
LCTL_40362,OID40362,LCTL,Q6UWM7,1,0.00,83.92,203.69,0.60,2.78,22.00,0.59,3.30,0.15,-5.96,7.32,0.00,0.00,FALSE,FALSE,0.02,0.02,0.02,,,seq.10890.135,0.01,
LDB3_40363,OID40363,LDB3,O75112,1,0.00,65.76,46.15,1.98,0.75,22.00,1.92,1.25,1.87,-1.98,7.98,0.00,0.98,FALSE,FALSE,0.18,0.18,0.19,prot.1367,0.00,seq.30560.7,0.00,
LDLRAP1_43919,OID43919,LDLRAP1,Q5SW96,4,0.00,50.03,40.10,3.95,0.53,22.00,4.14,0.93,4.16,-1.03,8.17,0.01,0.98,FALSE,FALSE,0.56,0.55,0.56,prot.3848,0.65,seq.18183.3,0.60,
LDLR_45174,OID45174,LDLR,P01130,6,1.11,11.19,12.34,0.51,0.18,21.00,1.10,0.69,1.10,-1.58,3.18,0.00,0.64,FALSE,FALSE,0.40,0.40,0.40,prot.1658,0.17,seq.13129.40,-0.13,
LECT2_44744,OID44744,LECT2,O14960,5,0.07,0.00,10.70,-4.97,0.15,22.00,-3.87,0.94,-3.85,-6.41,-0.53,0.00,0.13,TRUE,TRUE,0.61,0.61,0.62,prot.1132,0.40,seq.16763.11,0.66,
LEFTY2_43920,OID43920,LEFTY2,O00292,4,0.00,0.00,21.79,-0.61,0.32,22.00,-0.24,0.76,-0.23,-2.58,2.48,0.00,0.95,TRUE,TRUE,0.52,0.51,0.52,prot.1033,0.36,seq.15503.20,0.67,
LEG1_44745,OID44745,LEG1,Q6P5S2,5,0.07,0.00,14.65,-0.52,0.18,22.00,-0.68,0.84,-0.76,-3.06,3.12,0.00,0.99,FALSE,FALSE,0.41,0.41,0.42,prot.7323,,seq.7154.92,0.25,
LEKR1_42690,OID42690,LEKR1,Q6ZMV7,3,0.00,60.06,60.98,-0.82,0.81,22.00,-0.27,1.32,-0.40,-3.85,9.34,0.01,0.99,FALSE,FALSE,0.05,0.04,0.05,,,,,
LELP1_42691,OID42691,LELP1,Q5T871,3,0.00,77.38,61.24,-1.23,1.93,22.00,-0.96,2.53,-0.61,-7.41,9.58,0.01,0.00,FALSE,FALSE,0.02,0.02,0.02,,,seq.27980.11,0.00,
LENG1_41410,OID41410,LENG1,Q96BZ8,2,0.14,15.61,22.94,-0.10,0.34,22.00,0.82,0.82,0.76,-1.66,5.27,0.00,0.35,FALSE,FALSE,0.32,0.32,0.33,,,seq.23548.35,0.42,
LENG8_41411,OID41411,LENG8,Q96PV6,2,0.14,26.90,18.34,-0.76,0.26,22.00,-0.33,0.68,-0.32,-3.23,3.34,0.00,0.99,FALSE,FALSE,0.25,0.25,0.25,,,,,
LEO1_42692,OID42692,LEO1,Q8WVC0,3,0.00,75.30,32.25,-1.74,0.47,22.00,-1.20,0.65,-1.22,-4.49,3.06,0.01,0.91,FALSE,FALSE,0.05,0.05,0.06,,,seq.30824.52,-0.04,
LEPR_44747,OID44747,LEPR,P48357,5,0.07,0.00,12.92,0.23,0.17,22.00,0.14,0.33,0.12,-1.53,1.81,0.00,0.99,TRUE,TRUE,0.49,0.49,0.50,prot.6553,0.14,seq.5400.52,0.58,
LEP_44746,OID44746,LEP,P41159,5,0.07,0.49,18.31,-1.81,0.26,22.00,-0.49,1.36,-0.27,-6.86,2.78,0.00,0.80,FALSE,FALSE,0.76,0.75,0.77,prot.2604,0.91,seq.2575.5,0.96,
LETM1_43921,OID43921,LETM1,O95202,4,0.00,50.59,17.41,0.27,0.25,22.00,0.94,0.61,0.92,-1.06,3.98,0.00,0.91,FALSE,FALSE,0.34,0.34,0.35,prot.1523,0.41,,,
LGALS1_44748,OID44748,LGALS1,P09382,5,0.07,0.07,7.35,0.43,0.11,22.00,0.66,0.38,0.66,-5.82,2.22,0.00,1.00,TRUE,FALSE,0.45,0.45,0.46,prot.1931,0.38,seq.8046.9,-0.05,
LGALS3BP_45474,OID45474,LGALS3BP,Q08380,8,0.84,0.21,11.07,-1.13,0.16,22.00,-0.05,0.60,-0.06,-1.74,2.23,0.00,1.00,FALSE,FALSE,0.71,0.71,0.72,prot.3292,0.45,seq.5000.52,0.87,
LGALS3_45175,OID45175,LGALS3,P17931,6,1.11,39.76,19.85,0.84,0.29,21.00,1.07,0.55,1.08,-1.52,3.24,0.00,0.86,TRUE,TRUE,0.48,0.47,0.49,prot.2174,0.07,seq.3066.12,0.49,
LGALS4_44749,OID44749,LGALS4,P56470,5,0.07,0.00,11.53,0.50,0.16,22.00,1.10,0.67,1.01,-0.60,3.86,0.00,1.00,FALSE,FALSE,0.53,0.52,0.54,prot.7722,-0.03,seq.2982.82,0.42,
LGALS7_43922,OID43922,LGALS7,P47929,4,0.00,16.42,16.75,1.13,0.23,22.00,0.73,0.51,0.72,-1.14,4.32,0.01,0.97,TRUE,FALSE,0.27,0.27,0.28,prot.2684,0.00,seq.9196.8,0.13,
LGALS8_44750,OID44750,LGALS8,O00214,5,0.07,6.75,14.57,0.60,0.21,22.00,1.08,0.46,1.06,-0.82,5.25,0.00,1.00,TRUE,TRUE,0.58,0.57,0.59,prot.1023,0.71,seq.4909.68,-0.09,
LGALS9_44751,OID44751,LGALS9,O00182,5,0.07,0.00,10.91,-0.05,0.16,22.00,0.40,0.42,0.38,-0.79,2.43,0.00,0.99,TRUE,FALSE,0.61,0.60,0.61,prot.1016,0.11,seq.9197.4,0.66,
LGMN_44752,OID44752,LGMN,Q99538,5,0.07,0.63,10.82,0.12,0.15,22.00,0.43,0.35,0.42,-0.76,2.22,0.00,1.00,TRUE,TRUE,0.63,0.62,0.64,prot.5115,0.17,seq.3622.33,0.76,
LHB_42693,OID42693,LHB,P01229,3,0.00,51.43,71.40,-5.35,1.97,22.00,-2.83,1.67,-2.94,-11.74,3.30,0.01,0.89,FALSE,FALSE,0.15,0.15,0.16,,,seq.2953.31,0.21,
LHPP_44753,OID44753,LHPP,Q9H008,5,0.07,6.89,24.02,1.02,0.27,22.00,1.10,0.64,1.04,-1.56,4.75,0.00,1.00,TRUE,FALSE,0.36,0.34,0.37,prot.7168,0.08,,,
LHX1_41412,OID41412,LHX1,P48742,2,0.14,80.00,29.49,-0.80,0.51,22.00,-0.32,0.96,-0.45,-4.11,6.65,0.00,1.00,FALSE,FALSE,0.03,0.02,0.03,,,,,
LHX2_40364,OID40364,LHX2,P50458,1,0.00,62.63,123.12,-2.81,2.52,22.00,-1.83,2.67,-1.17,-7.71,6.31,0.00,0.00,FALSE,FALSE,0.00,0.00,0.01,,,,,
LIFR_43923,OID43923,LIFR,P42702,4,0.00,9.12,14.42,-0.03,0.21,22.00,0.19,0.33,0.18,-0.88,3.33,0.01,0.99,FALSE,FALSE,0.34,0.33,0.35,,,seq.5837.49,0.37,
LIF_42694,OID42694,LIF,P15018,3,0.00,82.81,24.49,0.07,0.36,22.00,0.11,0.51,0.07,-1.34,5.43,0.02,0.78,FALSE,FALSE,0.07,0.07,0.08,,,seq.7790.21,0.01,
LIG3_42695,OID42695,LIG3,P49916,3,0.00,48.02,34.71,0.99,0.48,22.00,0.92,0.67,0.93,-3.07,4.29,0.00,0.97,FALSE,FALSE,0.28,0.28,0.29,prot.7985,0.34,seq.30732.22,-0.02,
LILRA2_45176,OID45176,LILRA2,Q8N149,6,1.11,2.46,9.39,-0.28,0.13,21.00,0.47,0.61,0.56,-3.32,2.12,0.00,0.45,TRUE,TRUE,0.58,0.57,0.59,,,seq.15614.168,0.61,
LILRA3_45177,OID45177,LILRA3,Q8N6C8,6,1.11,12.32,10.57,-0.20,0.15,21.00,-0.25,0.75,-0.09,-3.97,3.72,0.00,0.95,FALSE,FALSE,0.70,0.69,0.71,,,seq.6391.52,0.86,
LILRA4_42696,OID42696,LILRA4,P59901,3,0.00,53.51,84.33,-1.04,0.91,22.00,-0.42,1.36,-0.43,-7.93,6.79,0.02,1.00,FALSE,FALSE,0.11,0.11,0.11,,,seq.8299.66,0.18,
LILRA5_44754,OID44754,LILRA5,A6NI73,5,0.07,2.65,7.64,-0.23,0.11,22.00,-0.27,0.40,-0.26,-1.56,1.54,0.00,0.99,TRUE,FALSE,0.62,0.61,0.63,,,seq.7787.25,0.83,
LILRA6_44755,OID44755,LILRA6,Q6PI73,5,0.07,13.86,15.56,0.15,0.22,22.00,0.25,1.19,0.52,-3.56,2.57,0.00,0.99,TRUE,FALSE,0.65,0.64,0.66,,,seq.34702.47,0.91,
LILRB4_42697,OID42697,LILRB4,Q8NHJ6,3,0.00,22.62,18.88,1.84,0.26,22.00,2.18,0.53,2.16,0.40,6.12,0.00,0.99,FALSE,FALSE,0.25,0.25,0.25,,,seq.6453.70,-0.02,
LILRB5_45178,OID45178,LILRB5,O75023,6,1.11,31.03,13.30,-1.53,0.19,21.00,-0.23,0.89,-0.01,-3.28,1.58,0.00,0.14,TRUE,TRUE,0.68,0.68,0.70,prot.6467,0.27,seq.7015.8,0.91,
LIMCH1_40365,OID40365,LIMCH1,Q9UPQ0,1,0.00,81.28,53.60,-0.46,1.26,22.00,0.46,1.58,0.31,-7.60,9.13,0.03,0.98,FALSE,FALSE,0.03,0.03,0.04,,,,,
LIMD1_41413,OID41413,LIMD1,Q9UGP4,2,0.14,40.14,18.16,1.75,0.26,22.00,1.93,0.71,1.90,-1.29,5.33,0.00,0.99,FALSE,FALSE,0.45,0.44,0.45,prot.5935,0.52,seq.25280.2,0.51,
LIN9_40366,OID40366,LIN9,Q5TKA1,1,0.00,77.87,175.11,0.08,3.91,22.00,0.35,3.16,0.05,-6.09,8.00,0.01,0.00,FALSE,FALSE,0.03,0.02,0.03,,,,,
LINC00469_40367,OID40367,LINC00469,Q8N7U9,1,0.00,76.06,288.28,-1.09,2.95,22.00,-0.59,2.95,-0.11,-6.39,11.00,0.01,0.00,FALSE,FALSE,0.02,0.02,0.02,,,,,
LINC00471_40368,OID40368,LINC00471,Q8N535,1,0.00,55.46,34.46,-0.44,0.43,22.00,-0.05,0.82,-0.18,-2.13,6.87,0.02,1.00,FALSE,FALSE,0.04,0.04,0.05,,,seq.34870.15,-0.05,
LINC01356_40369,OID40369,LINC01356,Q8N9X3,1,0.00,71.26,39.50,-1.50,0.58,22.00,-0.53,1.21,-0.70,-4.44,8.62,0.02,0.98,FALSE,FALSE,0.03,0.03,0.04,,,,,
LINC02872_41414,OID41414,LINC02872,A2RU37,2,0.14,49.20,29.44,-1.26,0.45,22.00,-0.58,1.27,-0.79,-4.66,5.62,0.00,0.99,FALSE,FALSE,0.04,0.03,0.04,,,seq.34929.5,0.02,
LINC02906_41415,OID41415,LINC02906,E5RJ46,2,0.14,85.92,40.49,1.50,0.79,22.00,-0.02,1.23,-0.02,-7.62,6.75,0.00,0.99,FALSE,FALSE,0.04,0.04,0.05,,,,,
LIPF_43924,OID43924,LIPF,P07098,4,0.00,21.92,15.34,1.10,0.21,22.00,0.90,0.88,0.83,-1.50,5.46,0.00,0.99,TRUE,TRUE,0.29,0.27,0.29,,,seq.26278.5,0.02,
LIPN_41416,OID41416,LIPN,Q5VXI9,2,0.14,78.89,72.84,-1.28,1.63,22.00,-0.17,1.51,-0.20,-7.73,7.73,0.00,0.99,FALSE,FALSE,0.08,0.08,0.08,prot.7537,0.18,seq.8097.77,0.05,
LMCD1_41417,OID41417,LMCD1,Q9NZU5,2,0.14,86.97,43.77,-0.12,0.84,22.00,0.12,0.71,0.11,-3.25,3.68,0.00,0.99,FALSE,FALSE,0.04,0.03,0.04,prot.5832,0.00,seq.31690.57,0.06,
LMNB1_43925,OID43925,LMNB1,P20700,4,0.00,15.03,35.70,-2.40,0.51,22.00,-2.03,0.71,-1.99,-8.87,1.62,0.01,1.00,FALSE,FALSE,0.32,0.31,0.32,prot.2234,0.33,seq.3889.64,-0.01,
LMNB2_43926,OID43926,LMNB2,Q03252,4,0.00,10.72,14.32,-0.30,0.20,22.00,0.03,0.42,0.01,-1.07,2.99,0.00,0.97,FALSE,FALSE,0.44,0.44,0.45,prot.3233,0.40,seq.20217.26,0.61,
LMNTD2_41418,OID41418,LMNTD2,Q8IXW0,2,0.14,83.28,59.69,-0.43,1.13,22.00,0.04,1.18,0.03,-7.75,5.16,0.00,1.00,FALSE,FALSE,0.01,0.01,0.01,,,,,
LMO4_40370,OID40370,LMO4,P61968,1,0.00,88.45,85.57,-1.28,2.13,22.00,-0.83,2.09,-0.49,-7.85,7.09,0.06,0.25,FALSE,FALSE,0.02,0.02,0.02,,,seq.23284.5,0.02,
LMOD1_43927,OID43927,LMOD1,P29536,4,0.00,8.00,8.20,1.32,0.12,22.00,0.68,0.52,0.64,-1.13,4.41,0.01,0.99,FALSE,FALSE,0.29,0.28,0.29,prot.2419,0.01,seq.12504.26,0.14,
LMOD2_42698,OID42698,LMOD2,Q6P5Q4,3,0.00,88.59,71.33,-1.00,2.17,22.00,-0.47,1.93,-0.17,-7.71,7.38,0.05,0.21,FALSE,FALSE,0.03,0.02,0.03,,,,,
LONP1_43928,OID43928,LONP1,P36776,4,0.00,20.39,24.89,0.71,0.34,22.00,1.53,0.69,1.50,-1.07,5.32,0.00,0.99,FALSE,FALSE,0.43,0.42,0.43,,,seq.6398.12,0.46,
LONRF2_40371,OID40371,LONRF2,Q1L5Z9,1,0.00,73.00,92.29,-2.14,2.43,22.00,-0.91,2.57,-0.33,-7.46,7.78,0.01,0.00,FALSE,FALSE,0.02,0.01,0.02,,,,,
LOXL2_43929,OID43929,LOXL2,Q9Y4K0,4,0.00,58.11,58.70,0.99,0.84,22.00,1.27,0.78,1.33,-3.29,3.88,0.00,0.84,FALSE,FALSE,0.19,0.18,0.19,prot.6217,,seq.6504.65,0.10,
LPA_45475,OID45475,LPA,P08519,8,0.84,2.74,55.06,-0.84,0.79,22.00,0.20,1.90,0.22,-5.54,6.51,0.00,0.98,TRUE,FALSE,0.59,0.57,0.60,prot.1902,0.78,seq.35381.3,0.76,
LPCAT2_43930,OID43930,LPCAT2,Q7L5N7,4,0.00,64.09,30.61,-0.97,0.45,22.00,-0.54,0.49,-0.57,-1.89,3.51,0.01,1.00,FALSE,FALSE,0.06,0.06,0.07,prot.7109,-0.01,seq.11175.45,0.01,
LPL_44756,OID44756,LPL,P06858,5,0.07,0.00,12.88,1.97,0.20,22.00,1.05,0.65,1.10,-3.93,2.68,0.00,1.00,TRUE,FALSE,0.71,0.70,0.72,prot.1843,0.80,seq.21987.76,0.13,
LPO_43931,OID43931,LPO,P22079,4,0.00,7.93,10.63,-0.34,0.16,22.00,-0.22,0.69,-0.26,-3.99,2.66,0.00,1.00,FALSE,FALSE,0.63,0.62,0.64,,,seq.4801.13,0.89,
LPP_43932,OID43932,LPP,Q93052,4,0.00,7.31,22.58,1.50,0.29,22.00,1.47,0.47,1.43,0.14,5.83,0.01,1.00,FALSE,FALSE,0.45,0.45,0.45,prot.4787,0.51,seq.30584.26,-0.08,
LPXN_42699,OID42699,LPXN,O60711,3,0.00,35.63,19.44,-1.36,0.27,22.00,-1.14,0.42,-1.15,-2.36,2.40,0.01,0.95,FALSE,FALSE,0.27,0.26,0.27,prot.1334,0.33,,,
LRATD2_41419,OID41419,LRATD2,Q96KN1,2,0.14,82.51,49.98,-0.58,0.74,22.00,-0.49,0.96,-0.50,-6.60,4.21,0.00,0.99,FALSE,FALSE,0.02,0.02,0.03,,,seq.21141.9,0.04,
LRBA_42700,OID42700,LRBA,P50851,3,0.00,35.21,16.67,2.48,0.25,22.00,2.45,0.78,2.48,-1.97,5.74,0.01,1.00,FALSE,FALSE,0.41,0.40,0.41,,,,,
LRCH1_41420,OID41420,LRCH1,Q9Y2L9,2,0.14,51.99,44.14,2.09,0.63,22.00,2.40,0.90,2.36,-1.84,7.21,0.00,1.00,FALSE,FALSE,0.34,0.33,0.35,prot.6142,0.37,,,
LRCH4_43933,OID43933,LRCH4,O75427,4,0.00,9.67,12.42,0.66,0.18,22.00,1.08,0.57,1.04,-0.62,6.43,0.01,0.97,FALSE,FALSE,0.39,0.38,0.39,prot.1410,0.43,seq.11252.30,0.12,
LRFN1_40372,OID40372,LRFN1,Q9P244,1,0.00,52.82,37.90,0.73,0.45,22.00,0.44,0.74,0.42,-2.95,6.41,0.01,1.00,FALSE,FALSE,0.08,0.07,0.08,,,seq.7910.41,-0.04,
LRFN2_42701,OID42701,LRFN2,Q9ULH4,3,0.00,85.94,53.09,-1.41,0.90,22.00,-1.44,1.26,-1.44,-9.11,6.73,0.02,0.99,FALSE,FALSE,0.01,0.01,0.01,,,seq.7200.4,0.00,
LRFN3_41421,OID41421,LRFN3,Q9BTN0,2,0.14,99.58,100.81,1.21,0.80,22.00,0.65,0.68,0.59,-1.34,4.19,0.00,0.99,FALSE,FALSE,0.06,0.06,0.07,,,seq.21691.27,0.00,
LRG1_45476,OID45476,LRG1,P02750,8,0.84,5.47,11.86,-0.66,0.17,22.00,-0.21,0.45,-0.22,-1.96,1.56,0.00,1.00,TRUE,TRUE,0.59,0.58,0.59,prot.1727,0.58,seq.32685.35,-0.13,
LRIG1_43934,OID43934,LRIG1,Q96JA1,4,0.00,13.43,10.27,-0.20,0.15,22.00,0.34,0.45,0.35,-1.68,2.30,0.00,0.99,TRUE,TRUE,0.57,0.56,0.57,prot.4977,0.04,seq.18831.6,0.79,
LRIG3_42702,OID42702,LRIG3,Q6UXM1,3,0.00,87.06,32.24,-0.30,0.49,22.00,-0.25,0.65,-0.22,-3.37,4.41,0.01,1.00,FALSE,FALSE,0.04,0.04,0.05,,,seq.3322.52,0.03,
LRIT2_40373,OID40373,LRIT2,A6NDA9,1,0.00,67.57,56.81,-1.19,0.66,22.00,-0.51,0.90,-0.60,-3.53,5.86,0.02,0.99,FALSE,FALSE,0.02,0.02,0.03,,,seq.11716.28,0.01,
LRP11_44757,OID44757,LRP11,Q86VZ4,5,0.07,0.00,9.39,0.21,0.13,22.00,0.25,0.42,0.24,-1.77,2.12,0.00,0.99,TRUE,TRUE,0.58,0.58,0.59,,,seq.15472.16,0.76,
LRP1_43935,OID43935,LRP1,Q07954,4,0.00,11.41,15.70,0.64,0.22,22.00,0.44,0.28,0.43,-0.51,1.73,0.00,0.95,FALSE,FALSE,0.29,0.28,0.30,prot.3282,0.22,seq.9182.3,0.26,
LRP2BP_42704,OID42704,LRP2BP,Q9P2M1,3,0.00,83.65,55.31,-0.76,1.00,22.00,-1.14,2.18,-1.14,-8.29,9.75,0.04,0.99,FALSE,FALSE,0.02,0.02,0.02,,,seq.21181.10,0.01,
LRP2_42703,OID42703,LRP2,P98164,3,0.00,63.95,25.54,0.07,0.44,22.00,0.06,0.69,0.00,-1.97,4.31,0.01,0.77,FALSE,FALSE,0.10,0.10,0.11,prot.3166,0.08,seq.10618.190,0.02,
LRPAP1_44758,OID44758,LRPAP1,P30533,5,0.07,16.99,8.80,0.44,0.13,22.00,0.22,0.35,0.20,-1.36,3.79,0.00,0.97,TRUE,TRUE,0.59,0.58,0.59,prot.2452,0.28,seq.3640.14,0.70,
LRRC1_40374,OID40374,LRRC1,Q9BTT6,1,0.00,82.53,71.90,-3.20,2.09,22.00,-2.05,2.26,-1.73,-8.93,7.85,0.08,0.00,FALSE,FALSE,0.03,0.03,0.03,,,,,
LRRC25_43936,OID43936,LRRC25,Q8N386,4,0.00,16.56,23.28,-0.42,0.38,22.00,0.19,0.51,0.19,-1.89,3.20,0.01,1.00,TRUE,FALSE,0.23,0.23,0.23,prot.7697,0.24,seq.9317.4,0.07,
LRRC27_40375,OID40375,LRRC27,Q9C0I9,1,0.00,94.71,58.21,-3.69,1.74,22.00,-2.94,1.19,-2.82,-10.48,1.78,0.02,1.00,FALSE,FALSE,0.03,0.02,0.03,,,,,
LRRC36_41423,OID41423,LRRC36,Q1X8D7,2,0.14,71.71,44.51,0.66,0.74,22.00,-0.78,2.36,-0.53,-7.44,9.06,0.00,0.00,FALSE,FALSE,0.01,0.01,0.01,,,,,
LRRC37A2_43937,OID43937,LRRC37A2,A6NM11,4,0.00,5.78,16.79,-0.05,0.25,22.00,0.31,0.46,0.32,-1.46,2.16,0.00,0.90,TRUE,FALSE,0.18,0.17,0.18,,,seq.8897.3,-0.06,
LRRC38_42705,OID42705,LRRC38,Q5VT99,3,0.00,71.75,42.41,-2.01,0.66,22.00,-2.35,1.36,-2.15,-9.71,3.24,0.02,0.96,FALSE,FALSE,0.03,0.03,0.04,,,seq.34736.106,0.03,
LRRC3_41422,OID41422,LRRC3,Q9BY71,2,0.14,81.81,22.83,-0.12,0.33,22.00,-0.05,0.49,-0.08,-1.75,2.11,0.00,0.95,FALSE,FALSE,0.03,0.02,0.03,,,seq.6917.49,-0.06,
LRRC42_41425,OID41425,LRRC42,Q9Y546,2,0.14,65.30,18.61,1.57,0.26,22.00,-1.71,1.86,-1.80,-9.35,6.60,0.00,0.98,FALSE,FALSE,0.11,0.11,0.13,,,,,
LRRC43_40376,OID40376,LRRC43,Q8N309,1,0.00,71.75,348.14,-2.76,3.12,22.00,-1.54,3.57,-0.81,-6.96,11.08,0.00,0.00,FALSE,FALSE,0.01,0.01,0.01,,,seq.31616.11,0.01,
LRRC45_42706,OID42706,LRRC45,Q96CN5,3,0.00,64.86,26.78,0.97,0.39,22.00,0.16,0.75,0.21,-3.21,4.98,0.00,0.98,FALSE,FALSE,0.07,0.06,0.08,,,seq.32765.86,-0.04,
LRRC49_41426,OID41426,LRRC49,Q8IUZ0,2,0.14,82.86,69.70,-5.58,1.94,22.00,-4.67,2.06,-4.55,-11.85,5.78,0.00,0.67,FALSE,FALSE,0.02,0.02,0.02,,,,,
LRRC4C_41427,OID41427,LRRC4C,Q9HCJ2,2,0.14,94.29,129.38,-0.04,1.73,22.00,0.05,1.56,0.23,-6.74,6.25,0.00,0.99,FALSE,FALSE,0.02,0.02,0.02,,,seq.9369.174,0.00,
LRRC4_41424,OID41424,LRRC4,Q9HBW1,2,0.14,61.67,35.02,0.01,0.57,22.00,0.35,0.69,0.33,-2.13,4.10,0.00,1.00,FALSE,FALSE,0.19,0.19,0.20,,,seq.21690.31,0.27,
LRRC71_41428,OID41428,LRRC71,Q8N4P6,2,0.14,61.32,23.50,-0.61,0.35,22.00,-0.70,1.24,-0.85,-3.97,6.92,0.00,0.99,FALSE,FALSE,0.04,0.04,0.04,,,,,
LRRC75A_40377,OID40377,LRRC75A,Q8NAA5,1,0.00,47.95,43.39,0.41,0.74,22.00,1.19,0.97,1.20,-2.23,10.71,0.01,0.98,TRUE,FALSE,0.23,0.22,0.24,prot.6719,0.22,seq.24718.8,0.18,
LRRCC1_41429,OID41429,LRRCC1,Q9C099,2,0.14,88.43,23.25,-0.06,0.36,22.00,-0.07,0.52,-0.12,-1.82,3.02,0.00,1.00,FALSE,FALSE,0.05,0.05,0.06,,,,,
LRRFIP1_42707,OID42707,LRRFIP1,Q32MZ4,3,0.00,63.60,29.97,0.56,0.55,22.00,0.27,0.70,0.29,-3.62,4.17,0.00,0.95,FALSE,FALSE,0.24,0.23,0.24,prot.3740,0.36,seq.31499.3,0.15,
LRRN1_42708,OID42708,LRRN1,Q6UXK5,3,0.00,8.77,10.03,0.27,0.15,22.00,0.47,0.45,0.48,-1.29,1.67,0.00,0.99,TRUE,FALSE,0.38,0.36,0.39,,,seq.11586.2,0.27,
LRRTM1_40378,OID40378,LRRTM1,Q86UE6,1,0.00,85.46,32.33,-0.34,0.53,22.00,-0.19,0.78,-0.21,-3.56,5.89,0.02,0.99,FALSE,FALSE,0.01,0.01,0.02,,,seq.19360.22,-0.01,
LRRTM4_41430,OID41430,LRRTM4,Q86VH4,2,0.14,45.30,34.92,0.34,0.48,22.00,0.80,0.68,0.75,-1.24,5.90,0.00,0.99,FALSE,FALSE,0.07,0.06,0.08,,,seq.6572.10,-0.06,
LRTM1_42709,OID42709,LRTM1,Q9HBL6,3,0.00,75.30,62.79,-1.31,2.28,22.00,-0.54,2.18,-0.20,-7.26,7.79,0.06,0.01,FALSE,FALSE,0.01,0.01,0.01,,,seq.9368.64,0.00,
LRTM2_43938,OID43938,LRTM2,Q8N967,4,0.00,35.14,14.89,0.27,0.20,22.00,0.43,0.52,0.40,-0.99,6.42,0.01,0.99,FALSE,FALSE,0.20,0.20,0.20,,,seq.8906.60,0.22,
LSG1_42710,OID42710,LSG1,Q9H089,3,0.00,68.13,42.49,-0.77,0.61,22.00,-0.14,0.84,-0.25,-2.50,7.63,0.01,1.00,FALSE,FALSE,0.05,0.05,0.06,prot.5399,-0.03,seq.31904.221,0.05,
LSM12_41431,OID41431,LSM12,Q3MHD2,2,0.14,70.59,63.02,-0.71,1.58,22.00,0.07,2.03,0.03,-7.71,11.71,0.00,1.00,FALSE,FALSE,0.02,0.02,0.02,,,seq.20380.50,0.00,
LSM1_42711,OID42711,LSM1,O15116,3,0.00,74.81,22.62,1.74,0.30,22.00,-1.07,0.92,-1.13,-4.00,4.52,0.01,1.00,FALSE,FALSE,0.08,0.07,0.08,prot.1152,0.02,seq.17795.176,0.04,
LSM8_42712,OID42712,LSM8,O95777,3,0.00,85.53,26.09,0.31,0.36,22.00,-0.56,1.37,-0.73,-8.68,8.37,0.02,1.00,FALSE,FALSE,0.07,0.07,0.08,prot.1573,0.04,,,
LSP1_43939,OID43939,LSP1,P33241,4,0.00,1.32,16.99,0.66,0.24,22.00,0.49,0.55,0.48,-1.05,3.24,0.00,0.99,FALSE,FALSE,0.49,0.48,0.50,prot.2499,0.58,seq.21533.51,0.70,
LTA4H_43941,OID43941,LTA4H,P09960,4,0.00,99.51,19.39,-4.94,0.28,22.00,-5.23,0.52,-5.21,-7.62,-1.53,0.00,1.00,FALSE,FALSE,0.20,0.20,0.21,prot.1959,0.15,seq.3204.2,0.09,
LTBP2_45179,OID45179,LTBP2,Q14767,6,1.11,16.54,9.70,0.50,0.14,21.00,0.36,0.49,0.33,-1.72,2.37,0.00,0.90,FALSE,FALSE,0.59,0.59,0.60,prot.840,0.69,seq.35221.3,0.04,
LTBP3_42713,OID42713,LTBP3,Q9NS15,3,0.00,44.61,16.51,-0.43,0.23,22.00,0.45,0.76,0.36,-1.60,5.41,0.01,0.94,TRUE,FALSE,0.47,0.45,0.48,prot.5688,0.62,seq.31498.3,0.70,
LTBR_44760,OID44760,LTBR,P36941,5,0.07,0.00,8.35,-0.35,0.12,22.00,0.07,0.33,0.05,-1.22,2.30,0.00,1.00,FALSE,FALSE,0.31,0.29,0.32,,,seq.2636.10,0.06,
LTB_43942,OID43942,LTB,Q06643,4,0.00,56.02,22.57,0.11,0.34,22.00,0.35,0.54,0.34,-1.67,4.28,0.01,0.96,TRUE,FALSE,0.22,0.22,0.23,,,seq.3505.6,0.28,
LTF_45180,OID45180,LTF,P02788,6,1.11,7.32,10.91,-0.14,0.16,21.00,-0.32,0.55,-0.31,-3.68,2.58,0.00,0.95,FALSE,FALSE,0.66,0.65,0.67,prot.1738,0.50,seq.2780.35,0.76,
LTK_41432,OID41432,LTK,P29376,2,0.14,23.41,12.66,0.40,0.18,22.00,0.55,0.61,0.51,-1.31,4.09,0.00,0.99,TRUE,FALSE,0.45,0.45,0.46,,,seq.23181.2,0.60,
LTO1_42714,OID42714,LTO1,Q8WV07,3,0.00,82.53,56.27,-0.09,0.82,22.00,-0.04,0.94,-0.05,-7.65,4.64,0.01,0.93,FALSE,FALSE,0.03,0.03,0.04,,,seq.18195.3,0.00,
LTV1_41433,OID41433,LTV1,Q96GA3,2,0.14,68.99,177.32,1.11,1.81,22.00,0.75,2.24,0.77,-6.30,9.80,0.00,0.60,FALSE,FALSE,0.07,0.07,0.08,,,,,
LUC7L3_42716,OID42716,LUC7L3,O95232,3,0.00,38.62,25.77,-0.33,0.39,22.00,-0.02,0.61,-0.08,-2.05,3.57,0.01,1.00,FALSE,FALSE,0.15,0.15,0.16,,,seq.35274.65,0.19,
LUC7L_42715,OID42715,LUC7L,Q9NQ29,3,0.00,41.61,24.97,-0.09,0.35,22.00,0.17,0.48,0.12,-1.28,5.11,0.01,0.95,FALSE,FALSE,0.14,0.13,0.15,,,,,
LUM_45477,OID45477,LUM,P51884,8,0.84,6.67,10.89,0.24,0.17,22.00,0.16,0.30,0.16,-1.30,1.34,0.00,0.92,TRUE,FALSE,0.54,0.54,0.55,prot.2838,0.43,seq.13114.50,0.62,
LURAP1_41434,OID41434,LURAP1,Q96LR2,2,0.14,67.74,41.26,0.16,0.65,22.00,0.43,0.77,0.36,-1.40,5.83,0.00,0.99,FALSE,FALSE,0.04,0.04,0.04,,,seq.34922.224,-0.03,
LUZP2_43943,OID43943,LUZP2,Q86TE4,4,0.00,5.50,9.66,0.14,0.14,22.00,0.43,0.44,0.40,-1.05,4.03,0.02,1.00,TRUE,FALSE,0.22,0.22,0.23,,,seq.27626.5,0.10,
LVRN_40379,OID40379,LVRN,Q6Q4G3,1,0.00,57.20,47.87,-2.54,0.98,22.00,-0.44,1.50,-0.62,-9.66,8.23,0.01,0.97,FALSE,FALSE,0.04,0.04,0.04,,,seq.31505.30,-0.02,
LXN_43944,OID43944,LXN,Q9BS40,4,0.00,14.89,13.26,0.49,0.19,22.00,0.31,0.41,0.32,-2.36,2.88,0.01,0.97,FALSE,FALSE,0.25,0.23,0.25,prot.5206,0.10,seq.20592.8,0.14,
LY6D_44761,OID44761,LY6D,Q14210,5,0.07,3.76,10.63,0.25,0.16,22.00,0.21,0.47,0.18,-1.09,3.10,0.00,0.99,TRUE,FALSE,0.41,0.40,0.42,prot.7072,0.14,seq.19784.16,0.02,
LY6K_40380,OID40380,LY6K,Q17RY6,1,0.00,87.33,55.71,-0.63,1.00,22.00,-0.28,1.45,-0.16,-7.33,9.10,0.02,0.99,FALSE,FALSE,0.02,0.02,0.02,,,seq.35731.67,0.03,
LY75_43945,OID43945,LY75,O60449,4,0.00,16.35,13.03,-0.25,0.19,22.00,0.32,0.43,0.33,-1.37,1.99,0.00,1.00,TRUE,TRUE,0.52,0.51,0.53,prot.1307,0.35,seq.16620.26,0.68,
LY96_43947,OID43947,LY96,Q9Y6Y9,4,0.00,4.59,11.39,-0.40,0.16,22.00,0.18,0.48,0.15,-1.72,4.23,0.01,1.00,FALSE,FALSE,0.30,0.30,0.31,prot.6320,0.23,seq.3647.49,0.05,
LY9_43946,OID43946,LY9,Q9HBG7,4,0.00,0.14,9.76,-0.46,0.14,22.00,0.38,0.35,0.37,-0.76,1.60,0.00,1.00,TRUE,FALSE,0.54,0.53,0.54,,,seq.3324.51,0.68,
LYAR_42717,OID42717,LYAR,Q9NX58,3,0.00,95.89,45.67,-0.69,0.58,22.00,-1.22,0.94,-1.14,-9.14,2.69,0.01,0.97,FALSE,FALSE,0.08,0.08,0.09,prot.7440,0.12,,,
LYG2_41435,OID41435,LYG2,Q86SG7,2,0.14,42.30,35.93,-1.45,0.59,22.00,-0.78,0.91,-0.91,-4.50,5.70,0.00,0.96,FALSE,FALSE,0.05,0.05,0.06,,,seq.15416.54,0.01,
LYN_43948,OID43948,LYN,P07948,4,0.00,41.82,29.40,1.53,0.44,22.00,1.95,0.67,1.94,-1.06,4.79,0.00,0.91,FALSE,FALSE,0.45,0.44,0.46,prot.1877,0.53,seq.3453.87,0.48,
LYPD1_42718,OID42718,LYPD1,Q8N2G4,3,0.00,64.37,23.54,-0.60,0.35,22.00,-0.15,0.90,-0.32,-4.11,6.39,0.05,0.99,FALSE,FALSE,0.05,0.04,0.06,,,seq.9327.3,-0.02,
LYPD3_44762,OID44762,LYPD3,O95274,5,0.07,3.83,11.94,0.18,0.18,22.00,0.14,0.51,0.12,-2.91,4.11,0.00,0.97,TRUE,FALSE,0.60,0.59,0.60,prot.7611,0.03,seq.13107.9,0.61,
LYPD8_42719,OID42719,LYPD8,Q6UX82,3,0.00,46.90,57.03,-1.38,0.88,22.00,-0.20,0.99,-0.19,-4.01,3.94,0.01,0.99,TRUE,FALSE,0.09,0.09,0.09,,,seq.22561.3,-0.01,
LYPLA2_42720,OID42720,LYPLA2,O95372,3,0.00,39.46,34.76,-0.75,0.49,22.00,-0.24,1.54,-0.53,-3.89,7.90,0.02,1.00,FALSE,FALSE,0.08,0.07,0.08,prot.1537,0.02,seq.25929.10,0.02,
LYSMD1_41436,OID41436,LYSMD1,Q96S90,2,0.14,63.76,51.53,1.28,0.67,22.00,1.40,0.78,1.39,-1.44,5.06,0.00,1.00,FALSE,FALSE,0.11,0.11,0.12,,,seq.28263.126,-0.08,
LYSMD3_42721,OID42721,LYSMD3,Q7Z3D4,3,0.00,43.70,30.22,0.33,0.46,22.00,0.41,1.10,0.28,-3.04,6.63,0.02,0.99,FALSE,FALSE,0.15,0.15,0.15,prot.4169,0.20,seq.10563.13,-0.07,
LYVE1_45478,OID45478,LYVE1,Q9Y5Y7,8,0.84,22.11,15.88,-0.26,0.25,22.00,0.06,0.41,0.08,-1.51,1.63,0.00,0.99,TRUE,TRUE,0.54,0.53,0.55,prot.6266,0.37,seq.3206.4,0.64,
LYZL2_42722,OID42722,LYZL2,Q7Z4W2,3,0.00,32.43,17.37,2.11,0.27,22.00,0.25,0.52,0.18,-1.05,3.10,0.00,1.00,FALSE,FALSE,0.20,0.19,0.21,,,seq.6377.54,0.10,
LZTFL1_44763,OID44763,LZTFL1,Q9NQ48,5,0.07,55.57,55.38,1.50,0.74,22.00,1.25,0.83,1.27,-5.30,4.29,0.00,0.99,FALSE,FALSE,0.36,0.36,0.37,,,seq.20378.110,0.46,
LZTS1_43949,OID43949,LZTS1,Q9Y250,4,0.00,2.30,11.15,0.15,0.16,22.00,-0.05,0.52,-0.10,-1.77,3.41,0.01,0.99,FALSE,FALSE,0.28,0.26,0.28,,,,,
LZTS3_41437,OID41437,LZTS3,O60299,2,0.14,96.59,56.91,-0.16,0.93,22.00,-0.02,1.02,0.08,-7.21,5.48,0.00,1.00,FALSE,FALSE,0.01,0.01,0.01,,,seq.31997.1,0.00,
M6PR_43950,OID43950,M6PR,P20645,4,0.00,75.99,16.14,0.13,0.24,22.00,0.37,0.56,0.30,-1.26,5.38,0.03,0.97,FALSE,FALSE,0.16,0.16,0.17,prot.2232,0.19,,,
MACC1_40381,OID40381,MACC1,Q6ZN28,1,0.00,67.92,44.92,-0.03,0.50,22.00,0.05,0.49,0.01,-1.08,8.59,0.01,0.99,FALSE,FALSE,0.07,0.07,0.07,prot.4086,0.08,,,
MACF1_42723,OID42723,MACF1,Q9UPN3,3,0.00,6.19,13.69,-1.31,0.20,22.00,-0.38,1.55,-0.45,-4.73,4.89,0.00,0.98,FALSE,FALSE,0.34,0.34,0.35,,,,,
MACROD2_40382,OID40382,MACROD2,A1Z1Q3,1,0.00,69.31,32.89,-1.35,0.45,22.00,-0.63,0.88,-0.73,-2.68,5.52,0.03,0.88,FALSE,FALSE,0.03,0.03,0.03,,,seq.25459.3,-0.05,
MAD1L1_43951,OID43951,MAD1L1,Q9Y6D9,4,0.00,0.00,7.99,-0.87,0.12,22.00,-0.78,0.44,-0.82,-1.90,1.96,0.01,0.34,FALSE,FALSE,0.23,0.23,0.24,,,seq.13618.15,0.08,
MAD2L1BP_41438,OID41438,MAD2L1BP,Q15013,2,0.14,81.95,19.26,-0.10,0.31,22.00,0.01,0.42,-0.04,-0.92,4.11,0.00,0.80,FALSE,FALSE,0.07,0.06,0.07,prot.3566,0.02,seq.21129.95,0.03,
MADD_40383,OID40383,MADD,Q8WXG6,1,0.00,79.61,76.45,0.18,0.91,22.00,0.19,1.21,0.20,-5.23,8.47,0.02,1.00,FALSE,FALSE,0.07,0.07,0.07,prot.4691,0.11,,,
MAEA_42724,OID42724,MAEA,Q7L5Y9,3,0.00,83.16,143.61,0.14,1.81,22.00,-0.19,2.16,0.11,-7.11,5.76,0.04,0.21,FALSE,FALSE,0.02,0.01,0.02,,,seq.21477.105,-0.03,
MAF1_41439,OID41439,MAF1,Q9H063,2,0.14,71.92,32.75,-0.12,0.48,22.00,0.51,1.22,0.30,-3.32,8.37,0.00,0.99,FALSE,FALSE,0.04,0.04,0.04,,,seq.35011.25,0.01,
MAFB_41440,OID41440,MAFB,Q9Y5Q3,2,0.14,63.48,59.70,-1.60,1.07,22.00,-0.29,1.41,-0.44,-4.49,6.90,0.00,1.00,FALSE,FALSE,0.03,0.03,0.04,,,,,
MAGEA13P_41441,OID41441,MAGEA13P,A6NCF6,2,0.14,60.63,19.75,0.18,0.29,22.00,0.15,0.82,0.01,-1.87,5.89,0.00,0.99,FALSE,FALSE,0.08,0.08,0.09,,,,,
MAGEA1_40384,OID40384,MAGEA1,P43355,1,0.00,64.93,42.91,-0.84,0.66,22.00,-0.83,1.23,-0.97,-5.50,5.24,0.02,1.00,FALSE,FALSE,0.04,0.04,0.04,,,seq.33303.162,0.05,
MAGEA3_MAGEA6_42725,OID42725,MAGEA3_MAGEA6,P43357_P43360,3,0.00,86.01,102.48,-3.08,2.46,22.00,-1.98,2.64,-1.24,-7.27,6.11,0.00,0.00,FALSE,FALSE,0.02,0.02,0.03,,,seq.22991.9,0.05,
MAGEA4_41442,OID41442,MAGEA4,P43358,2,0.14,88.92,219.93,0.05,2.00,22.00,0.57,2.24,0.72,-6.72,8.93,0.00,0.09,FALSE,FALSE,0.03,0.03,0.03,,,seq.10485.56,0.01,
MAGEA9_41443,OID41443,MAGEA9,P43362,2,0.14,80.00,151.83,-5.26,2.28,22.00,-3.73,2.64,-2.88,-8.15,5.69,0.00,0.00,FALSE,FALSE,0.00,0.00,0.00,,,seq.34776.8,0.00,
MAGEB18_41444,OID41444,MAGEB18,Q96M61,2,0.14,79.44,53.61,-0.10,0.99,22.00,0.32,1.39,0.24,-7.56,8.22,0.00,1.00,FALSE,FALSE,0.01,0.01,0.01,,,seq.33128.7,-0.01,
MAGEB2_42726,OID42726,MAGEB2,O15479,3,0.00,18.16,26.80,0.22,0.40,22.00,0.96,0.66,0.97,-1.38,5.98,0.00,1.00,FALSE,FALSE,0.17,0.16,0.17,,,seq.32801.81,0.03,
MAGEB3_40385,OID40385,MAGEB3,O15480,1,0.00,92.76,74.53,-1.39,2.03,22.00,-1.16,1.84,-0.76,-7.90,3.60,0.06,0.40,FALSE,FALSE,0.02,0.02,0.02,,,,,
MAGEB4_40386,OID40386,MAGEB4,O15481,1,0.00,63.74,38.21,0.34,0.53,22.00,0.09,1.35,-0.04,-8.11,7.73,0.02,1.00,FALSE,FALSE,0.02,0.02,0.02,,,seq.28624.304,-0.02,
MAGEC2_42727,OID42727,MAGEC2,Q9UBF1,3,0.00,54.84,258.30,1.11,2.99,22.00,0.68,3.11,0.82,-6.16,11.49,0.00,0.00,FALSE,FALSE,0.04,0.04,0.05,,,,,
MAGED1_42728,OID42728,MAGED1,Q9Y5V3,3,0.00,55.46,26.09,0.65,0.39,22.00,0.89,0.79,0.83,-1.61,6.30,0.01,1.00,FALSE,FALSE,0.13,0.13,0.13,,,seq.21392.15,0.04,
MAGED4_40387,OID40387,MAGED4,Q96JG8,1,0.00,91.44,143.69,-3.13,2.51,22.00,-2.20,2.80,-1.24,-7.37,10.24,0.00,0.00,FALSE,FALSE,0.01,0.01,0.01,,,,,
MAGIX_41445,OID41445,MAGIX,Q9H6Y5,2,0.14,52.61,27.35,-3.15,0.39,22.00,-2.56,1.09,-2.76,-5.07,6.03,0.00,1.00,FALSE,FALSE,0.06,0.06,0.06,,,seq.24713.4,0.02,
MAG_43952,OID43952,MAG,P20916,4,0.00,4.94,9.31,-0.04,0.14,22.00,0.01,0.25,0.00,-0.88,3.23,0.01,0.84,FALSE,FALSE,0.18,0.17,0.18,,,seq.20579.50,0.01,
MAK_40388,OID40388,MAK,P20794,1,0.00,71.89,35.03,-0.61,0.58,22.00,-0.32,1.45,-0.60,-4.15,8.43,0.03,0.96,FALSE,FALSE,0.04,0.04,0.05,,,,,
MAMDC2_44764,OID44764,MAMDC2,Q7Z304,5,0.07,16.99,10.71,-1.11,0.16,22.00,-0.82,0.31,-0.84,-2.02,1.02,0.00,0.99,TRUE,FALSE,0.45,0.44,0.46,prot.4166,0.49,seq.6119.14,-0.07,
MAMDC4_42729,OID42729,MAMDC4,Q6UXC1,3,0.00,71.68,29.64,0.61,0.48,22.00,0.61,1.15,0.69,-8.63,4.65,0.00,0.96,FALSE,FALSE,0.35,0.34,0.35,prot.4062,0.60,,,
MAN1A2_43954,OID43954,MAN1A2,O60476,4,0.00,11.62,11.76,0.97,0.17,22.00,0.82,0.30,0.82,-0.58,2.39,0.00,0.94,TRUE,FALSE,0.38,0.37,0.38,prot.1310,0.24,seq.9077.10,0.40,
MAN2B2_44765,OID44765,MAN2B2,Q9Y2E5,5,0.07,0.07,8.10,1.18,0.12,22.00,0.31,0.61,0.37,-4.13,2.34,0.00,1.00,TRUE,FALSE,0.61,0.61,0.63,,,seq.9251.28,0.73,
MANEAL_42730,OID42730,MANEAL,Q5VSG8,3,0.00,60.61,28.64,0.26,0.42,22.00,0.34,0.58,0.31,-1.57,3.96,0.01,0.99,FALSE,FALSE,0.09,0.08,0.09,,,seq.34226.28,0.07,
MANF_44766,OID44766,MANF,P55145,5,0.07,2.86,27.41,4.55,0.44,22.00,5.00,1.17,5.06,-0.53,8.95,0.00,0.99,FALSE,FALSE,0.71,0.70,0.72,prot.2920,0.80,seq.29504.25,0.87,4
MANSC1_44767,OID44767,MANSC1,Q9H8J5,5,0.07,7.80,12.19,-0.28,0.17,22.00,0.29,0.37,0.29,-0.99,2.05,0.00,0.99,FALSE,FALSE,0.54,0.53,0.55,,,seq.9557.5,0.68,
MANSC4_42731,OID42731,MANSC4,A6NHS7,3,0.00,80.10,48.02,-1.48,0.86,22.00,-0.58,1.25,-0.54,-8.37,4.61,0.01,0.98,TRUE,FALSE,0.20,0.19,0.20,,,seq.9578.263,0.36,
MAP10_41446,OID41446,MAP10,Q9P2G4,2,0.14,92.47,54.58,-0.59,1.24,22.00,-1.22,1.96,-0.95,-7.78,6.90,0.00,0.05,FALSE,FALSE,0.01,0.01,0.02,,,,,
MAP1LC3A_42732,OID42732,MAP1LC3A,Q9H492,3,0.00,89.70,126.84,-0.24,1.87,22.00,-0.31,2.51,0.13,-6.78,6.00,0.00,0.00,FALSE,FALSE,0.03,0.02,0.03,prot.5471,-0.01,seq.17781.191,0.00,
MAP1LC3B2_42733,OID42733,MAP1LC3B2,A6NCE7,3,0.00,74.60,57.93,1.61,1.20,22.00,0.42,2.58,0.68,-6.86,13.48,0.02,0.00,FALSE,FALSE,0.05,0.05,0.05,,,seq.20965.18,0.03,
MAP2K1_42734,OID42734,MAP2K1,Q02750,3,0.00,38.97,52.88,0.34,0.89,22.00,0.47,1.29,0.64,-7.63,3.54,0.02,0.99,FALSE,FALSE,NA,NA,NA,,,,,
MAP2K1_43956,OID43956,MAP2K1,Q02750,4,0.00,59.29,31.48,0.22,0.44,22.00,0.33,0.61,0.31,-2.21,3.70,0.00,0.98,FALSE,FALSE,NA,NA,NA,,,,,
MAP2K1_44768,OID44768,MAP2K1,Q02750,5,0.07,44.57,12.87,0.13,0.19,22.00,0.25,0.26,0.25,-0.98,2.45,0.00,0.96,FALSE,FALSE,0.34,0.34,0.35,,,seq.2864.2,0.36,
MAP2K6_43957,OID43957,MAP2K6,P52564,4,0.00,0.21,16.86,2.33,0.24,22.00,2.52,0.64,2.57,-0.52,5.58,0.01,0.99,FALSE,FALSE,0.58,0.58,0.59,prot.2848,0.62,seq.17175.5,0.30,
MAP2_43955,OID43955,MAP2,P11137,4,0.00,74.46,12.69,0.13,0.18,22.00,0.17,0.33,0.16,-1.35,3.42,0.01,1.00,FALSE,FALSE,0.17,0.16,0.18,,,,,
MAP3K13_40389,OID40389,MAP3K13,O43283,1,0.00,96.17,334.78,-0.49,3.21,22.00,-0.42,2.65,-0.02,-7.81,7.47,0.04,0.00,FALSE,FALSE,0.02,0.02,0.03,,,,,
MAP3K19_42735,OID42735,MAP3K19,Q56UN5,3,0.00,86.57,67.10,-1.08,2.08,22.00,0.08,1.68,0.16,-7.82,7.24,0.03,0.99,FALSE,FALSE,0.01,0.01,0.02,,,seq.27300.20,-0.02,
MAP3K3_40390,OID40390,MAP3K3,Q99759,1,0.00,88.10,80.55,-2.75,1.84,22.00,-1.03,2.12,-1.05,-9.06,8.15,0.03,0.99,FALSE,FALSE,0.03,0.03,0.04,prot.5144,0.02,seq.21415.212,0.00,
MAP3K4_40391,OID40391,MAP3K4,Q9Y6R4,1,0.00,82.88,143.34,1.19,2.59,22.00,1.43,2.67,0.24,-3.96,11.34,0.14,0.00,FALSE,FALSE,0.03,0.03,0.03,prot.795,0.00,,,
MAP3K5_42736,OID42736,MAP3K5,Q99683,3,0.00,11.27,48.86,3.61,0.68,22.00,3.96,1.01,4.01,-0.76,8.29,0.00,0.99,FALSE,FALSE,0.52,0.51,0.52,prot.5130,0.61,seq.29148.63,0.40,
MAP4K1_41447,OID41447,MAP4K1,Q92918,2,0.14,44.32,170.58,2.60,2.36,22.00,2.94,2.38,2.39,-5.51,10.83,0.00,0.92,FALSE,FALSE,0.16,0.16,0.17,prot.4768,0.03,seq.8954.30,0.06,
MAP4K5_43958,OID43958,MAP4K5,Q9Y4K4,4,0.00,0.28,30.46,3.15,0.42,22.00,3.46,0.78,3.44,0.21,7.45,0.01,0.98,TRUE,TRUE,0.54,0.53,0.55,,,seq.21989.12,0.58,
MAP6D1_41448,OID41448,MAP6D1,Q9H9H5,2,0.14,65.99,47.30,-0.47,0.85,22.00,0.28,1.15,0.18,-4.41,7.22,0.00,0.98,FALSE,FALSE,0.02,0.02,0.03,,,seq.24661.4,0.01,
MAP7D2_41449,OID41449,MAP7D2,Q96T17,2,0.14,48.92,47.26,0.47,0.69,22.00,1.60,0.99,1.57,-1.25,5.57,0.00,0.79,FALSE,FALSE,0.13,0.13,0.15,,,seq.34305.85,0.01,
MAP7_40392,OID40392,MAP7,Q14244,1,0.00,23.52,31.42,0.50,0.38,22.00,0.72,0.47,0.71,-1.23,4.68,0.01,0.99,FALSE,FALSE,0.26,0.26,0.26,,,,,
MAP9_42737,OID42737,MAP9,Q49MG5,3,0.00,65.55,34.41,-1.00,0.52,22.00,-0.48,1.06,-0.59,-3.82,6.50,0.01,1.00,FALSE,FALSE,0.07,0.07,0.08,,,,,
MAPK12_40393,OID40393,MAPK12,P53778,1,0.00,69.59,49.63,-2.37,0.53,22.00,-2.30,0.80,-2.38,-4.63,2.61,0.02,1.00,FALSE,FALSE,0.10,0.09,0.11,prot.7892,-0.11,seq.5005.4,0.04,
MAPK13_42738,OID42738,MAPK13,O15264,3,0.00,93.60,42.36,-0.37,0.62,22.00,-0.18,0.63,-0.12,-3.22,1.87,0.01,1.00,FALSE,FALSE,0.10,0.10,0.11,prot.7519,0.09,seq.5006.71,-0.01,
MAPK4_40394,OID40394,MAPK4,P31152,1,0.00,85.59,67.06,-2.07,1.23,22.00,-1.59,1.49,-1.45,-9.33,3.70,0.02,1.00,FALSE,FALSE,0.03,0.03,0.03,,,,,
MAPK8IP3_41450,OID41450,MAPK8IP3,Q9UPT6,2,0.14,58.40,120.32,-0.58,2.65,22.00,0.61,2.07,0.85,-6.44,7.60,0.00,0.14,FALSE,FALSE,0.08,0.07,0.08,prot.46,0.10,,,
MAPK9_43959,OID43959,MAPK9,P45984,4,0.00,0.21,13.12,-0.26,0.19,22.00,-0.28,0.31,-0.29,-2.35,1.46,0.01,0.99,FALSE,FALSE,0.30,0.29,0.31,prot.2651,0.16,seq.15604.18,0.26,
MAPKAP1_41451,OID41451,MAPKAP1,Q9BPZ7,2,0.14,71.43,66.14,0.24,1.65,22.00,0.97,1.03,0.95,-6.90,5.44,0.00,0.88,FALSE,FALSE,0.16,0.15,0.16,prot.5174,0.19,seq.30737.38,0.19,
MAPKAPK2_42739,OID42739,MAPKAPK2,P49137,3,0.00,45.16,30.27,1.28,0.55,22.00,1.62,0.74,1.65,-1.25,5.96,0.01,1.00,TRUE,FALSE,0.48,0.46,0.48,prot.2719,0.63,seq.3820.68,0.59,
MAPKAPK3_40395,OID40395,MAPKAPK3,Q16644,1,0.00,83.30,70.65,-0.51,1.29,22.00,0.10,1.11,0.13,-7.49,7.05,0.01,1.00,FALSE,FALSE,0.04,0.04,0.04,prot.3699,0.04,seq.3822.54,0.03,
MAPKAPK5_AS1_40396,OID40396,MAPKAPK5-AS1,Q8N8E1,1,0.00,73.42,63.31,-3.29,1.62,22.00,-1.36,1.74,-1.46,-10.10,5.78,0.02,1.00,FALSE,FALSE,0.03,0.03,0.03,,,seq.34896.8,-0.02,
MAPKBP1_40397,OID40397,MAPKBP1,O60336,1,0.00,82.74,27.05,-0.13,0.48,22.00,0.03,0.65,-0.04,-1.98,7.10,0.03,1.00,FALSE,FALSE,0.04,0.04,0.04,,,,,
MAPRE3_42740,OID42740,MAPRE3,Q9UPY8,3,0.00,82.46,32.87,3.06,0.54,22.00,0.28,1.50,0.14,-7.29,11.80,0.03,0.96,FALSE,FALSE,0.06,0.05,0.06,,,seq.22992.6,0.03,
MAPT_42741,OID42741,MAPT,P10636,3,0.00,88.52,223.23,0.88,3.13,22.00,0.86,3.13,0.61,-6.40,8.72,0.00,0.00,FALSE,FALSE,0.05,0.05,0.05,,,seq.5854.60,0.05,
MARCHF7_41452,OID41452,MARCHF7,Q9H992,2,0.14,77.28,50.10,-0.91,0.84,22.00,0.24,1.37,0.05,-6.15,10.09,0.00,0.96,FALSE,FALSE,0.03,0.03,0.03,,,,,
MARCO_44769,OID44769,MARCO,Q9UEW3,5,0.07,0.00,9.06,-0.04,0.13,22.00,0.34,0.33,0.36,-1.88,1.59,0.00,0.97,FALSE,FALSE,0.62,0.61,0.62,prot.5921,0.83,seq.20134.27,0.38,
MARK3_41453,OID41453,MARK3,P27448,2,0.14,69.41,33.37,-0.91,0.58,22.00,0.21,1.01,0.06,-2.66,6.41,0.00,0.98,FALSE,FALSE,0.07,0.07,0.07,prot.2379,0.08,seq.9747.48,0.08,
MARK4_41454,OID41454,MARK4,Q96L34,2,0.14,81.60,52.93,-0.46,0.71,22.00,-0.42,1.15,-0.37,-7.55,3.84,0.00,1.00,FALSE,FALSE,0.05,0.04,0.05,,,,,
MARS1_44431,OID44431,MARS1,P56192,5,0.07,18.38,22.36,1.32,0.33,22.00,1.60,0.65,1.60,-0.82,6.28,0.00,1.00,FALSE,FALSE,0.58,0.57,0.58,prot.2946,0.66,seq.24425.8,0.52,
MARVELD3_42742,OID42742,MARVELD3,Q96A59,3,0.00,49.90,58.67,0.64,0.54,22.00,0.68,0.95,0.55,-1.80,8.02,0.02,1.00,FALSE,FALSE,0.13,0.12,0.13,,,,,
MASP1_43960,OID43960,MASP1,P48740,4,0.00,0.07,18.60,-1.90,0.34,22.00,-1.52,0.37,-1.48,-3.17,-0.28,0.00,0.98,FALSE,FALSE,0.39,0.39,0.40,prot.2713,0.36,seq.8091.16,0.43,
MAST1_40398,OID40398,MAST1,Q9Y2H9,1,0.00,88.17,52.93,-1.20,0.84,22.00,-0.49,1.36,-0.50,-8.25,9.42,0.02,1.00,FALSE,FALSE,0.05,0.04,0.05,,,,,
MAST2_41455,OID41455,MAST2,Q6P0Q8,2,0.14,83.21,54.28,-4.68,0.94,22.00,-3.92,1.04,-3.91,-11.23,2.05,0.00,1.00,FALSE,FALSE,0.06,0.05,0.06,prot.7942,0.03,,,
MAST4_41456,OID41456,MAST4,O15021,2,0.14,43.48,26.80,0.79,0.38,22.00,0.83,0.71,0.78,-1.09,5.30,0.00,0.99,FALSE,FALSE,0.19,0.18,0.20,prot.1142,0.09,seq.24675.2,-0.14,
MATN2_44770,OID44770,MATN2,O00339,5,0.07,0.00,5.82,0.18,0.08,22.00,0.45,0.25,0.44,-0.95,1.74,0.00,0.96,TRUE,TRUE,0.49,0.48,0.50,prot.1037,0.44,seq.3325.2,0.53,
MATN3_43961,OID43961,MATN3,O15232,4,0.00,0.00,8.90,1.96,0.13,22.00,0.89,0.45,0.87,-0.56,3.77,0.01,0.99,TRUE,TRUE,0.51,0.50,0.52,prot.7518,0.17,seq.19361.78,0.64,
MAVS_42743,OID42743,MAVS,Q7Z434,3,0.00,0.00,33.05,2.52,0.52,22.00,2.95,0.80,3.01,-0.37,5.93,0.01,1.00,FALSE,FALSE,0.54,0.54,0.55,prot.4179,0.40,seq.26104.19,0.69,4
MAX_42744,OID42744,MAX,P61244,3,0.00,76.41,52.04,1.13,0.75,22.00,1.50,0.79,1.50,-1.63,5.87,0.00,0.98,FALSE,FALSE,0.41,0.40,0.41,prot.3010,0.13,seq.12411.60,0.57,
MBIP_41457,OID41457,MBIP,Q9NS73,2,0.14,75.61,53.34,-1.55,0.78,22.00,-0.27,1.29,-0.37,-4.42,5.56,0.00,0.99,FALSE,FALSE,0.03,0.03,0.03,,,seq.29177.3,0.02,
MBL2_45479,OID45479,MBL2,P11226,8,0.84,8.21,10.97,-0.36,0.17,22.00,0.09,1.41,0.28,-3.96,2.96,0.00,0.99,TRUE,FALSE,0.76,0.75,0.76,prot.2016,0.92,seq.3000.66,0.95,
MBLAC1_40399,OID40399,MBLAC1,A4D2B0,1,0.00,89.28,181.36,0.55,3.34,22.00,0.49,3.93,0.26,-7.03,15.24,0.00,0.00,FALSE,FALSE,0.03,0.03,0.03,,,,,
MCAM_45383,OID45383,MCAM,P43121,7,0.07,0.00,8.15,0.74,0.12,22.00,0.10,0.35,0.10,-1.27,1.42,0.00,0.97,FALSE,FALSE,0.62,0.61,0.63,prot.2637,0.15,seq.20512.2,0.77,
MCAT_41458,OID41458,MCAT,Q8IVS2,2,0.14,81.11,260.48,-1.35,3.14,22.00,-0.54,3.01,-0.27,-6.58,8.78,0.00,0.00,FALSE,FALSE,0.03,0.03,0.03,prot.6697,0.03,seq.32372.26,0.02,
MCCC1_40400,OID40400,MCCC1,Q96RQ3,1,0.00,76.48,111.06,-2.35,2.56,22.00,-1.15,2.75,-0.52,-7.46,7.38,0.00,0.00,FALSE,FALSE,0.04,0.04,0.04,prot.5070,0.05,,,
MCEE_43962,OID43962,MCEE,Q96PE7,4,0.00,84.48,59.30,-0.61,1.52,22.00,-0.05,1.62,-0.05,-7.01,8.04,0.03,1.00,FALSE,FALSE,0.10,0.10,0.10,prot.5044,0.13,seq.9388.18,0.05,
MCEMP1_43963,OID43963,MCEMP1,Q8IX19,4,0.00,83.09,16.83,2.30,0.24,22.00,0.13,1.49,-0.32,-2.64,5.61,0.09,0.99,FALSE,FALSE,0.09,0.09,0.10,,,seq.6283.60,0.02,
MCF2L2_40401,OID40401,MCF2L2,Q86YR7,1,0.00,70.22,158.59,-1.66,2.68,22.00,-1.28,2.54,-0.69,-7.57,8.41,0.04,0.00,FALSE,FALSE,0.01,0.01,0.02,,,,,
MCF2L_43964,OID43964,MCF2L,O15068,4,0.00,0.70,23.02,1.77,0.36,22.00,2.50,0.77,2.53,-0.77,6.34,0.00,0.98,TRUE,FALSE,0.49,0.49,0.50,prot.6450,0.40,seq.13934.3,0.47,
MCFD2_44771,OID44771,MCFD2,Q8NI22,5,0.07,0.49,6.82,0.17,0.10,22.00,0.51,0.30,0.50,-0.82,2.82,0.00,1.00,TRUE,FALSE,0.48,0.48,0.49,prot.4553,0.51,,,
MCM10_42745,OID42745,MCM10,Q7L590,3,0.00,84.06,56.69,-1.07,1.06,22.00,-0.34,1.17,-0.29,-8.00,6.80,0.02,1.00,FALSE,FALSE,0.01,0.00,0.01,,,,,
MCM3AP_41459,OID41459,MCM3AP,O60318,2,0.14,86.97,26.82,-0.47,0.45,22.00,-0.36,0.63,-0.40,-2.07,3.59,0.00,1.00,FALSE,FALSE,0.03,0.03,0.03,,,seq.31998.10,-0.01,
MCMBP_40402,OID40402,MCMBP,Q9BTE3,1,0.00,69.03,31.18,-0.29,0.36,22.00,0.03,0.64,-0.07,-1.55,5.10,0.03,0.99,FALSE,FALSE,0.05,0.05,0.05,,,,,
MCRS1_41460,OID41460,MCRS1,Q96EZ8,2,0.14,68.36,48.69,-1.21,0.81,22.00,-0.49,1.20,-0.60,-5.16,6.12,0.00,0.99,FALSE,FALSE,0.03,0.03,0.03,,,,,
MDC1_40403,OID40403,MDC1,Q14676,1,0.00,58.52,50.40,-0.02,0.69,22.00,0.63,0.87,0.59,-2.34,8.27,0.00,0.94,FALSE,FALSE,0.06,0.05,0.06,prot.7957,-0.05,,,
MDGA1_43966,OID43966,MDGA1,Q8NFP4,4,0.00,19.14,11.80,0.72,0.17,22.00,0.73,0.80,0.69,-1.90,3.09,0.00,0.95,TRUE,FALSE,0.68,0.68,0.70,,,seq.16900.29,0.91,
MDH1_45384,OID45384,MDH1,P40925,7,0.07,72.14,7.00,0.09,0.10,22.00,0.11,0.12,0.10,-0.42,0.83,0.00,0.99,FALSE,FALSE,0.35,0.34,0.36,prot.2601,0.16,seq.3853.56,0.37,
MDK_44772,OID44772,MDK,P21741,5,0.07,0.00,12.48,0.53,0.18,22.00,0.97,0.43,0.92,-1.09,5.64,0.00,0.99,FALSE,FALSE,0.63,0.62,0.64,prot.769,0.70,seq.2911.27,0.54,
MDM1_42746,OID42746,MDM1,Q8TC05,3,0.00,73.97,44.45,-0.21,0.59,22.00,-0.48,1.25,-0.36,-8.24,4.27,0.02,0.47,FALSE,FALSE,0.08,0.08,0.09,,,seq.7898.29,0.14,
MECR_43967,OID43967,MECR,Q9BV79,4,0.00,30.69,24.29,1.41,0.36,22.00,2.10,0.71,2.10,-0.64,6.28,0.00,0.99,FALSE,FALSE,0.51,0.51,0.52,prot.5257,0.55,seq.21273.5,0.11,
MED12_40404,OID40404,MED12,Q93074,1,0.00,60.89,282.26,-0.40,3.15,22.00,0.74,2.47,0.92,-6.95,14.84,0.04,0.03,FALSE,FALSE,0.07,0.06,0.08,,,,,
MED13L_41461,OID41461,MED13L,Q71F56,2,0.14,84.39,38.19,-0.03,0.59,22.00,0.18,1.05,0.20,-7.41,6.01,0.00,0.79,FALSE,FALSE,0.04,0.04,0.04,,,,,
MED21_42748,OID42748,MED21,Q13503,3,0.00,86.29,350.12,0.79,1.56,22.00,0.75,2.09,0.58,-7.14,10.26,0.06,0.99,FALSE,FALSE,0.06,0.06,0.06,,,seq.31730.6,0.04,
MED30_42749,OID42749,MED30,Q96HR3,3,0.00,94.92,38.77,0.25,0.62,22.00,0.12,0.77,0.17,-7.37,3.54,0.00,1.00,FALSE,FALSE,0.05,0.05,0.05,,,seq.29954.6,0.01,
MED6_41462,OID41462,MED6,O75586,2,0.14,56.79,20.80,-0.36,0.32,22.00,0.33,1.08,0.08,-1.77,6.94,0.00,0.99,FALSE,FALSE,0.11,0.11,0.12,,,,,
MEF2C_41463,OID41463,MEF2C,Q06413,2,0.14,58.33,51.74,0.68,1.19,22.00,0.88,0.96,0.92,-7.29,4.33,0.00,0.97,FALSE,FALSE,0.07,0.06,0.07,,,seq.8933.84,-0.01,
MEFV_41464,OID41464,MEFV,O15553,2,0.14,54.56,71.96,-2.68,1.45,22.00,-2.09,1.61,-1.94,-9.18,4.13,0.00,0.91,FALSE,FALSE,0.16,0.16,0.17,prot.7923,0.35,,,
MEGF10_44773,OID44773,MEGF10,Q96KG7,5,0.07,0.00,9.15,-0.49,0.13,22.00,-0.22,0.44,-0.25,-1.66,1.19,0.00,0.99,TRUE,FALSE,0.33,0.31,0.34,prot.7772,0.06,seq.11168.1,-0.02,
MEGF11_42750,OID42750,MEGF11,A6BM72,3,0.00,55.74,43.47,-0.24,0.74,22.00,0.17,1.21,0.23,-7.54,6.98,0.01,1.00,FALSE,FALSE,0.06,0.06,0.06,,,,,
MEGF9_45181,OID45181,MEGF9,Q9H1U4,6,1.11,6.54,8.86,0.37,0.13,21.00,0.36,0.28,0.36,-0.75,1.45,0.00,0.99,TRUE,FALSE,0.28,0.28,0.30,prot.6828,-0.05,,,
MEIOC_41465,OID41465,MEIOC,A2RUB1,2,0.14,57.63,48.61,-3.85,0.57,22.00,-2.89,1.08,-3.09,-5.56,6.87,0.00,0.99,FALSE,FALSE,0.05,0.04,0.05,,,,,
MEIS2_40405,OID40405,MEIS2,O14770,1,0.00,64.02,52.38,0.24,0.65,22.00,0.10,1.49,-0.02,-7.77,8.29,0.02,0.99,FALSE,FALSE,0.01,0.01,0.01,,,seq.23568.41,-0.03,
MEIS3_42751,OID42751,MEIS3,Q99687,3,0.00,87.06,264.26,0.36,2.57,22.00,0.64,3.18,0.45,-6.88,10.68,0.02,0.00,FALSE,FALSE,0.03,0.03,0.03,,,seq.33355.4,0.03,
MELTF_44774,OID44774,MELTF,P08582,5,0.07,9.82,7.83,0.78,0.11,22.00,0.16,0.52,0.20,-3.15,3.05,0.00,0.99,TRUE,TRUE,0.64,0.64,0.65,prot.7993,0.18,seq.30683.107,0.71,
MENT_44775,OID44775,MENT,Q9BUN1,5,0.07,0.00,8.39,0.32,0.12,22.00,0.34,0.26,0.34,-0.62,1.29,0.00,1.00,FALSE,FALSE,0.58,0.56,0.58,prot.5245,0.37,seq.5744.12,0.70,
MEOX1_42752,OID42752,MEOX1,P50221,3,0.00,69.10,37.98,-1.87,0.59,22.00,-1.19,0.94,-1.26,-4.64,3.84,0.01,1.00,FALSE,FALSE,0.01,0.01,0.01,,,seq.20183.48,-0.03,
MEP1A_43968,OID43968,MEP1A,Q16819,4,0.00,18.58,10.49,0.44,0.16,22.00,0.46,0.90,0.42,-1.87,5.43,0.00,0.67,FALSE,FALSE,0.55,0.54,0.55,prot.617,0.62,seq.19786.26,0.80,
MEP1B_44776,OID44776,MEP1B,Q16820,5,0.07,9.19,8.78,1.27,0.13,22.00,0.45,1.14,0.60,-2.80,3.01,0.00,0.47,TRUE,TRUE,0.36,0.34,0.37,,,seq.33723.7,0.13,
MEPE_44777,OID44777,MEPE,Q9NQ76,5,0.07,21.94,12.30,1.85,0.18,22.00,1.75,0.35,1.76,0.29,3.02,0.00,0.99,FALSE,FALSE,0.40,0.39,0.40,prot.5625,0.25,seq.3209.68,0.09,
MERTK_44778,OID44778,MERTK,Q12866,5,0.07,5.50,35.76,0.72,0.48,22.00,0.64,0.59,0.69,-1.75,3.55,0.00,1.00,FALSE,FALSE,0.30,0.29,0.31,,,seq.19787.14,0.17,
MESD_45182,OID45182,MESD,Q14696,6,1.11,4.29,27.86,2.95,0.44,21.00,3.21,0.82,3.23,-1.40,7.79,0.00,0.95,FALSE,FALSE,0.61,0.60,0.62,prot.3541,0.74,seq.15299.102,0.71,
METAP1D_43969,OID43969,METAP1D,Q6UB28,4,0.00,21.22,17.78,0.97,0.26,22.00,1.38,0.59,1.36,-1.39,4.91,0.00,1.00,FALSE,FALSE,0.27,0.26,0.28,,,seq.19752.197,0.13,
METAP1_42753,OID42753,METAP1,P53582,3,0.00,87.40,46.73,-0.44,0.98,22.00,-0.14,0.99,-0.11,-7.78,8.56,0.01,1.00,FALSE,FALSE,0.06,0.06,0.07,prot.2870,0.03,seq.3210.1,0.06,
METAP2_43970,OID43970,METAP2,P50579,4,0.00,12.04,19.02,1.86,0.27,22.00,2.15,0.57,2.16,-0.37,4.33,0.00,0.94,FALSE,FALSE,0.59,0.59,0.60,prot.2789,0.70,seq.3170.6,0.60,
METTL15P1_40406,OID40406,METTL15P1,P0C7V9,1,0.00,73.00,88.05,-2.70,2.39,22.00,-2.93,2.89,-2.21,-8.83,7.46,0.01,0.00,FALSE,FALSE,0.02,0.02,0.02,,,,,
METTL16_40407,OID40407,METTL16,Q86W50,1,0.00,80.17,73.87,-0.45,1.83,22.00,0.58,2.87,0.08,-5.54,10.60,0.32,0.00,FALSE,FALSE,0.04,0.04,0.04,,,seq.30239.42,0.04,
METTL25_40408,OID40408,METTL25,Q8N6Q8,1,0.00,54.35,51.34,0.48,0.61,22.00,0.05,0.93,-0.03,-3.14,5.44,0.01,1.00,FALSE,FALSE,0.05,0.05,0.05,,,seq.25855.56,0.01,
METTL2A_41466,OID41466,METTL2A,Q96IZ6,2,0.14,87.25,49.99,-0.33,1.84,22.00,-0.13,1.12,-0.02,-8.05,5.94,0.00,0.99,FALSE,FALSE,0.03,0.03,0.03,,,,,
METTL6_41467,OID41467,METTL6,Q8TCB7,2,0.14,61.67,17.60,-0.48,0.28,22.00,-0.12,0.69,-0.29,-1.70,5.06,0.00,1.00,FALSE,FALSE,0.13,0.12,0.14,,,,,
MET_45183,OID45183,MET,P08581,6,1.11,7.25,6.86,0.38,0.10,21.00,0.42,0.27,0.42,-0.69,1.33,0.00,0.95,FALSE,FALSE,0.51,0.51,0.52,,,seq.2837.3,0.57,
MEX3B_41468,OID41468,MEX3B,Q6ZN04,2,0.14,58.54,46.87,0.38,0.76,22.00,0.43,1.06,0.49,-7.34,4.72,0.00,0.96,FALSE,FALSE,0.02,0.02,0.03,,,seq.35070.110,-0.05,
MEX3C_42754,OID42754,MEX3C,Q5U5Q3,3,0.00,84.62,52.11,0.06,0.76,22.00,0.36,0.87,0.36,-3.20,5.05,0.00,0.99,FALSE,FALSE,0.07,0.07,0.07,,,,,
MEX3D_41469,OID41469,MEX3D,Q86XN8,2,0.14,69.27,91.13,-0.12,1.60,22.00,-0.42,2.25,-0.01,-7.32,7.52,0.00,0.00,FALSE,FALSE,0.02,0.02,0.02,,,,,
MFAP3L_42755,OID42755,MFAP3L,O75121,3,0.00,75.78,86.82,-3.04,1.98,22.00,-2.30,2.39,-1.82,-8.57,5.63,0.04,0.00,FALSE,FALSE,0.02,0.02,0.02,prot.1369,0.02,seq.8837.8,-0.04,
MFAP3_41470,OID41470,MFAP3,P55082,2,0.14,72.89,196.69,-0.47,2.67,22.00,0.75,3.30,0.22,-6.20,9.70,0.00,0.00,FALSE,FALSE,0.02,0.02,0.02,,,seq.20545.17,0.00,
MFAP4_44779,OID44779,MFAP4,P55083,5,0.07,32.17,21.05,0.22,0.57,22.00,0.00,0.52,0.03,-3.41,1.50,0.00,0.99,FALSE,FALSE,0.52,0.51,0.52,prot.2916,0.39,seq.5636.10,0.75,
MFAP5_45184,OID45184,MFAP5,Q13361,6,1.11,1.97,9.77,0.36,0.14,21.00,0.67,0.42,0.68,-2.51,2.21,0.00,1.00,FALSE,FALSE,0.53,0.52,0.53,prot.583,0.42,seq.6440.31,0.06,
MFGE8_45185,OID45185,MFGE8,Q08431,6,1.11,5.77,10.60,1.44,0.15,21.00,0.95,0.58,0.93,-1.41,3.29,0.00,0.99,TRUE,TRUE,0.65,0.64,0.66,prot.3295,0.74,seq.4455.89,0.65,
MFRP_41471,OID41471,MFRP,Q9BY79,2,0.14,71.43,56.15,-0.37,1.05,22.00,0.05,0.98,0.11,-7.26,4.76,0.00,0.98,FALSE,FALSE,0.03,0.03,0.03,,,seq.3685.53,0.03,
MGAT2_44780,OID44780,MGAT2,Q10469,5,0.07,0.00,15.40,0.35,0.25,22.00,0.44,0.32,0.45,-1.43,1.59,0.00,0.99,FALSE,FALSE,0.48,0.48,0.49,prot.3317,0.22,seq.6909.40,0.55,
MGA_41472,OID41472,MGA,Q8IWI9,2,0.14,70.38,25.18,0.09,0.38,22.00,-2.07,1.29,-2.23,-10.00,5.02,0.00,0.99,FALSE,FALSE,0.04,0.04,0.04,,,seq.11587.5,0.00,
MGLL_44781,OID44781,MGLL,Q99685,5,0.07,72.42,18.76,1.55,0.28,22.00,1.20,0.58,1.25,-1.46,3.94,0.00,0.99,FALSE,FALSE,0.40,0.39,0.40,prot.5131,0.41,seq.30450.2,0.44,
MGMT_43971,OID43971,MGMT,P16455,4,0.00,1.88,21.54,0.47,0.33,22.00,1.76,0.95,1.79,-2.13,5.81,0.00,0.95,TRUE,FALSE,0.61,0.60,0.62,,,seq.21437.77,0.80,
MIA3_41473,OID41473,MIA3,Q5JRA6,2,0.14,89.55,36.53,-0.16,0.59,22.00,-0.09,0.75,-0.14,-2.64,3.98,0.00,0.98,FALSE,FALSE,0.03,0.03,0.03,prot.3814,0.01,,,
MIA_44782,OID44782,MIA,Q16674,5,0.07,0.00,10.35,0.33,0.15,22.00,0.62,0.42,0.60,-1.17,2.38,0.00,0.66,TRUE,FALSE,0.63,0.62,0.64,prot.3703,0.65,seq.2687.2,0.71,
MIB2_42756,OID42756,MIB2,Q96AX9,3,0.00,75.57,48.71,-0.76,0.65,22.00,-1.05,1.49,-1.16,-8.79,6.32,0.02,1.00,FALSE,FALSE,0.05,0.05,0.05,prot.7577,0.05,seq.35237.26,0.02,
MICAL1_41474,OID41474,MICAL1,Q8TDZ2,2,0.14,17.91,19.10,1.29,0.30,22.00,1.37,0.75,1.35,-1.63,4.59,0.00,0.98,FALSE,FALSE,0.52,0.51,0.52,prot.4617,0.65,seq.25070.18,0.65,
MICAL3_41475,OID41475,MICAL3,Q7RTP6,2,0.14,36.72,24.57,0.62,0.37,22.00,0.96,0.67,0.93,-1.31,5.36,0.00,0.99,FALSE,FALSE,0.31,0.30,0.31,prot.4162,0.37,,,
MICALL2_42757,OID42757,MICALL2,Q8IY33,3,0.00,64.30,45.96,0.35,0.75,22.00,0.54,0.90,0.60,-3.23,4.85,0.00,0.99,FALSE,FALSE,0.22,0.22,0.23,prot.4351,0.35,seq.12891.1,0.07,
MICA_MICB_43972,OID43972,MICA_MICB,Q29980_Q29983,4,0.00,15.59,8.45,0.73,0.12,22.00,-0.36,1.94,0.24,-6.85,2.27,0.14,0.00,TRUE,FALSE,0.58,0.56,0.60,,,seq.2730.58,0.86,
MIDN_41476,OID41476,MIDN,Q504T8,2,0.14,67.60,51.60,0.23,0.85,22.00,0.73,0.97,0.72,-6.74,5.63,0.00,1.00,FALSE,FALSE,0.11,0.10,0.11,,,,,
MIF4GD_43973,OID43973,MIF4GD,A9UHW6,4,0.00,18.93,21.84,1.62,0.31,22.00,2.05,0.84,2.03,-1.92,7.82,0.01,1.00,TRUE,FALSE,0.43,0.42,0.44,,,seq.32713.22,0.41,
MIF_45186,OID45186,MIF,P14174,6,1.11,5.70,11.60,2.09,0.17,21.00,2.47,0.56,2.44,0.13,5.39,0.00,0.93,FALSE,FALSE,0.57,0.56,0.57,prot.2088,0.42,seq.5356.2,0.54,
MIIP_40409,OID40409,MIIP,Q5JXC2,1,0.00,81.70,36.02,0.12,0.50,22.00,0.14,0.59,0.14,-1.58,3.67,0.01,1.00,FALSE,FALSE,0.02,0.02,0.02,,,seq.28349.10,-0.03,
MILR1_42758,OID42758,MILR1,Q7Z6M3,3,0.00,52.05,23.39,0.17,0.33,22.00,1.11,0.57,1.11,-1.04,3.68,0.00,0.88,FALSE,FALSE,0.17,0.16,0.18,,,seq.11173.32,0.02,
MINDY1_43974,OID43974,MINDY1,Q8N5J2,4,0.00,25.26,33.18,1.47,0.54,22.00,1.66,1.04,1.71,-8.30,5.72,0.01,0.98,FALSE,FALSE,0.52,0.51,0.52,prot.4436,0.64,,,
MINDY2_42759,OID42759,MINDY2,Q8NBR6,3,0.00,0.00,8.19,0.60,0.12,22.00,0.54,0.33,0.54,-0.64,2.72,0.00,0.99,FALSE,FALSE,0.41,0.41,0.41,prot.4487,0.46,,,
MINDY4B_40411,OID40411,MINDY4B,A8MYZ0,1,0.00,72.16,255.42,-6.19,1.92,22.00,-4.68,2.85,-6.10,-8.50,4.07,0.00,0.00,FALSE,FALSE,0.01,0.01,0.01,,,,,
MINDY4_40410,OID40410,MINDY4,Q4G0A6,1,0.00,61.66,121.41,-3.66,2.80,22.00,-2.08,2.71,-1.32,-7.59,5.32,0.00,0.00,FALSE,FALSE,0.02,0.02,0.02,,,,,
MINK1_43975,OID43975,MINK1,Q8N4C8,4,0.00,44.12,59.14,2.85,0.83,22.00,3.58,1.15,3.57,-1.79,10.14,0.00,1.00,FALSE,FALSE,0.46,0.45,0.46,prot.4420,0.55,seq.30763.166,0.52,
MIOX_41477,OID41477,MIOX,Q9UGB7,2,0.14,55.47,295.84,1.05,2.57,22.00,0.16,2.65,0.33,-6.60,8.58,0.00,0.00,FALSE,FALSE,0.02,0.01,0.02,,,seq.13498.1,-0.01,
MIS18BP1_41478,OID41478,MIS18BP1,Q6P0N0,2,0.14,87.11,24.12,-0.29,0.35,22.00,-0.28,0.86,-0.28,-7.57,6.09,0.00,0.99,FALSE,FALSE,0.07,0.06,0.07,,,,,
MISP_41479,OID41479,MISP,Q8IVT2,2,0.14,80.21,46.48,0.19,0.52,22.00,0.46,0.95,0.38,-3.29,5.84,0.00,0.89,FALSE,FALSE,0.06,0.06,0.06,,,seq.29941.4,0.00,
MITD1_43976,OID43976,MITD1,Q8WV92,4,0.00,0.00,18.11,3.02,0.25,22.00,3.53,0.69,3.56,0.01,6.80,0.01,0.99,FALSE,FALSE,0.62,0.62,0.63,prot.7140,0.35,seq.23266.62,0.73,4
MKI67_42760,OID42760,MKI67,P46013,3,0.00,55.32,41.55,-0.80,0.66,22.00,-0.69,0.88,-0.66,-8.09,7.34,0.01,1.00,FALSE,FALSE,0.29,0.27,0.30,prot.7979,0.58,,,
MKNK1_43977,OID43977,MKNK1,Q9BUB5,4,0.00,0.00,12.74,1.55,0.18,22.00,1.96,0.60,1.93,-0.40,5.33,0.01,0.94,TRUE,FALSE,0.52,0.51,0.52,prot.5235,0.51,seq.23693.4,0.53,
MKRN4P_41480,OID41480,MKRN4P,Q13434,2,0.14,72.68,30.02,0.85,0.47,22.00,0.74,1.12,0.58,-3.25,7.49,0.00,0.99,FALSE,FALSE,0.09,0.08,0.09,,,,,
MLANA_41481,OID41481,MLANA,Q16655,2,0.14,73.45,280.16,0.47,2.73,22.00,0.05,2.95,0.17,-6.32,7.78,0.00,0.00,FALSE,FALSE,0.01,0.01,0.01,,,seq.21810.50,-0.02,
MLF1_40412,OID40412,MLF1,P58340,1,0.00,75.64,50.12,-0.68,0.77,22.00,-0.16,1.22,-0.23,-8.08,6.24,0.01,1.00,FALSE,FALSE,0.04,0.04,0.04,,,seq.17820.170,0.07,
MLF2_41482,OID41482,MLF2,Q15773,2,0.14,88.22,101.14,0.88,1.04,22.00,0.91,1.70,1.01,-6.53,6.06,0.00,0.86,FALSE,FALSE,0.01,0.01,0.01,prot.7601,-0.10,,,
MLIP_41483,OID41483,MLIP,Q5VWP3,2,0.14,52.20,85.30,-2.38,2.35,22.00,-1.48,2.51,-0.88,-7.54,7.31,0.00,0.00,FALSE,FALSE,0.01,0.01,0.02,,,seq.25465.42,0.01,
MLLT1_42761,OID42761,MLLT1,Q03111,3,0.00,69.45,54.66,-2.18,0.91,22.00,-1.75,1.45,-1.77,-9.42,5.95,0.03,1.00,FALSE,FALSE,0.04,0.04,0.04,,,,,
MLN_43978,OID43978,MLN,P12872,4,0.00,0.00,16.14,1.04,0.23,22.00,1.37,1.13,1.31,-2.57,5.00,0.00,1.00,TRUE,FALSE,0.67,0.66,0.67,prot.7250,0.54,seq.5631.83,0.92,
MLXIP_40413,OID40413,MLXIP,Q9HAP2,1,0.00,56.99,35.11,0.19,0.49,22.00,0.90,1.03,0.80,-3.13,6.49,0.01,0.99,FALSE,FALSE,0.11,0.11,0.11,prot.5542,0.03,,,
MMAB_42762,OID42762,MMAB,Q96EY8,3,0.00,31.52,37.10,-1.86,0.55,22.00,0.59,0.99,0.60,-2.78,4.67,0.00,0.98,TRUE,FALSE,0.39,0.38,0.39,prot.6770,0.44,seq.17783.9,0.50,
MMEL1_40414,OID40414,MMEL1,Q495T6,1,0.00,62.07,93.81,-0.76,2.53,22.00,-0.12,2.58,0.37,-6.66,7.43,0.00,0.00,FALSE,FALSE,0.07,0.07,0.08,,,seq.3627.71,0.10,
MME_43979,OID43979,MME,P08473,4,0.00,30.34,14.58,0.23,0.21,22.00,-0.51,0.75,-0.57,-2.83,2.38,0.00,0.98,FALSE,FALSE,0.35,0.35,0.36,prot.7018,0.37,seq.20219.25,-0.01,
MMP10_44784,OID44784,MMP10,P09238,5,0.07,0.00,10.80,0.84,0.18,22.00,0.61,0.68,0.54,-1.51,5.10,0.00,0.97,TRUE,FALSE,0.72,0.70,0.72,prot.1929,0.89,seq.8479.4,0.88,
MMP12_43980,OID43980,MMP12,P39900,4,0.00,0.00,8.19,-0.42,0.11,22.00,0.51,0.62,0.45,-1.44,3.39,0.00,0.86,TRUE,FALSE,0.69,0.68,0.69,prot.7035,0.41,seq.4496.60,0.89,
MMP13_42763,OID42763,MMP13,P45452,3,0.00,30.83,15.84,-0.84,0.25,22.00,-0.85,0.74,-0.91,-2.98,4.18,0.00,0.99,TRUE,FALSE,0.36,0.35,0.36,,,seq.4925.54,0.43,
MMP15_44785,OID44785,MMP15,P51511,5,0.07,77.65,18.61,-0.28,0.25,22.00,-0.03,0.87,-0.20,-1.47,8.34,0.00,0.98,FALSE,FALSE,0.15,0.14,0.16,prot.2812,0.03,seq.33871.7,0.05,
MMP1_44783,OID44783,MMP1,P03956,5,0.07,7.17,19.29,1.89,0.27,22.00,2.01,0.96,1.94,-1.01,5.95,0.00,0.99,TRUE,FALSE,0.77,0.77,0.77,prot.1746,0.88,seq.4924.32,0.93,
MMP3_45187,OID45187,MMP3,P08254,6,1.11,1.97,10.75,1.12,0.16,21.00,0.34,0.84,0.33,-2.87,5.37,0.00,0.95,TRUE,FALSE,0.74,0.74,0.75,prot.1895,0.85,seq.2788.55,0.08,
MMP7_44786,OID44786,MMP7,P09237,5,0.07,0.00,8.42,0.37,0.12,22.00,0.72,0.51,0.67,-1.44,3.68,0.00,1.00,TRUE,FALSE,0.66,0.65,0.66,prot.1928,0.77,seq.2789.26,0.81,
MMP8_44787,OID44787,MMP8,P22894,5,0.07,0.14,9.26,-0.15,0.13,22.00,-0.12,0.74,-0.16,-4.60,3.10,0.00,0.99,FALSE,FALSE,0.55,0.55,0.57,prot.7254,0.25,seq.9172.69,0.35,
MMP9_45188,OID45188,MMP9,P14780,6,1.11,1.97,9.72,1.65,0.14,21.00,1.57,0.92,1.58,-1.41,4.10,0.00,1.00,FALSE,FALSE,0.77,0.76,0.77,prot.2104,0.78,seq.2579.17,0.93,
MMRN2_44788,OID44788,MMRN2,Q9H8L6,5,0.07,0.00,11.40,0.21,0.19,22.00,0.27,0.30,0.27,-1.63,1.84,0.00,0.99,FALSE,FALSE,0.36,0.36,0.37,prot.5518,0.15,seq.9723.105,0.07,
MMUT_42764,OID42764,MMUT,P22033,3,0.00,54.91,158.58,-1.88,3.16,22.00,-0.43,2.77,0.19,-6.33,6.95,0.00,0.00,FALSE,FALSE,0.07,0.07,0.07,prot.2270,0.09,seq.33092.21,0.07,
MN1_42765,OID42765,MN1,Q10571,3,0.00,82.60,110.87,-2.33,3.07,22.00,-0.57,2.61,-0.26,-7.44,9.08,0.00,0.00,FALSE,FALSE,0.03,0.02,0.03,,,,,
MNAT1_42766,OID42766,MNAT1,P51948,3,0.00,82.81,16.64,-0.19,0.25,22.00,-0.13,0.30,-0.13,-1.15,1.86,0.01,1.00,FALSE,FALSE,0.07,0.06,0.07,,,seq.23540.3,-0.03,
MND1_40415,OID40415,MND1,Q9BWT6,1,0.00,73.49,30.62,2.43,0.45,22.00,-0.39,2.10,-0.15,-8.09,8.39,0.06,0.68,FALSE,FALSE,0.02,0.01,0.02,,,seq.34820.40,-0.05,
MNDA_44789,OID44789,MNDA,P41218,5,0.07,0.42,36.27,-2.55,0.35,22.00,-2.42,0.95,-2.54,-5.97,3.65,0.00,1.00,FALSE,FALSE,0.64,0.62,0.65,prot.2607,0.84,seq.20076.7,0.83,
MNT_40416,OID40416,MNT,Q99583,1,0.00,72.79,40.13,-0.38,0.62,22.00,-0.19,0.78,-0.22,-2.76,5.77,0.01,1.00,FALSE,FALSE,0.05,0.05,0.06,,,,,
MOCS2_44790,OID44790,MOCS2,O96007,5,0.07,64.90,71.07,0.99,0.67,22.00,1.43,0.79,1.41,-1.23,4.25,0.00,0.95,TRUE,FALSE,0.30,0.30,0.30,prot.1605,0.20,,,
MOCS3_41484,OID41484,MOCS3,O95396,2,0.14,71.29,30.21,2.94,0.41,22.00,1.98,0.85,1.99,-1.27,4.79,0.00,0.95,FALSE,FALSE,0.23,0.22,0.24,,,seq.14229.5,0.04,
MOG_43981,OID43981,MOG,Q16653,4,0.00,4.31,12.83,0.32,0.19,22.00,0.46,0.46,0.47,-1.28,2.74,0.00,1.00,TRUE,TRUE,0.24,0.24,0.25,,,seq.15619.49,0.06,
MOK_42767,OID42767,MOK,Q9UQ07,3,0.00,68.34,32.38,-2.81,0.49,22.00,-2.39,1.34,-2.63,-6.21,5.01,0.02,0.93,FALSE,FALSE,0.03,0.03,0.04,,,seq.29224.81,0.00,
MON2_41485,OID41485,MON2,Q7Z3U7,2,0.14,80.07,43.60,-0.25,0.69,22.00,0.13,0.89,0.11,-3.14,6.10,0.00,1.00,FALSE,FALSE,0.06,0.06,0.06,prot.4171,0.11,,,
MORC2_40417,OID40417,MORC2,Q9Y6X9,1,0.00,78.36,74.94,0.21,1.44,22.00,0.02,2.25,0.36,-7.41,6.28,0.03,0.94,FALSE,FALSE,0.05,0.04,0.05,,,,,
MORC3_43982,OID43982,MORC3,Q14149,4,0.00,7.31,15.75,-1.23,0.23,22.00,-0.78,0.48,-0.82,-2.05,2.32,0.01,0.99,FALSE,FALSE,0.22,0.21,0.22,,,seq.30784.204,0.09,
MORF4L1_42768,OID42768,MORF4L1,Q9UBU8,3,0.00,72.65,66.51,-1.51,1.20,22.00,-0.59,1.25,-0.55,-8.75,6.49,0.01,1.00,FALSE,FALSE,0.05,0.05,0.05,,,seq.18193.165,0.06,
MORF4L2_41486,OID41486,MORF4L2,Q15014,2,0.14,80.35,57.79,-0.57,0.87,22.00,-0.48,1.49,-0.29,-7.16,5.25,0.00,0.97,FALSE,FALSE,0.02,0.02,0.02,,,seq.24443.8,0.01,
MORN4_42769,OID42769,MORN4,Q8NDC4,3,0.00,73.63,71.94,-0.97,1.01,22.00,0.17,1.56,0.03,-7.65,8.88,0.02,1.00,FALSE,FALSE,0.04,0.03,0.04,,,seq.28678.6,0.05,
MORN5_40418,OID40418,MORN5,Q5VZ52,1,0.00,66.32,259.78,-2.28,3.14,22.00,0.05,3.40,0.27,-6.54,15.10,0.00,0.00,FALSE,FALSE,0.02,0.02,0.02,,,,,
MOSPD1_40419,OID40419,MOSPD1,Q9UJG1,1,0.00,82.25,169.37,0.99,2.53,22.00,1.08,2.71,0.15,-5.14,10.18,0.33,0.00,FALSE,FALSE,0.03,0.03,0.03,,,seq.20382.8,0.04,
MPG_40420,OID40420,MPG,P29372,1,0.00,73.90,76.86,-2.40,0.89,22.00,-1.80,1.00,-1.85,-5.99,4.17,0.01,1.00,FALSE,FALSE,0.10,0.09,0.10,,,seq.12438.127,0.14,
MPHOSPH6_41487,OID41487,MPHOSPH6,Q99547,2,0.14,76.79,44.01,0.00,0.67,22.00,0.16,0.98,0.19,-7.66,6.02,0.00,0.96,FALSE,FALSE,0.04,0.03,0.04,,,seq.34977.4,0.00,
MPHOSPH8_43983,OID43983,MPHOSPH8,Q99549,4,0.00,15.17,19.01,1.43,0.28,22.00,1.02,0.62,0.99,-1.07,5.28,0.01,0.97,FALSE,FALSE,0.39,0.38,0.40,,,,,
MPHOSPH9_42770,OID42770,MPHOSPH9,Q99550,3,0.00,56.09,25.54,0.33,0.36,22.00,0.49,0.51,0.47,-1.20,3.02,0.01,1.00,FALSE,FALSE,0.12,0.12,0.13,,,,,
MPIG6B_44791,OID44791,MPIG6B,O95866,5,0.07,0.00,26.89,4.17,0.41,22.00,4.27,0.75,4.34,-0.88,6.10,0.00,0.99,FALSE,FALSE,0.59,0.59,0.60,prot.1591,0.63,seq.7065.1,0.61,
MPI_43984,OID43984,MPI,P34949,4,0.00,68.55,16.34,0.11,0.26,22.00,0.15,0.40,0.09,-0.89,3.45,0.02,1.00,FALSE,FALSE,0.10,0.09,0.11,prot.2516,-0.01,seq.25233.2,0.02,
MPO_45189,OID45189,MPO,P05164,6,1.11,5.77,10.96,-0.70,0.16,21.00,-0.53,0.42,-0.54,-2.21,2.00,0.00,0.99,FALSE,FALSE,0.64,0.63,0.64,prot.1800,0.66,seq.2580.83,0.74,
MPP7_43985,OID43985,MPP7,Q5T2T1,4,0.00,19.35,28.41,1.53,0.44,22.00,2.16,0.65,2.16,-0.52,5.48,0.00,1.00,FALSE,FALSE,0.52,0.52,0.52,prot.3867,0.58,seq.12732.13,0.17,
MPRIP_43986,OID43986,MPRIP,Q6WCQ1,4,0.00,51.01,19.26,0.38,0.29,22.00,0.27,0.47,0.27,-1.25,2.89,0.00,0.99,FALSE,FALSE,0.17,0.16,0.18,prot.4074,0.09,,,
MPST_42771,OID42771,MPST,P25325,3,0.00,1.81,39.10,2.81,0.42,22.00,2.51,1.37,2.90,-1.28,6.44,0.00,0.00,FALSE,FALSE,0.57,0.56,0.57,prot.2347,0.73,seq.12686.15,0.74,
MR1L2_41514,OID41514,MR1L2,B2RBV5,2,0.14,80.77,43.60,-1.31,0.64,22.00,-1.97,1.70,-1.84,-9.18,4.57,0.00,0.97,FALSE,FALSE,0.03,0.03,0.03,,,seq.34919.42,0.02,
MRAP2_40421,OID40421,MRAP2,Q96G30,1,0.00,83.79,198.71,1.63,3.35,22.00,1.57,3.06,0.45,-5.15,13.90,0.02,0.00,FALSE,FALSE,0.02,0.02,0.03,,,seq.10889.2,0.01,
MRAP_42772,OID42772,MRAP,Q8TCY5,3,0.00,78.98,57.48,-1.90,1.83,22.00,-0.79,1.99,-0.73,-7.97,9.03,0.04,0.52,FALSE,FALSE,0.01,0.01,0.02,,,seq.7895.108,-0.01,
MRC1_45385,OID45385,MRC1,P22897,7,0.07,5.01,12.73,-0.41,0.19,22.00,0.45,0.39,0.46,-0.95,2.31,0.00,1.00,TRUE,FALSE,0.58,0.57,0.58,prot.2295,0.33,seq.2637.77,0.64,
MREG_40422,OID40422,MREG,Q8N565,1,0.00,42.94,46.28,2.25,0.66,22.00,0.75,2.05,0.83,-7.31,9.69,0.04,0.89,FALSE,FALSE,0.05,0.05,0.06,,,seq.19145.4,-0.04,
MRI1_42773,OID42773,MRI1,Q9BV20,3,0.00,51.64,34.65,2.69,0.55,22.00,2.93,0.74,2.95,-0.93,7.59,0.00,0.99,FALSE,FALSE,0.45,0.44,0.45,prot.5252,0.30,seq.23340.37,0.41,
MRM1_40423,OID40423,MRM1,Q6IN84,1,0.00,67.29,144.52,2.27,2.92,22.00,2.87,3.18,2.19,-5.54,10.32,0.00,0.00,FALSE,FALSE,0.07,0.07,0.08,,,seq.21319.196,0.02,
MROH2A_40424,OID40424,MROH2A,A6NES4,1,0.00,80.58,351.89,-2.63,3.01,22.00,-2.33,2.98,-1.44,-7.17,7.64,0.00,0.00,FALSE,FALSE,0.01,0.01,0.02,,,,,
MRPL24_43987,OID43987,MRPL24,Q96A35,4,0.00,62.70,17.17,0.32,0.25,22.00,0.26,0.58,0.18,-0.97,5.21,0.02,0.83,FALSE,FALSE,0.12,0.12,0.12,prot.4815,0.04,,,
MRPL28_43988,OID43988,MRPL28,Q13084,4,0.00,84.34,19.91,0.04,0.30,22.00,0.14,0.50,0.10,-1.28,7.73,0.02,0.95,FALSE,FALSE,0.09,0.08,0.09,prot.3368,0.01,seq.21123.1,-0.04,
MRPL46_42774,OID42774,MRPL46,Q9H2W6,3,0.00,96.03,35.94,0.40,0.53,22.00,0.43,0.45,0.44,-1.60,4.02,0.01,1.00,FALSE,FALSE,0.14,0.13,0.14,prot.5451,0.14,seq.31718.103,0.16,
MRPL52_42775,OID42775,MRPL52,Q86TS9,3,0.00,86.36,30.01,-0.24,0.44,22.00,-0.14,0.49,-0.16,-1.96,5.09,0.01,1.00,FALSE,FALSE,0.04,0.04,0.05,,,seq.7123.25,0.00,
MRPL53_41488,OID41488,MRPL53,Q96EL3,2,0.14,42.93,21.72,0.94,0.31,22.00,0.02,1.51,-0.25,-4.86,7.15,0.00,0.99,FALSE,FALSE,0.11,0.10,0.12,prot.4900,0.05,,,
MRPL58_43989,OID43989,MRPL58,Q14197,4,0.00,66.95,22.47,0.00,0.34,22.00,0.64,0.80,0.55,-1.10,6.32,0.03,0.99,FALSE,FALSE,0.21,0.20,0.21,prot.3497,0.17,seq.26274.8,0.25,
MRPS16_42776,OID42776,MRPS16,Q9Y3D3,3,0.00,90.74,36.67,-0.30,0.49,22.00,-0.16,0.78,-0.15,-4.19,5.19,0.01,0.98,FALSE,FALSE,0.05,0.05,0.05,prot.6185,0.02,,,
MRPS18B_42777,OID42777,MRPS18B,Q9Y676,3,0.00,79.19,40.61,0.01,0.68,22.00,0.12,0.85,0.15,-7.20,4.69,0.01,0.96,FALSE,FALSE,0.03,0.03,0.04,prot.6930,0.00,,,
MRPS27_41489,OID41489,MRPS27,Q92552,2,0.14,68.71,102.92,-0.49,1.59,22.00,0.32,2.16,0.42,-7.17,8.47,0.00,0.20,FALSE,FALSE,0.04,0.04,0.04,prot.4719,0.03,seq.29310.25,0.06,
MRRF_42778,OID42778,MRRF,Q96E11,3,0.00,7.59,21.81,0.59,0.31,22.00,-0.24,0.75,-0.41,-1.79,5.17,0.04,0.99,FALSE,FALSE,0.19,0.19,0.20,prot.4894,0.22,seq.12355.223,0.19,
MRTFA_42779,OID42779,MRTFA,Q969V6,3,0.00,23.17,20.22,1.35,0.31,22.00,1.87,0.64,1.85,-0.62,5.29,0.00,0.99,FALSE,FALSE,0.41,0.40,0.42,,,,,
MS4A1_43990,OID43990,MS4A1,P11836,4,0.00,0.00,23.62,-0.75,0.34,22.00,-0.05,0.77,-0.05,-2.47,4.21,0.00,0.99,FALSE,FALSE,0.46,0.44,0.46,prot.765,0.63,seq.29797.27,-0.43,
MSANTD3_41490,OID41490,MSANTD3,Q96H12,2,0.14,45.02,33.46,1.17,0.56,22.00,1.53,0.82,1.52,-1.47,5.34,0.00,1.00,FALSE,FALSE,0.16,0.15,0.17,,,seq.31299.40,0.02,
MSL2_41491,OID41491,MSL2,Q9HCI7,2,0.14,81.95,25.59,0.30,0.37,22.00,0.30,1.48,0.08,-4.25,7.85,0.00,1.00,FALSE,FALSE,0.05,0.05,0.05,,,seq.33880.11,0.02,
MSLNL_42780,OID42780,MSLNL,Q96KJ4,3,0.00,80.31,61.98,-0.61,0.92,22.00,-0.39,0.89,-0.34,-8.12,5.77,0.01,0.99,FALSE,FALSE,0.03,0.03,0.03,,,,,
MSLN_43991,OID43991,MSLN,Q13421,4,0.00,8.84,10.43,-0.57,0.15,22.00,-0.76,0.73,-0.86,-2.72,2.63,0.01,0.99,TRUE,FALSE,0.45,0.44,0.46,prot.3413,0.50,seq.3893.64,0.05,
MSMB_45190,OID45190,MSMB,P08118,6,1.11,39.76,55.22,-0.34,0.46,21.00,-1.78,1.09,-1.71,-4.87,1.72,0.00,0.99,TRUE,FALSE,0.63,0.62,0.64,,,seq.10620.21,0.91,
MSMP_44792,OID44792,MSMP,Q1L6U9,5,0.07,0.00,13.41,-0.67,0.20,22.00,0.42,0.68,0.40,-1.42,3.02,0.00,0.98,FALSE,FALSE,0.69,0.68,0.69,,,seq.8080.24,0.89,
MSR1_44793,OID44793,MSR1,P21757,5,0.07,0.07,9.79,-0.71,0.14,22.00,0.31,0.59,0.31,-1.85,2.48,0.00,0.99,TRUE,FALSE,0.69,0.68,0.70,,,seq.15533.97,0.87,
MSRA_44794,OID44794,MSRA,Q9UJ68,5,0.07,14.55,11.31,1.17,0.16,22.00,1.40,0.52,1.41,-0.76,5.18,0.00,0.88,FALSE,FALSE,0.60,0.60,0.61,prot.5982,0.66,seq.7137.8,-0.13,
MST1R_41492,OID41492,MST1R,Q04912,2,0.14,78.89,105.31,-0.08,1.01,22.00,0.20,1.11,0.12,-6.76,7.28,0.00,1.00,FALSE,FALSE,0.03,0.03,0.04,,,seq.2640.3,0.02,
MST1_45386,OID45386,MST1,P26927,7,0.07,0.28,8.46,0.90,0.12,22.00,0.61,0.60,0.71,-7.67,2.15,0.00,0.98,TRUE,TRUE,0.70,0.69,0.71,,,seq.4407.10,0.81,
MSTN_43992,OID43992,MSTN,O14793,4,0.00,0.00,13.45,0.31,0.19,22.00,0.62,0.56,0.61,-1.49,4.48,0.00,0.72,FALSE,FALSE,0.61,0.60,0.62,,,seq.27221.34,0.79,
MSX2_40425,OID40425,MSX2,P35548,1,0.00,39.67,60.35,-1.02,0.72,22.00,0.14,1.08,-0.03,-2.23,6.84,0.02,0.99,FALSE,FALSE,0.02,0.01,0.02,,,seq.23301.2,-0.03,
MTAP_41493,OID41493,MTAP,Q13126,2,0.14,67.67,36.65,0.18,0.55,22.00,0.53,1.24,0.35,-5.81,6.76,0.00,0.99,FALSE,FALSE,0.03,0.03,0.03,,,seq.9910.9,-0.05,
MTCL1_41494,OID41494,MTCL1,Q9Y4B5,2,0.14,84.11,33.22,-0.55,0.55,22.00,-0.25,0.66,-0.32,-2.21,7.00,0.00,1.00,FALSE,FALSE,0.04,0.03,0.04,,,,,
MTDH_43993,OID43993,MTDH,Q86UE4,4,0.00,50.17,25.83,6.23,0.35,22.00,1.19,0.93,1.10,-1.84,7.00,0.00,0.99,FALSE,FALSE,0.46,0.45,0.46,prot.4235,0.61,seq.26191.25,0.24,
MTERF2_41495,OID41495,MTERF2,Q49AM1,2,0.14,73.38,43.43,-1.31,0.74,22.00,-0.69,0.92,-0.73,-3.35,4.04,0.00,0.99,FALSE,FALSE,0.04,0.03,0.04,,,,,
MTERF3_41496,OID41496,MTERF3,Q96E29,2,0.14,84.32,103.30,-1.07,2.63,22.00,0.26,2.40,0.67,-5.91,6.68,0.00,0.00,FALSE,FALSE,0.03,0.03,0.03,,,,,
MTF1_41497,OID41497,MTF1,Q14872,2,0.14,84.11,52.05,-0.74,0.74,22.00,-0.21,0.96,-0.27,-5.91,5.53,0.00,0.86,FALSE,FALSE,0.01,0.01,0.01,prot.3555,-0.01,,,
MTFR1L_41498,OID41498,MTFR1L,Q9H019,2,0.14,85.85,52.44,-2.39,1.60,22.00,-2.13,1.38,-2.00,-9.07,4.51,0.00,0.99,FALSE,FALSE,0.02,0.02,0.02,prot.5394,0.02,seq.29751.19,0.00,
MTFR1_40426,OID40426,MTFR1,Q15390,1,0.00,82.74,49.32,-0.35,0.69,22.00,-0.01,0.99,0.00,-6.13,5.29,0.01,1.00,FALSE,FALSE,0.01,0.01,0.02,,,seq.9095.5,0.00,
MTG2_40427,OID40427,MTG2,Q9H4K7,1,0.00,78.36,69.17,-0.98,0.93,22.00,-0.09,1.85,-0.14,-8.01,9.16,0.02,0.99,FALSE,FALSE,0.01,0.01,0.01,,,seq.33116.7,-0.01,
MTHFD1_42781,OID42781,MTHFD1,P11586,3,0.00,32.43,23.46,0.50,0.34,22.00,0.80,0.51,0.76,-1.29,3.51,0.01,1.00,FALSE,FALSE,0.39,0.38,0.39,,,seq.12575.30,0.53,
MTHFD2_43994,OID43994,MTHFD2,P13995,4,0.00,48.64,30.00,-0.08,0.47,22.00,0.20,0.65,0.17,-1.73,5.35,0.01,0.99,FALSE,FALSE,0.29,0.29,0.30,prot.6521,0.16,seq.18321.38,0.43,
MTHFSD_42782,OID42782,MTHFSD,Q2M296,3,0.00,65.14,56.14,3.16,0.87,22.00,3.10,1.12,3.10,-2.32,8.28,0.00,0.97,TRUE,TRUE,0.44,0.44,0.46,,,seq.19129.15,0.55,
MTIF2_40428,OID40428,MTIF2,P46199,1,0.00,83.58,44.04,0.45,0.78,22.00,0.71,1.38,0.80,-7.11,6.31,0.01,0.92,FALSE,FALSE,0.10,0.10,0.10,prot.2658,0.11,,,
MTIF3_43995,OID43995,MTIF3,Q9H2K0,4,0.00,70.84,51.36,1.52,0.79,22.00,2.17,0.95,2.22,-3.45,7.36,0.01,1.00,FALSE,FALSE,0.46,0.45,0.46,prot.5447,0.48,seq.7852.9,0.58,
MTMR6_41499,OID41499,MTMR6,Q9Y217,2,0.14,74.91,64.32,0.44,0.95,22.00,0.47,1.07,0.47,-7.36,4.85,0.00,0.99,FALSE,FALSE,0.09,0.09,0.09,prot.6097,0.08,seq.12536.46,0.00,
MTMR7_41500,OID41500,MTMR7,Q9Y216,2,0.14,82.72,24.61,-1.94,0.38,22.00,-1.77,0.68,-1.86,-3.75,3.78,0.00,0.93,FALSE,FALSE,0.05,0.05,0.05,,,seq.24493.10,0.01,
MTPN_43996,OID43996,MTPN,P58546,4,0.00,80.86,21.62,-4.32,0.33,22.00,-4.31,0.79,-4.39,-6.41,2.35,0.02,1.00,FALSE,FALSE,0.12,0.11,0.12,prot.2969,0.06,,,
MTRES1_41501,OID41501,MTRES1,Q9P0P8,2,0.14,66.69,64.54,-0.15,0.86,22.00,1.15,1.31,1.09,-7.06,8.21,0.00,1.00,FALSE,FALSE,0.11,0.11,0.11,,,,,
MTR_42783,OID42783,MTR,Q99707,3,0.00,83.86,52.81,-1.60,1.72,22.00,-0.87,1.78,-0.71,-8.06,6.43,0.05,0.55,FALSE,FALSE,0.04,0.04,0.04,,,seq.34433.13,0.04,
MTSS1_43997,OID43997,MTSS1,O43312,4,0.00,14.20,41.02,2.33,0.51,22.00,3.27,0.91,3.30,-0.56,6.51,0.01,0.99,FALSE,FALSE,0.52,0.51,0.52,prot.1227,0.54,,,
MTSS2_43998,OID43998,MTSS2,Q765P7,4,0.00,27.70,36.69,1.91,0.52,22.00,2.31,0.88,2.25,-0.40,8.69,0.01,0.98,FALSE,FALSE,0.48,0.47,0.48,prot.4125,0.41,seq.25252.29,0.44,
MTUS1_42784,OID42784,MTUS1,Q9ULD2,3,0.00,41.96,21.54,0.48,0.33,22.00,-0.04,0.82,-0.14,-2.55,5.25,0.02,0.99,FALSE,FALSE,0.13,0.12,0.14,,,,,
MTUS2_42785,OID42785,MTUS2,Q5JR59,3,0.00,62.28,32.48,-0.43,0.48,22.00,-0.19,0.69,-0.24,-2.34,6.62,0.01,0.95,FALSE,FALSE,0.01,0.01,0.01,,,seq.24710.1,-0.08,
MUC13_42786,OID42786,MUC13,Q9H3R2,3,0.00,48.71,22.91,0.55,0.35,22.00,0.38,0.71,0.34,-2.57,3.70,0.00,0.98,FALSE,FALSE,0.18,0.17,0.19,,,,,
MUC16_43999,OID43999,MUC16,Q8WXI7,4,0.00,11.13,29.32,-0.64,0.47,22.00,0.17,1.04,0.18,-4.10,4.78,0.00,1.00,FALSE,FALSE,0.37,0.36,0.37,prot.4694,,seq.15565.102,0.49,
MUC1_45191,OID45191,MUC1,P15941,6,1.11,46.31,14.70,1.22,0.21,21.00,0.25,0.89,0.14,-2.01,5.05,0.00,0.99,TRUE,TRUE,0.23,0.22,0.24,,,seq.9176.3,0.01,
MUC20_42787,OID42787,MUC20,Q8N307,3,0.00,64.93,18.21,0.20,0.26,22.00,-0.16,1.21,-0.15,-8.52,5.65,0.01,0.99,TRUE,TRUE,0.23,0.22,0.24,,,,,
MUC2_45192,OID45192,MUC2,Q02817,6,1.11,5.77,13.07,1.74,0.19,21.00,1.16,1.31,1.29,-3.04,4.77,0.00,0.99,TRUE,TRUE,0.29,0.28,0.30,,,seq.33001.36,-0.01,
MUC3A_40429,OID40429,MUC3A,Q02505,1,0.00,68.89,109.04,-2.29,2.53,22.00,-0.86,2.85,-0.37,-7.88,8.05,0.00,0.00,TRUE,FALSE,0.10,0.09,0.11,,,,,
MUC7_40430,OID40430,MUC7,Q8TAX7,1,0.00,53.31,42.18,-0.58,0.65,22.00,-1.72,2.43,-1.44,-9.73,7.33,0.03,0.04,TRUE,TRUE,0.05,0.04,0.06,prot.7489,-0.06,,,
MUCL3_42788,OID42788,MUCL3,Q3MIW9,3,0.00,86.22,29.77,-0.14,0.46,22.00,0.09,0.65,0.04,-2.28,5.41,0.02,0.99,FALSE,FALSE,0.03,0.03,0.04,,,,,
MUS81_40431,OID40431,MUS81,Q96NY9,1,0.00,86.64,75.80,-4.69,2.01,22.00,-4.51,2.46,-3.94,-10.54,6.13,0.02,0.00,FALSE,FALSE,0.03,0.03,0.03,,,,,
MVK_42789,OID42789,MVK,Q03426,3,0.00,19.07,24.89,2.79,0.34,22.00,1.78,0.90,1.66,-0.68,5.67,0.01,0.99,FALSE,FALSE,0.32,0.32,0.33,prot.803,0.16,seq.11391.69,0.14,
MYBPC1_44796,OID44796,MYBPC1,Q00872,5,0.07,12.53,21.37,0.04,0.43,22.00,-0.19,1.21,-0.26,-3.68,5.95,0.00,0.96,FALSE,FALSE,0.56,0.55,0.57,prot.6585,-0.08,seq.7648.9,0.83,
MYBPC2_44000,OID44000,MYBPC2,Q14324,4,0.00,4.66,16.78,-0.49,0.27,22.00,-0.21,1.37,-0.49,-2.66,7.39,0.01,0.99,FALSE,FALSE,0.43,0.42,0.44,prot.7737,0.08,seq.25096.58,0.55,
MYBPH_41502,OID41502,MYBPH,Q13203,2,0.14,69.13,47.31,-0.22,0.76,22.00,-0.27,1.58,-0.24,-7.57,7.67,0.00,1.00,FALSE,FALSE,0.09,0.08,0.09,,,seq.25065.22,0.21,
MYCBP2_44001,OID44001,MYCBP2,O75592,4,0.00,9.32,18.90,0.84,0.28,22.00,1.59,0.63,1.53,-0.29,5.77,0.01,0.99,FALSE,FALSE,0.11,0.11,0.13,,,seq.33724.54,-0.20,
MYCBPAP_40432,OID40432,MYCBPAP,Q8TBZ2,1,0.00,86.43,92.82,-2.07,1.26,22.00,-2.05,2.33,-1.80,-8.76,6.22,0.07,0.00,FALSE,FALSE,0.03,0.03,0.03,,,,,
MYDGF_44797,OID44797,MYDGF,Q969H8,5,0.07,15.60,19.01,1.49,0.27,22.00,2.13,0.82,2.12,-1.52,7.03,0.00,0.96,TRUE,FALSE,0.48,0.47,0.48,,,seq.9248.36,0.32,
MYH10_41504,OID41504,MYH10,P35580,2,0.14,37.63,31.59,-0.15,0.45,22.00,0.48,0.95,0.29,-1.93,6.13,0.00,1.00,FALSE,FALSE,0.18,0.18,0.19,prot.2539,0.19,seq.35499.8,-0.07,
MYH13_40433,OID40433,MYH13,Q9UKX3,1,0.00,89.70,136.30,-0.05,2.33,22.00,0.01,2.50,0.33,-6.58,7.27,0.03,0.00,FALSE,FALSE,0.05,0.04,0.05,prot.7318,0.07,,,
MYH15_40434,OID40434,MYH15,Q9Y2K3,1,0.00,96.24,74.91,-0.08,0.95,22.00,-0.45,1.14,-0.17,-5.49,6.04,0.01,1.00,FALSE,FALSE,0.03,0.03,0.04,,,,,
MYH1_41503,OID41503,MYH1,P12882,2,0.14,52.75,27.44,-2.21,0.44,22.00,-1.32,1.76,-1.54,-7.47,6.56,0.00,0.41,FALSE,FALSE,0.19,0.19,0.20,prot.7649,0.31,,,
MYH4_42790,OID42790,MYH4,Q9Y623,3,0.00,72.65,58.94,-1.99,1.06,22.00,-1.25,1.84,-1.18,-8.62,6.31,0.03,0.97,FALSE,FALSE,0.07,0.07,0.08,,,,,
MYH7B_42791,OID42791,MYH7B,A7E2Y1,3,0.00,79.89,67.84,-2.32,1.33,22.00,-1.13,1.34,-1.11,-9.26,6.35,0.02,1.00,FALSE,FALSE,0.06,0.05,0.07,,,,,
MYH7_41505,OID41505,MYH7,P12883,2,0.14,47.39,34.89,-0.61,0.51,22.00,-0.62,1.67,-0.61,-9.31,5.49,0.00,0.99,FALSE,FALSE,0.36,0.35,0.36,prot.2056,0.50,seq.35407.50,0.73,
MYH9_45193,OID45193,MYH9,P35579,6,1.11,2.04,43.42,2.38,0.62,21.00,3.03,0.87,3.07,0.18,6.38,0.00,0.99,FALSE,FALSE,0.50,0.49,0.50,prot.2538,0.50,seq.32030.5,0.48,
MYL10_40435,OID40435,MYL10,Q9BUA6,1,0.00,57.62,426.28,-2.45,3.22,22.00,0.09,3.75,0.13,-6.13,10.26,0.00,0.00,FALSE,FALSE,0.02,0.01,0.02,,,seq.35079.2,0.00,
MYL11_42793,OID42793,MYL11,Q96A32,3,0.00,58.94,42.78,-0.16,0.55,22.00,-0.11,1.12,-0.26,-3.39,6.91,0.02,0.89,FALSE,FALSE,0.25,0.24,0.25,prot.4813,0.53,seq.21112.6,0.54,
MYL1_42792,OID42792,MYL1,P05976,3,0.00,92.41,67.08,0.15,1.11,22.00,-0.08,1.55,0.13,-7.65,5.14,0.03,0.95,FALSE,FALSE,0.13,0.13,0.14,prot.1815,0.31,,,
MYL3_42794,OID42794,MYL3,P08590,3,0.00,38.07,18.31,0.16,0.27,22.00,-0.01,1.30,-0.04,-5.33,4.62,0.00,1.00,FALSE,FALSE,0.54,0.52,0.55,prot.1909,0.88,seq.18376.19,0.91,
MYL4_44002,OID44002,MYL4,P12829,4,0.00,41.89,63.45,-2.47,0.87,22.00,-2.16,1.38,-2.15,-9.34,4.92,0.01,0.99,FALSE,FALSE,0.26,0.26,0.28,prot.2053,0.46,seq.20107.11,-0.17,
MYL5_41506,OID41506,MYL5,Q02045,2,0.14,73.80,75.22,-0.55,1.89,22.00,0.22,2.06,0.47,-6.42,7.27,0.00,0.33,FALSE,FALSE,0.04,0.04,0.04,prot.3209,0.06,seq.19286.30,-0.03,
MYL6B_42795,OID42795,MYL6B,P14649,3,0.00,67.78,98.84,-1.39,2.23,22.00,-0.37,2.73,-0.12,-7.09,8.78,0.00,0.00,FALSE,FALSE,0.04,0.04,0.05,prot.2102,0.01,seq.14227.21,0.09,
MYO10_40436,OID40436,MYO10,Q9HD67,1,0.00,92.35,84.48,-0.55,2.31,22.00,-0.37,1.71,-0.11,-7.81,6.36,0.04,0.91,FALSE,FALSE,0.04,0.04,0.04,,,,,
MYO18B_41507,OID41507,MYO18B,Q8IUG5,2,0.14,62.65,32.93,0.04,0.57,22.00,0.27,0.82,0.21,-3.21,8.21,0.00,1.00,FALSE,FALSE,0.06,0.05,0.06,prot.4303,0.06,,,
MYO1E_41508,OID41508,MYO1E,Q12965,2,0.14,57.49,37.23,0.75,0.63,22.00,1.64,1.01,1.54,-1.13,6.98,0.00,0.96,FALSE,FALSE,0.30,0.30,0.31,prot.3354,0.35,,,
MYO1G_41509,OID41509,MYO1G,B0I1T2,2,0.14,76.72,56.53,-0.97,1.40,22.00,-0.14,1.46,-0.04,-7.62,5.99,0.00,0.97,FALSE,FALSE,0.05,0.05,0.06,prot.559,0.05,,,
MYO3B_41510,OID41510,MYO3B,Q8WXR4,2,0.14,78.40,63.10,-0.28,1.20,22.00,-0.05,1.37,0.05,-7.58,6.42,0.00,1.00,FALSE,FALSE,0.02,0.02,0.02,,,,,
MYO5A_41511,OID41511,MYO5A,Q9Y4I1,2,0.14,65.09,68.35,0.13,0.99,22.00,1.20,1.70,1.19,-6.87,9.61,0.00,1.00,FALSE,FALSE,0.12,0.12,0.12,prot.6216,0.13,,,
MYO5B_41512,OID41512,MYO5B,Q9ULV0,2,0.14,85.51,54.42,-1.60,0.78,22.00,-1.40,1.44,-1.30,-8.48,6.78,0.00,1.00,FALSE,FALSE,0.00,0.00,0.00,prot.7367,-0.06,,,
MYO5C_40437,OID40437,MYO5C,Q9NQX4,1,0.00,81.14,42.18,-1.61,0.61,22.00,-1.42,1.09,-1.45,-9.15,7.56,0.01,1.00,FALSE,FALSE,0.04,0.04,0.05,prot.7175,0.03,,,
MYO6_42796,OID42796,MYO6,Q9UM54,3,0.00,89.35,96.92,0.17,1.75,22.00,0.27,1.92,0.52,-6.67,5.22,0.05,0.30,FALSE,FALSE,0.09,0.09,0.09,,,seq.9894.13,0.14,
MYO9B_42797,OID42797,MYO9B,Q13459,3,0.00,32.36,33.62,0.96,0.52,22.00,1.23,0.75,1.24,-1.88,4.73,0.00,0.96,FALSE,FALSE,0.30,0.30,0.31,,,,,
MYOC_45194,OID45194,MYOC,Q99972,6,1.11,3.24,16.17,0.85,0.25,21.00,0.33,0.68,0.37,-2.97,2.79,0.00,0.75,TRUE,FALSE,0.67,0.67,0.68,prot.5164,0.74,seq.16558.2,0.61,
MYOD1_40438,OID40438,MYOD1,P15172,1,0.00,78.22,57.37,-0.05,0.84,22.00,0.32,0.85,0.27,-2.95,7.83,0.01,0.93,FALSE,FALSE,0.03,0.03,0.03,,,,,
MYOM1_42798,OID42798,MYOM1,P52179,3,0.00,73.70,34.31,-2.64,0.65,22.00,-2.43,0.99,-2.38,-10.16,4.80,0.01,1.00,FALSE,FALSE,0.09,0.09,0.10,,,,,
MYOM2_42799,OID42799,MYOM2,P54296,3,0.00,74.04,51.36,-0.20,0.77,22.00,-0.73,1.82,-0.55,-8.37,8.13,0.03,0.99,FALSE,FALSE,0.25,0.24,0.26,prot.7045,0.10,seq.13534.20,0.63,
MYOM3_44798,OID44798,MYOM3,Q5VTT5,5,0.07,3.69,10.23,0.20,0.15,22.00,-0.39,1.23,-0.40,-3.64,3.80,0.00,0.99,FALSE,FALSE,0.42,0.41,0.42,prot.8060,,seq.13966.30,0.38,
MYSM1_41513,OID41513,MYSM1,Q5VVJ2,2,0.14,70.52,28.54,-1.07,0.40,22.00,-0.65,0.72,-0.73,-2.82,3.69,0.00,1.00,FALSE,FALSE,0.04,0.04,0.05,,,seq.11536.9,0.01,
MYT1L_40439,OID40439,MYT1L,Q9UL68,1,0.00,80.72,265.66,-0.53,2.92,22.00,0.06,3.51,-0.03,-6.39,8.58,0.00,0.00,FALSE,FALSE,0.01,0.01,0.02,,,,,
MZB1_44799,OID44799,MZB1,Q8WU39,5,0.07,4.94,9.58,-0.91,0.14,22.00,-0.24,0.49,-0.27,-1.70,1.60,0.00,1.00,FALSE,FALSE,0.67,0.67,0.67,prot.7943,0.07,seq.16322.10,0.75,
MZT1_42800,OID42800,MZT1,Q08AG7,3,0.00,33.33,30.30,0.63,0.44,22.00,0.88,0.60,0.89,-1.57,4.13,0.01,0.82,FALSE,FALSE,0.23,0.23,0.24,prot.7407,0.12,,,
MZT2B_42801,OID42801,MZT2B,Q6NZ67,3,0.00,21.43,23.35,1.61,0.33,22.00,1.80,0.65,1.80,-0.97,5.20,0.01,0.95,FALSE,FALSE,0.43,0.42,0.43,prot.620,0.43,,,
N4BP2L2_41520,OID41520,N4BP2L2,Q92802,2,0.14,85.92,58.47,-0.49,0.98,22.00,-0.19,1.11,-0.10,-7.13,3.33,0.00,0.95,FALSE,FALSE,0.00,0.00,0.01,,,seq.22504.3,-0.02,
N4BP2_41519,OID41519,N4BP2,Q86UW6,2,0.14,58.89,35.98,-0.18,0.64,22.00,0.28,0.82,0.24,-2.95,5.06,0.00,1.00,FALSE,FALSE,0.08,0.08,0.08,,,,,
N4BP3_42802,OID42802,N4BP3,O15049,3,0.00,83.99,30.66,0.35,0.41,22.00,0.04,0.65,0.04,-1.85,4.87,0.01,1.00,FALSE,FALSE,0.04,0.04,0.05,prot.6993,-0.01,seq.30730.20,0.03,
NAA10_44003,OID44003,NAA10,P41227,4,0.00,43.56,32.49,1.85,0.46,22.00,2.29,0.78,2.27,-0.94,7.69,0.01,0.97,FALSE,FALSE,0.51,0.51,0.52,prot.2611,0.56,seq.17854.33,0.55,
NAA11_41521,OID41521,NAA11,Q9BSU3,2,0.14,70.73,64.56,-0.89,1.18,22.00,0.16,1.42,-0.01,-7.42,8.52,0.00,1.00,FALSE,FALSE,0.02,0.02,0.02,,,,,
NAA40_42803,OID42803,NAA40,Q86UY6,3,0.00,83.37,24.71,0.07,0.38,22.00,0.16,0.72,0.05,-1.57,6.46,0.03,0.99,FALSE,FALSE,0.07,0.06,0.07,,,seq.30225.40,0.04,
NAA80_42804,OID42804,NAA80,Q93015,3,0.00,24.15,30.99,2.41,0.48,22.00,3.10,0.94,3.08,-0.75,7.89,0.01,0.99,FALSE,FALSE,0.54,0.54,0.55,prot.4784,0.39,seq.21241.1,0.62,
NAAA_44004,OID44004,NAAA,Q02083,4,0.00,3.13,16.42,1.28,0.25,22.00,0.15,0.51,0.12,-1.30,3.48,0.01,0.98,TRUE,FALSE,0.57,0.57,0.58,,,seq.3173.49,0.78,
NACA2_40442,OID40442,NACA2,Q9H009,1,0.00,62.77,155.59,-2.48,2.62,22.00,-1.14,2.65,-0.51,-7.90,6.23,0.01,0.00,FALSE,FALSE,0.01,0.01,0.01,prot.7988,,seq.34980.29,0.00,
NACAD_42805,OID42805,NACAD,O15069,3,0.00,59.78,51.28,-0.15,0.80,22.00,0.46,1.04,0.39,-5.07,9.46,0.01,0.99,FALSE,FALSE,0.08,0.08,0.09,,,,,
NACC1_44005,OID44005,NACC1,Q96RE7,4,0.00,11.97,12.49,0.71,0.18,22.00,0.89,0.53,0.86,-0.77,6.47,0.01,0.95,FALSE,FALSE,0.35,0.34,0.36,,,,,
NADK_44800,OID44800,NADK,O95544,5,0.07,0.00,19.56,1.16,0.25,22.00,0.93,0.63,0.93,-1.51,4.16,0.00,0.99,FALSE,FALSE,0.46,0.45,0.46,,,seq.13624.17,0.37,
NAF1_42806,OID42806,NAF1,Q96HR8,3,0.00,87.54,34.90,0.88,0.51,22.00,0.60,0.99,0.58,-3.06,6.71,0.02,0.99,FALSE,FALSE,0.11,0.10,0.11,,,,,
NAGA_44006,OID44006,NAGA,P17050,4,0.00,56.99,26.52,0.68,0.39,22.00,0.25,0.55,0.24,-2.44,4.00,0.01,1.00,FALSE,FALSE,0.20,0.19,0.20,prot.2158,0.15,,,
NAGK_44007,OID44007,NAGK,Q9UJ70,4,0.00,18.02,16.03,0.33,0.23,22.00,0.62,0.58,0.64,-3.04,3.02,0.00,1.00,TRUE,FALSE,0.40,0.40,0.40,prot.5983,0.39,seq.3894.15,0.42,
NAGPA_44801,OID44801,NAGPA,Q9UK23,5,0.07,0.00,5.49,0.64,0.08,22.00,0.27,0.28,0.27,-4.39,1.16,0.00,0.99,TRUE,FALSE,0.38,0.37,0.40,,,seq.11208.15,0.38,
NAMPT_42807,OID42807,NAMPT,P43490,3,0.00,71.12,26.09,-1.65,0.39,22.00,-1.79,0.88,-1.75,-9.72,2.04,0.02,0.53,FALSE,FALSE,0.25,0.25,0.26,prot.409,0.35,seq.5011.11,-0.03,
NANOG_40443,OID40443,NANOG,Q9H9S0,1,0.00,70.29,191.77,0.25,3.68,22.00,1.15,3.51,0.25,-5.81,10.30,0.00,0.00,FALSE,FALSE,-0.01,-0.02,-0.01,,,seq.2732.58,-0.08,
NANS_44008,OID44008,NANS,Q9NR45,4,0.00,4.94,20.29,1.31,0.25,22.00,1.52,0.57,1.47,-0.44,4.56,0.01,0.99,FALSE,FALSE,0.59,0.59,0.59,prot.5650,0.51,seq.17802.4,0.74,
NAP1L4_44009,OID44009,NAP1L4,Q99733,4,0.00,7.03,21.20,2.13,0.25,22.00,2.59,0.53,2.60,0.64,4.60,0.00,0.98,FALSE,FALSE,0.57,0.56,0.57,prot.5138,0.64,seq.19188.21,0.65,
NAPB_41522,OID41522,NAPB,Q9H115,2,0.14,81.95,37.38,-0.64,0.57,22.00,0.10,0.89,0.03,-2.69,7.13,0.00,0.99,FALSE,FALSE,0.03,0.02,0.03,prot.5419,0.04,seq.12655.30,0.00,
NAPRT_44010,OID44010,NAPRT,Q6XQN6,4,0.00,85.59,64.86,-0.58,0.97,22.00,-1.08,1.50,-0.82,-7.22,4.40,0.04,0.51,FALSE,FALSE,0.10,0.10,0.10,prot.4076,0.11,,,
NARS1_44011,OID44011,NARS1,O43776,4,0.00,13.85,12.86,1.31,0.20,22.00,1.23,0.44,1.26,-0.83,3.85,0.02,0.98,FALSE,FALSE,0.41,0.40,0.42,prot.1271,0.49,seq.21383.37,0.45,
NAV2_41523,OID41523,NAV2,Q8IVL1,2,0.14,70.87,58.36,-1.83,1.85,22.00,-0.57,2.05,-0.44,-7.68,7.11,0.00,0.36,FALSE,FALSE,0.03,0.03,0.03,,,seq.32108.2,0.02,
NBEAL2_41524,OID41524,NBEAL2,Q6ZNJ1,2,0.14,38.05,38.75,-4.11,0.64,22.00,-3.32,1.42,-3.55,-8.14,3.78,0.00,0.90,FALSE,FALSE,0.19,0.19,0.20,prot.4091,0.29,,,
NBEA_40445,OID40445,NBEA,Q8NFP9,1,0.00,49.20,47.96,0.08,0.76,22.00,0.86,1.05,0.73,-1.96,6.38,0.01,1.00,FALSE,FALSE,0.13,0.12,0.14,,,,,
NBL1_44802,OID44802,NBL1,P41271,5,0.07,0.00,12.11,0.16,0.17,22.00,0.38,0.30,0.37,-1.00,2.07,0.00,0.84,FALSE,FALSE,0.53,0.52,0.53,prot.7210,0.06,seq.2944.66,0.53,
NBN_42808,OID42808,NBN,O60934,3,0.00,55.46,36.43,-1.25,0.52,22.00,-0.71,0.67,-0.72,-2.77,2.39,0.00,0.99,FALSE,FALSE,0.06,0.06,0.07,,,seq.29428.34,-0.04,
NBPF11_41525,OID41525,NBPF11,Q86T75,2,0.14,79.51,83.27,-2.14,2.03,22.00,-0.64,1.75,-0.66,-8.03,7.03,0.00,0.39,FALSE,FALSE,0.01,0.01,0.01,,,,,
NCAM1_45387,OID45387,NCAM1,P13591,7,0.07,0.00,8.52,0.11,0.12,22.00,0.19,0.34,0.19,-1.02,1.43,0.00,1.00,TRUE,FALSE,0.58,0.58,0.59,prot.2069,0.29,seq.4498.62,0.67,
NCAM2_45195,OID45195,NCAM2,O15394,6,1.11,6.90,12.42,0.23,0.18,21.00,0.15,0.33,0.16,-1.76,1.48,0.00,0.91,TRUE,TRUE,0.58,0.57,0.58,,,seq.26070.9,0.65,
NCAN_44803,OID44803,NCAN,O14594,5,0.07,0.00,8.61,0.71,0.13,22.00,0.95,0.44,0.94,-0.47,2.43,0.00,0.90,FALSE,FALSE,0.67,0.66,0.67,prot.1092,0.70,seq.15573.110,0.84,
NCAPG_42809,OID42809,NCAPG,Q9BPX3,3,0.00,11.27,31.90,0.41,0.36,22.00,0.93,0.71,0.82,-0.47,5.84,0.02,0.99,FALSE,FALSE,0.19,0.18,0.20,prot.5170,0.03,,,
NCAPH_41526,OID41526,NCAPH,Q15003,2,0.14,76.03,45.05,0.03,0.78,22.00,0.31,1.01,0.34,-7.05,7.34,0.00,0.99,FALSE,FALSE,0.03,0.03,0.03,prot.754,0.02,,,
NCCRP1_42810,OID42810,NCCRP1,Q6ZVX7,3,0.00,26.58,11.52,0.33,0.17,22.00,0.40,0.54,0.39,-1.23,3.43,0.00,0.99,TRUE,FALSE,0.18,0.18,0.19,prot.4109,0.00,,,
NCF1C_NCF1_41527,OID41527,NCF1C_NCF1,A8MVU1_P14598,2,0.14,7.94,31.18,0.76,0.43,22.00,0.72,1.08,0.66,-3.69,4.78,0.00,1.00,FALSE,FALSE,0.33,0.31,0.34,prot.2098,0.77,seq.17766.5,0.83,
NCF2_44013,OID44013,NCF2,P19878,4,0.00,7.72,18.50,-0.44,0.23,22.00,-0.29,0.65,-0.34,-2.24,2.52,0.01,0.98,FALSE,FALSE,0.31,0.30,0.31,prot.2214,0.25,seq.10047.7,0.08,
NCK2_44804,OID44804,NCK2,O43639,5,0.07,2.79,19.15,2.07,0.27,22.00,2.34,0.67,2.34,-0.83,6.28,0.00,0.99,FALSE,FALSE,0.66,0.65,0.66,prot.1257,0.69,seq.13615.60,0.71,6
NCKAP5L_41528,OID41528,NCKAP5L,Q9HCH0,2,0.14,71.43,42.48,-0.39,0.70,22.00,0.26,0.97,0.24,-4.47,5.15,0.00,0.99,FALSE,FALSE,0.05,0.05,0.06,prot.6844,0.01,,,
NCKAP5_40447,OID40447,NCKAP5,O14513,1,0.00,76.55,181.71,1.25,2.23,22.00,1.39,2.31,0.15,-0.80,11.82,0.27,0.00,FALSE,FALSE,0.03,0.02,0.03,,,seq.33272.52,-0.03,
NCKIPSD_42812,OID42812,NCKIPSD,Q9NZQ3,3,0.00,39.74,20.38,0.36,0.32,22.00,0.53,0.58,0.46,-1.15,5.36,0.02,0.99,FALSE,FALSE,0.23,0.23,0.24,prot.5829,0.31,seq.23677.30,0.25,
NCLN_42813,OID42813,NCLN,Q969V3,3,0.00,69.38,60.79,-0.29,0.98,22.00,0.25,1.38,0.30,-7.54,7.74,0.02,0.81,FALSE,FALSE,0.01,0.01,0.01,prot.4807,-0.03,,,
NCOA1_41529,OID41529,NCOA1,Q15788,2,0.14,64.46,46.16,-0.13,0.73,22.00,0.13,0.91,0.12,-6.42,5.65,0.00,1.00,FALSE,FALSE,0.04,0.04,0.05,,,seq.35362.107,-0.05,
NCOA7_41530,OID41530,NCOA7,Q8NI08,2,0.14,83.21,67.90,0.09,1.57,22.00,0.52,1.37,0.69,-6.23,5.35,0.00,1.00,FALSE,FALSE,0.11,0.11,0.11,prot.4552,0.18,seq.25299.11,0.17,
NCOR1P1_40448,OID40448,NCOR1P1,Q9H4R4,1,0.00,68.96,197.60,-1.09,2.46,22.00,0.20,3.16,0.03,-5.75,10.45,0.01,0.00,FALSE,FALSE,0.02,0.02,0.03,,,seq.34957.35,0.00,
NCR1_44014,OID44014,NCR1,O76036,4,0.00,11.69,12.50,0.14,0.18,22.00,0.25,0.46,0.24,-3.41,2.24,0.00,0.99,TRUE,FALSE,0.37,0.37,0.38,,,seq.8360.169,0.43,
NCR3LG1_44015,OID44015,NCR3LG1,Q68D85,4,0.00,24.36,18.22,0.22,0.26,22.00,0.57,0.47,0.54,-0.88,4.55,0.01,1.00,TRUE,TRUE,0.18,0.17,0.19,,,seq.7854.38,-0.02,
NCR3_41531,OID41531,NCR3,O14931,2,0.14,76.93,26.06,-0.49,0.40,22.00,0.04,0.84,-0.08,-2.58,4.83,0.00,0.99,FALSE,FALSE,0.10,0.10,0.10,,,seq.3003.29,0.11,
NCS1_44016,OID44016,NCS1,P62166,4,0.00,0.00,6.35,0.98,0.09,22.00,0.43,0.39,0.43,-0.72,2.20,0.00,0.99,FALSE,FALSE,0.58,0.57,0.58,prot.3035,0.77,,,
NDE1_41532,OID41532,NDE1,Q9NXR1,2,0.14,80.63,28.75,0.13,0.46,22.00,0.43,0.61,0.38,-1.69,3.62,0.00,0.89,FALSE,FALSE,0.10,0.10,0.10,prot.5780,0.13,seq.9765.4,0.07,
NDOR1_40449,OID40449,NDOR1,Q9UHB4,1,0.00,68.68,83.29,-1.05,1.02,22.00,-0.51,1.10,-0.53,-4.68,4.60,0.01,0.99,FALSE,FALSE,0.05,0.05,0.06,prot.6886,0.00,seq.28801.3,0.04,
NDRG1_41533,OID41533,NDRG1,Q92597,2,0.14,74.63,29.75,0.55,0.46,22.00,0.94,0.83,0.84,-1.27,6.83,0.00,0.98,FALSE,FALSE,0.20,0.19,0.20,prot.4726,0.14,seq.19215.7,0.10,
NDST1_44017,OID44017,NDST1,P52848,4,0.00,72.51,31.11,0.17,0.51,22.00,0.54,0.98,0.40,-2.03,8.67,0.03,0.99,FALSE,FALSE,0.10,0.09,0.10,prot.2860,0.06,seq.6927.7,-0.02,
NDUFA10_41534,OID41534,NDUFA10,O95299,2,0.14,88.15,45.30,-0.08,0.73,22.00,0.16,1.04,0.14,-3.81,4.48,0.00,0.99,FALSE,FALSE,0.03,0.03,0.04,,,,,
NDUFA4L2_41535,OID41535,NDUFA4L2,Q9NRX3,2,0.14,79.58,32.70,0.02,0.47,22.00,0.16,0.69,0.13,-3.31,3.90,0.00,0.99,FALSE,FALSE,0.03,0.03,0.04,,,seq.33453.10,-0.03,
NDUFA5_44018,OID44018,NDUFA5,Q16718,4,0.00,46.07,20.05,-0.25,0.32,22.00,0.00,0.46,-0.04,-1.17,3.86,0.01,1.00,FALSE,FALSE,0.18,0.17,0.19,prot.3707,0.14,seq.19200.16,-0.03,
NDUFAF1_40450,OID40450,NDUFAF1,Q9Y375,1,0.00,82.19,156.42,1.38,1.86,22.00,1.20,2.22,0.17,-2.78,8.31,0.26,0.00,FALSE,FALSE,0.04,0.04,0.04,,,seq.21107.5,0.05,
NDUFAF2_42814,OID42814,NDUFAF2,Q8N183,3,0.00,29.30,17.65,0.68,0.25,22.00,1.06,0.64,1.03,-2.05,4.83,0.01,1.00,FALSE,FALSE,0.37,0.36,0.38,prot.4390,0.42,seq.21120.3,0.52,
NDUFAF4_40451,OID40451,NDUFAF4,Q9P032,1,0.00,93.95,98.74,-0.32,1.02,22.00,-0.39,1.51,-0.15,-8.06,5.53,0.03,1.00,FALSE,FALSE,0.03,0.03,0.03,prot.5836,0.01,,,
NDUFB10_42815,OID42815,NDUFB10,O96000,3,0.00,54.77,25.80,-0.41,0.37,22.00,0.09,0.78,0.01,-1.71,5.75,0.02,0.99,FALSE,FALSE,0.11,0.11,0.11,prot.1603,0.13,seq.22508.2,0.01,
NDUFB7_44019,OID44019,NDUFB7,P17568,4,0.00,5.57,17.59,1.90,0.25,22.00,2.68,0.73,2.67,-0.12,6.43,0.00,0.99,FALSE,FALSE,0.59,0.58,0.59,prot.2165,0.50,seq.28289.75,0.70,
NDUFB9_41536,OID41536,NDUFB9,Q9Y6M9,2,0.14,67.46,35.61,-0.32,0.52,22.00,0.14,1.01,0.10,-7.24,7.29,0.00,0.93,FALSE,FALSE,0.01,0.01,0.01,prot.6307,-0.04,,,
NDUFS3_40452,OID40452,NDUFS3,O75489,1,0.00,65.21,54.21,-0.82,0.91,22.00,-0.47,1.26,-0.38,-8.65,5.89,0.01,1.00,FALSE,FALSE,0.01,0.01,0.01,prot.1420,-0.04,,,
NDUFS6_42816,OID42816,NDUFS6,O75380,3,0.00,2.16,16.28,1.74,0.23,22.00,1.86,0.80,1.71,-0.11,7.65,0.03,1.00,FALSE,FALSE,0.34,0.34,0.35,prot.1402,0.25,seq.21657.15,0.02,
NEB_42817,OID42817,NEB,P20929,3,0.00,24.50,37.96,-0.51,0.56,22.00,-0.19,1.02,-0.17,-7.87,5.74,0.02,0.98,FALSE,FALSE,0.10,0.10,0.11,prot.2244,-0.01,,,
NECAB1_42818,OID42818,NECAB1,Q8N987,3,0.00,75.92,46.21,0.14,0.69,22.00,0.89,0.82,0.88,-2.32,6.62,0.01,0.99,FALSE,FALSE,0.09,0.09,0.10,,,seq.23345.2,0.00,
NECAB2_42819,OID42819,NECAB2,Q7Z6G3,3,0.00,0.07,20.01,0.02,0.29,22.00,0.37,0.48,0.36,-1.11,3.03,0.01,0.99,FALSE,FALSE,0.28,0.27,0.29,,,,,
NECAB3_40453,OID40453,NECAB3,Q96P71,1,0.00,79.96,75.87,1.08,0.95,22.00,0.31,1.58,0.47,-6.96,7.02,0.03,0.99,FALSE,FALSE,0.03,0.03,0.03,,,seq.23374.42,0.01,
NECAP2_42820,OID42820,NECAP2,Q9NVZ3,3,0.00,47.46,46.84,0.21,0.79,22.00,0.77,1.09,0.69,-3.19,6.21,0.01,0.99,FALSE,FALSE,0.22,0.21,0.22,prot.5742,0.18,seq.20915.68,0.30,
NECTIN1_44020,OID44020,NECTIN1,Q15223,4,0.00,65.34,42.10,-0.54,0.57,22.00,-0.15,0.95,-0.27,-4.94,4.63,0.02,0.99,FALSE,FALSE,0.12,0.12,0.13,,,seq.20584.4,0.16,
NECTIN2_44805,OID44805,NECTIN2,Q92692,5,0.07,0.07,7.89,-0.08,0.11,22.00,0.31,0.38,0.31,-2.17,2.47,0.00,0.97,FALSE,FALSE,0.43,0.42,0.43,prot.4743,0.08,seq.6245.4,0.33,
NECTIN4_44806,OID44806,NECTIN4,Q96NY8,5,0.07,2.86,12.20,-0.16,0.18,22.00,0.12,0.37,0.09,-0.88,3.28,0.00,0.96,FALSE,FALSE,0.37,0.37,0.38,,,seq.5734.13,0.19,
NEDD1_42821,OID42821,NEDD1,Q8NHV4,3,0.00,0.14,13.07,1.20,0.19,22.00,1.17,0.65,1.14,-1.29,4.74,0.01,1.00,FALSE,FALSE,0.30,0.29,0.30,prot.4550,0.26,,,
NEDD4L_44021,OID44021,NEDD4L,Q96PU5,4,0.00,0.63,18.76,1.20,0.22,22.00,1.38,0.56,1.36,-1.48,4.06,0.01,0.90,FALSE,FALSE,0.25,0.24,0.26,prot.7961,-0.59,seq.34278.2,0.07,
NEDD9_44022,OID44022,NEDD9,Q14511,4,0.00,50.80,24.73,-0.19,0.36,22.00,-0.09,0.53,-0.09,-2.16,2.13,0.00,0.99,FALSE,FALSE,0.07,0.06,0.08,,,seq.12862.14,-0.12,
NEFL_42822,OID42822,NEFL,P07196,3,0.00,57.55,53.27,-0.60,1.39,22.00,0.02,1.11,0.06,-8.32,3.81,0.01,0.96,FALSE,FALSE,0.06,0.05,0.06,,,seq.10082.251,0.01,
NEK2_41537,OID41537,NEK2,P51955,2,0.14,82.72,40.77,-0.22,0.64,22.00,-0.19,1.38,-0.23,-7.69,8.24,0.00,1.00,FALSE,FALSE,0.05,0.05,0.06,,,,,
NEK3_42823,OID42823,NEK3,P51956,3,0.00,30.06,25.27,-0.89,0.32,22.00,-0.48,1.08,-0.48,-3.76,6.01,0.01,0.99,TRUE,TRUE,0.27,0.26,0.27,,,,,
NEK4_41538,OID41538,NEK4,P51957,2,0.14,82.09,54.92,0.05,0.66,22.00,0.52,1.10,0.42,-3.18,7.99,0.00,0.99,FALSE,FALSE,0.05,0.05,0.05,prot.7825,0.03,,,
NEK5_40454,OID40454,NEK5,Q6P3R8,1,0.00,75.23,33.91,-0.28,0.53,22.00,-0.03,0.91,-0.07,-4.84,6.52,0.01,0.99,FALSE,FALSE,0.04,0.04,0.05,,,,,
NEK7_42824,OID42824,NEK7,Q8TDX7,3,0.00,69.24,40.82,-0.71,0.52,22.00,-0.05,1.09,-0.09,-9.27,8.82,0.01,0.99,FALSE,FALSE,0.28,0.27,0.28,prot.4615,0.42,seq.12703.6,0.36,
NELFCD_41539,OID41539,NELFCD,Q8IXH7,2,0.14,70.24,34.12,-2.31,0.59,22.00,-2.78,1.28,-2.87,-10.55,4.37,0.00,0.98,FALSE,FALSE,0.06,0.05,0.06,,,,,
NELL1_44807,OID44807,NELL1,Q92832,5,0.07,0.00,7.33,0.75,0.10,22.00,0.59,0.48,0.60,-0.91,2.46,0.00,0.96,TRUE,TRUE,0.71,0.70,0.71,,,seq.6544.33,0.87,
NELL2_44808,OID44808,NELL2,Q99435,5,0.07,0.49,9.34,0.16,0.14,22.00,0.15,0.39,0.13,-0.93,2.32,0.00,1.00,FALSE,FALSE,0.60,0.60,0.61,,,seq.26285.13,0.65,
NENF_42825,OID42825,NENF,Q9UMX5,3,0.00,63.60,30.55,-0.29,0.48,22.00,-0.25,1.00,-0.41,-3.22,5.59,0.03,0.99,FALSE,FALSE,0.05,0.05,0.05,prot.6053,0.05,seq.26001.2,0.03,
NEO1_44023,OID44023,NEO1,Q92859,4,0.00,25.26,11.29,0.33,0.16,22.00,0.31,0.22,0.32,-0.34,1.54,0.00,0.90,FALSE,FALSE,0.41,0.41,0.42,,,seq.8900.28,0.46,
NET1_40455,OID40455,NET1,Q7Z628,1,0.00,89.70,97.98,-3.21,2.19,22.00,-2.55,2.57,-2.12,-9.06,8.62,0.01,0.00,FALSE,FALSE,0.01,0.01,0.01,,,seq.14260.112,-0.02,
NETO2_40456,OID40456,NETO2,Q8NC67,1,0.00,81.00,105.17,0.07,2.00,22.00,-0.32,2.73,0.14,-7.85,9.85,0.02,0.00,FALSE,FALSE,0.03,0.03,0.03,,,seq.10562.42,0.04,
NEURL1B_41541,OID41541,NEURL1B,A8MQ27,2,0.14,77.14,33.44,-0.05,0.51,22.00,-0.16,0.87,-0.22,-3.34,4.61,0.00,1.00,FALSE,FALSE,0.03,0.03,0.03,,,,,
NEURL1_41540,OID41540,NEURL1,O76050,2,0.14,74.36,22.64,-0.01,0.37,22.00,0.04,0.69,-0.02,-2.43,4.68,0.00,1.00,FALSE,FALSE,0.04,0.03,0.04,,,seq.13604.27,0.00,
NEXN_45388,OID45388,NEXN,Q0ZGT2,7,0.07,37.12,28.62,0.60,0.39,22.00,0.66,0.41,0.62,-0.46,3.83,0.00,0.99,FALSE,FALSE,0.42,0.42,0.42,prot.3316,0.55,,,
NEXN_AS1_41542,OID41542,NEXN-AS1,Q8NBZ9,2,0.14,89.83,84.52,-0.93,1.92,22.00,-0.21,2.05,0.16,-7.01,7.38,0.00,0.03,FALSE,FALSE,0.01,0.01,0.01,,,seq.35054.206,0.00,
NFAM1_41543,OID41543,NFAM1,Q8NET5,2,0.14,82.86,19.97,-1.39,0.30,22.00,-1.79,0.69,-1.83,-3.86,3.17,0.00,0.99,FALSE,FALSE,0.12,0.11,0.13,,,,,
NFASC_44024,OID44024,NFASC,O94856,4,0.00,0.84,7.04,0.72,0.10,22.00,0.26,0.42,0.23,-1.01,1.79,0.00,0.93,TRUE,FALSE,0.56,0.55,0.57,,,seq.7179.69,0.74,
NFAT5_44025,OID44025,NFAT5,O94916,4,0.00,14.61,21.49,-0.03,0.29,22.00,0.55,0.69,0.55,-2.27,6.08,0.01,0.99,FALSE,FALSE,0.28,0.28,0.29,prot.1497,0.38,,,
NFATC1_44026,OID44026,NFATC1,O95644,4,0.00,1.32,18.84,2.13,0.27,22.00,1.89,0.57,1.90,-0.34,4.54,0.00,0.99,FALSE,FALSE,0.55,0.55,0.55,prot.1562,0.64,seq.14286.2,0.12,
NFATC3_42826,OID42826,NFATC3,Q12968,3,0.00,66.39,33.76,0.69,0.49,22.00,0.83,0.67,0.82,-2.14,4.68,0.00,0.99,FALSE,FALSE,0.14,0.13,0.14,prot.3355,0.11,,,
NFATC4_40457,OID40457,NFATC4,Q14934,1,0.00,89.63,42.05,-0.31,0.54,22.00,-0.06,0.63,-0.12,-2.18,5.10,0.02,0.99,FALSE,FALSE,0.03,0.03,0.03,,,seq.11560.76,0.02,
NFE2_44027,OID44027,NFE2,Q16621,4,0.00,28.39,28.46,1.58,0.44,22.00,1.98,0.74,2.02,-0.76,5.52,0.00,1.00,FALSE,FALSE,0.39,0.37,0.40,prot.7078,0.18,seq.31733.46,0.25,
NFIC_42827,OID42827,NFIC,P08651,3,0.00,81.35,42.14,-0.73,0.61,22.00,-0.37,0.83,-0.40,-3.82,4.85,0.02,1.00,FALSE,FALSE,0.03,0.03,0.03,,,,,
NFKB1_42828,OID42828,NFKB1,P19838,3,0.00,53.24,34.45,0.61,0.48,22.00,0.79,0.71,0.80,-2.06,4.67,0.00,0.98,FALSE,FALSE,0.29,0.29,0.29,prot.2212,0.38,seq.9869.28,0.18,
NFKB2_42829,OID42829,NFKB2,Q00653,3,0.00,81.00,51.61,-1.06,0.97,22.00,-0.39,1.10,-0.38,-7.52,6.16,0.01,0.98,FALSE,FALSE,0.04,0.04,0.04,prot.3180,0.05,seq.35418.10,0.01,
NFKBIB_44809,OID44809,NFKBIB,Q15653,5,0.07,90.81,27.10,-0.17,0.38,22.00,-0.19,0.55,-0.20,-2.24,3.34,0.00,1.00,FALSE,FALSE,0.10,0.09,0.10,prot.3645,0.02,seq.17387.27,0.04,
NFKBIE_42830,OID42830,NFKBIE,O00221,3,0.00,77.11,49.57,0.05,0.76,22.00,0.41,1.05,0.54,-7.25,3.27,0.01,0.86,FALSE,FALSE,0.02,0.02,0.03,prot.6990,,seq.20071.53,-0.04,
NFU1_44028,OID44028,NFU1,Q9UMS0,4,0.00,55.74,37.66,1.73,0.57,22.00,2.63,0.90,2.63,-1.37,7.67,0.00,0.99,FALSE,FALSE,0.52,0.51,0.52,prot.6050,0.60,seq.7770.25,0.43,
NFX1_42831,OID42831,NFX1,Q12986,3,0.00,59.22,35.26,-0.90,0.44,22.00,-0.63,0.79,-0.65,-4.27,3.77,0.00,0.97,FALSE,FALSE,0.20,0.19,0.21,prot.3359,0.29,seq.32048.3,0.06,
NFYA_42832,OID42832,NFYA,P23511,3,0.00,79.61,47.81,-1.46,1.69,22.00,-1.11,1.05,-1.00,-8.50,4.45,0.01,0.99,FALSE,FALSE,0.03,0.03,0.03,,,seq.22511.28,0.01,
NGDN_41544,OID41544,NGDN,Q8NEJ9,2,0.14,82.86,56.86,-2.04,0.71,22.00,-1.35,1.49,-1.45,-8.33,8.04,0.00,1.00,FALSE,FALSE,0.00,0.00,0.00,,,seq.22512.18,-0.04,
NGFR_44810,OID44810,NGFR,P08138,5,0.07,47.70,26.40,-0.09,0.40,22.00,-0.01,0.44,0.02,-2.39,3.19,0.00,0.93,FALSE,FALSE,0.12,0.12,0.13,,,seq.8374.5,-0.01,
NGLY1_40458,OID40458,NGLY1,Q96IV0,1,0.00,67.08,50.87,-1.16,0.72,22.00,-0.23,1.04,-0.34,-3.74,6.59,0.01,0.99,FALSE,FALSE,0.07,0.07,0.08,prot.4969,0.05,seq.30830.164,0.06,
NGRN_44030,OID44030,NGRN,Q9NPE2,4,0.00,85.73,47.69,-0.24,0.83,22.00,0.03,0.90,0.12,-6.66,2.46,0.01,0.99,FALSE,FALSE,0.02,0.02,0.03,,,seq.7153.66,-0.08,
NHEJ1_44031,OID44031,NHEJ1,Q9H9Q4,4,0.00,7.24,15.60,1.34,0.23,22.00,1.19,0.60,1.23,-1.68,4.16,0.01,0.98,FALSE,FALSE,0.41,0.40,0.41,prot.5535,0.39,seq.11351.233,0.17,
NHERF1_44938,OID44938,NHERF1,O14745,5,0.07,41.92,34.11,1.27,0.44,22.00,1.54,0.65,1.54,-0.98,5.62,0.00,0.98,TRUE,FALSE,0.48,0.47,0.48,prot.1112,0.41,seq.24694.158,0.48,
NHLRC3_44811,OID44811,NHLRC3,Q5JS37,5,0.07,0.00,9.09,1.81,0.13,22.00,1.95,0.32,1.95,0.37,3.10,0.00,0.91,FALSE,FALSE,0.27,0.26,0.29,,,seq.9087.8,-0.05,
NHP2_42833,OID42833,NHP2,Q9NX24,3,0.00,67.08,21.12,-1.01,0.34,22.00,-0.95,0.53,-0.97,-3.55,2.58,0.02,0.99,FALSE,FALSE,0.09,0.08,0.09,prot.7545,0.00,seq.20939.113,0.04,
NHSL1_41546,OID41546,NHSL1,Q5SYE7,2,0.14,87.53,60.17,-0.25,0.98,22.00,0.07,1.27,0.26,-7.10,3.17,0.00,0.95,FALSE,FALSE,0.03,0.03,0.03,,,,,
NHSL2_40459,OID40459,NHSL2,Q5HYW2,1,0.00,72.93,46.43,3.29,0.50,22.00,0.40,1.63,0.19,-7.78,8.85,0.02,0.99,FALSE,FALSE,0.07,0.07,0.07,,,,,
NHS_41545,OID41545,NHS,Q6T4R5,2,0.14,69.62,62.73,-0.51,0.92,22.00,0.58,1.52,0.50,-7.40,9.55,0.00,0.99,FALSE,FALSE,0.05,0.05,0.06,,,,,
NIBAN2_40460,OID40460,NIBAN2,Q96TA1,1,0.00,37.93,17.33,0.55,0.24,22.00,0.15,0.49,0.15,-1.57,5.62,0.01,1.00,FALSE,FALSE,0.22,0.21,0.23,prot.5098,0.15,,,
NID1_45389,OID45389,NID1,P14543,7,0.07,0.00,11.61,0.07,0.17,22.00,0.58,0.36,0.57,-0.70,2.41,0.00,1.00,FALSE,FALSE,0.58,0.58,0.59,prot.2096,0.40,seq.3213.65,0.70,
NID2_45196,OID45196,NID2,Q14112,6,1.11,15.20,18.52,1.36,0.29,21.00,1.74,0.58,1.70,0.14,4.02,0.00,0.91,TRUE,FALSE,0.62,0.62,0.63,prot.3482,0.70,seq.16060.99,0.74,
NINJ1_42834,OID42834,NINJ1,Q92982,3,0.00,33.19,21.57,0.65,0.31,22.00,0.21,0.76,0.15,-2.14,7.04,0.02,0.96,TRUE,FALSE,0.16,0.16,0.17,prot.6753,0.09,,,
NINJ2_40461,OID40461,NINJ2,Q9NZG7,1,0.00,79.26,128.60,-1.10,1.53,22.00,-0.28,1.80,-0.12,-8.24,5.83,0.05,0.90,FALSE,FALSE,0.01,0.01,0.01,,,seq.30480.11,-0.02,
NIT1_44032,OID44032,NIT1,Q86X76,4,0.00,0.00,16.66,3.45,0.23,22.00,3.82,0.50,3.82,1.22,6.16,0.00,0.99,FALSE,FALSE,0.45,0.45,0.46,prot.4276,0.40,seq.25786.6,0.09,
NIT2_44812,OID44812,NIT2,Q9NQR4,5,0.07,0.00,9.24,2.05,0.13,22.00,2.17,0.64,2.15,-4.47,4.89,0.00,0.99,FALSE,FALSE,0.58,0.57,0.59,prot.5638,0.40,seq.17808.37,0.57,
NKIRAS1_42835,OID42835,NKIRAS1,Q9NYS0,3,0.00,87.13,43.83,-0.67,1.52,22.00,-0.02,1.18,0.04,-7.57,5.53,0.02,0.77,FALSE,FALSE,0.04,0.03,0.04,,,seq.21317.25,0.04,
NKRF_41547,OID41547,NKRF,O15226,2,0.14,89.20,62.20,-0.80,0.83,22.00,-0.78,1.95,-0.42,-7.21,6.65,0.00,0.00,FALSE,FALSE,0.02,0.02,0.02,,,,,
NLGN1_42836,OID42836,NLGN1,Q8N2Q7,3,0.00,58.25,70.35,-0.89,1.07,22.00,0.22,1.92,0.14,-7.52,8.48,0.03,1.00,FALSE,FALSE,0.04,0.04,0.04,,,seq.23000.22,0.02,
NLGN2_42837,OID42837,NLGN2,Q8NFZ4,3,0.00,73.07,38.86,-5.05,0.64,22.00,-4.22,1.42,-4.39,-11.46,3.61,0.02,0.96,FALSE,FALSE,0.06,0.06,0.07,,,seq.9772.153,0.05,
NLRP14_41548,OID41548,NLRP14,Q86W24,2,0.14,80.42,43.70,0.00,0.64,22.00,0.15,0.94,0.11,-4.05,6.50,0.00,0.99,FALSE,FALSE,0.03,0.03,0.04,,,,,
NLRP9_42838,OID42838,NLRP9,Q7RTR0,3,0.00,70.70,22.60,-1.14,0.33,22.00,-1.07,0.38,-1.07,-2.52,1.12,0.01,0.99,FALSE,FALSE,0.12,0.12,0.13,,,,,
NME1_42839,OID42839,NME1,P15531,3,0.00,88.59,27.02,0.35,0.41,22.00,0.08,0.65,0.08,-2.42,4.24,0.01,0.99,FALSE,FALSE,0.07,0.06,0.07,prot.2123,-0.02,seq.5909.51,-0.01,
NME3_44813,OID44813,NME3,Q13232,5,0.07,0.00,7.24,0.62,0.10,22.00,0.68,0.29,0.67,-0.78,2.87,0.00,0.65,TRUE,FALSE,0.41,0.41,0.42,prot.3397,0.17,seq.29588.56,0.34,
NMI_44033,OID44033,NMI,Q13287,4,0.00,4.94,14.67,0.11,0.20,22.00,0.79,0.74,0.78,-1.25,5.20,0.01,0.97,TRUE,TRUE,0.39,0.38,0.40,prot.3401,0.30,seq.17512.2,0.46,
NMNAT1_44034,OID44034,NMNAT1,Q9HAN9,4,0.00,2.57,12.00,-0.60,0.17,22.00,-0.58,0.70,-0.58,-3.16,3.02,0.00,0.99,FALSE,FALSE,0.20,0.19,0.20,,,seq.18932.84,-0.07,
NMRK1_41549,OID41549,NMRK1,Q9NWW6,2,0.14,95.12,53.77,0.31,0.66,22.00,0.16,1.27,0.24,-7.09,4.37,0.00,0.99,FALSE,FALSE,0.04,0.04,0.05,prot.5757,0.02,seq.16853.5,0.00,
NMRK2_41550,OID41550,NMRK2,Q9NPI5,2,0.14,74.36,98.87,-1.51,2.32,22.00,-0.64,3.10,-0.14,-5.86,11.94,0.00,0.00,FALSE,FALSE,0.00,0.00,0.00,,,seq.20998.19,-0.04,
NMT1_44035,OID44035,NMT1,P30419,4,0.00,49.27,38.08,1.42,0.55,22.00,1.40,0.95,1.38,-2.22,7.43,0.01,0.64,FALSE,FALSE,0.46,0.45,0.46,prot.369,0.58,seq.12448.246,0.57,
NODAL_40462,OID40462,NODAL,Q96S42,1,0.00,74.81,173.11,1.28,3.41,22.00,2.25,4.03,1.83,-6.03,11.07,0.00,0.00,FALSE,FALSE,0.07,0.06,0.07,,,seq.15692.300,0.03,
NOG_42840,OID42840,NOG,Q13253,3,0.00,10.79,23.10,3.32,0.36,22.00,3.52,0.81,3.49,0.70,7.08,0.00,0.94,FALSE,FALSE,0.54,0.53,0.54,,,seq.8778.3,0.59,
NOL3_44814,OID44814,NOL3,O60936,5,0.07,2.92,21.70,1.02,0.32,22.00,0.75,0.57,0.73,-0.66,3.62,0.00,0.96,FALSE,FALSE,0.48,0.48,0.48,prot.1355,0.47,,,
NOL4L_40463,OID40463,NOL4L,Q96MY1,1,0.00,76.69,85.49,-1.79,2.36,22.00,-0.73,2.69,-0.28,-7.74,7.47,0.01,0.00,FALSE,FALSE,-0.01,-0.01,-0.01,,,seq.30505.146,-0.05,
NOMO1_45197,OID45197,NOMO1,Q15155,6,1.11,1.97,9.63,-0.12,0.14,21.00,0.11,0.32,0.12,-1.92,1.22,0.00,0.97,FALSE,FALSE,0.36,0.36,0.37,prot.3602,0.21,seq.34738.181,0.15,
NOP56_42841,OID42841,NOP56,O00567,3,0.00,62.77,56.47,-1.56,0.94,22.00,-0.30,1.45,-0.40,-8.73,8.77,0.01,1.00,FALSE,FALSE,0.05,0.04,0.05,prot.7391,0.06,,,
NOS1_42842,OID42842,NOS1,P29475,3,0.00,38.34,17.92,0.29,0.26,22.00,0.12,0.72,0.05,-2.37,5.49,0.01,1.00,TRUE,FALSE,0.11,0.11,0.11,prot.7348,-0.11,,,
NOS2_42843,OID42843,NOS2,P35228,3,0.00,53.44,32.74,-0.29,0.50,22.00,-0.08,0.80,-0.11,-3.36,4.57,0.01,1.00,FALSE,FALSE,0.09,0.09,0.10,,,seq.30796.22,0.03,
NOS3_42844,OID42844,NOS3,P29474,3,0.00,45.58,32.02,0.68,0.47,22.00,1.92,0.80,1.89,-0.32,7.31,0.01,0.92,FALSE,FALSE,0.25,0.25,0.26,prot.2417,0.10,seq.21995.20,-0.05,
NOSIP_41551,OID41551,NOSIP,Q9Y314,2,0.14,40.63,64.58,-1.31,2.01,22.00,-0.34,2.15,-0.06,-6.97,9.19,0.00,0.00,FALSE,FALSE,0.07,0.07,0.07,prot.6162,0.02,seq.23525.27,0.10,
NOTCH1_45198,OID45198,NOTCH1,P46531,6,1.11,1.97,10.37,0.35,0.15,21.00,0.49,0.23,0.48,-0.73,1.32,0.00,0.96,FALSE,FALSE,0.37,0.37,0.38,prot.400,0.16,seq.5107.7,0.24,
NOTCH2_45199,OID45199,NOTCH2,Q04721,6,1.11,5.77,9.09,-0.06,0.13,21.00,0.08,0.30,0.05,-1.28,1.43,0.00,0.99,FALSE,FALSE,0.49,0.48,0.49,prot.3239,0.13,seq.8407.84,0.47,
NOTCH3_45200,OID45200,NOTCH3,Q9UM47,6,1.11,46.73,10.31,-0.10,0.15,21.00,-0.03,0.43,-0.04,-2.43,1.49,0.00,0.98,FALSE,FALSE,0.51,0.50,0.52,prot.6049,0.46,seq.5108.72,0.62,
NOVA1_41552,OID41552,NOVA1,P51513,2,0.14,73.24,33.99,-0.59,0.55,22.00,-0.29,0.88,-0.38,-2.80,5.90,0.00,0.84,FALSE,FALSE,0.03,0.03,0.03,,,seq.12557.18,0.01,
NOVA2_41553,OID41553,NOVA2,Q9UNW9,2,0.14,66.20,44.82,-1.04,0.75,22.00,-0.79,0.96,-0.89,-5.74,5.38,0.00,0.99,FALSE,FALSE,0.02,0.02,0.03,,,seq.28731.1,0.00,
NPAT_40464,OID40464,NPAT,Q14207,1,0.00,89.28,23.00,-0.48,0.41,22.00,-0.17,0.64,-0.21,-2.31,5.33,0.01,0.85,FALSE,FALSE,0.05,0.05,0.06,,,,,
NPC2_45201,OID45201,NPC2,P61916,6,1.11,10.70,13.81,0.01,0.20,21.00,0.24,0.38,0.21,-1.29,2.74,0.00,0.99,TRUE,FALSE,0.38,0.38,0.39,,,seq.29480.26,0.18,
NPDC1_44815,OID44815,NPDC1,Q9NQX5,5,0.07,6.06,12.00,0.49,0.17,22.00,0.63,0.36,0.62,-0.75,3.44,0.00,0.83,FALSE,FALSE,0.47,0.46,0.47,,,seq.10424.31,0.54,
NPHS1_44036,OID44036,NPHS1,O60500,4,0.00,21.09,18.46,0.39,0.25,22.00,0.40,0.52,0.39,-2.05,4.97,0.01,0.99,FALSE,FALSE,0.38,0.37,0.38,,,seq.26133.9,0.51,
NPHS2_42845,OID42845,NPHS2,Q9NP85,3,0.00,60.06,42.32,-2.19,0.69,22.00,-0.80,1.57,-0.92,-7.59,7.52,0.01,1.00,FALSE,FALSE,0.04,0.03,0.04,,,seq.26086.19,0.02,
NPIPA2_41554,OID41554,NPIPA2,E9PIF3,2,0.14,62.23,39.09,2.81,0.51,22.00,1.71,1.41,1.91,-6.59,5.75,0.00,0.99,FALSE,FALSE,0.20,0.20,0.21,,,,,
NPIPB6_41555,OID41555,NPIPB6,E9PJ23,2,0.14,31.78,20.26,-1.82,0.30,22.00,-1.29,1.63,-1.58,-5.03,7.86,0.00,0.99,FALSE,FALSE,0.19,0.18,0.19,,,,,
NPL_44816,OID44816,NPL,Q9BXD5,5,0.07,8.08,13.15,2.96,0.19,22.00,2.62,0.56,2.62,0.58,5.17,0.00,0.99,FALSE,FALSE,0.50,0.50,0.51,prot.5297,0.19,seq.19496.1,0.33,
NPM1_44037,OID44037,NPM1,P06748,4,0.00,10.79,10.92,-1.12,0.16,22.00,-1.27,0.69,-1.31,-3.47,2.84,0.00,0.83,FALSE,FALSE,0.42,0.41,0.42,prot.375,0.54,seq.21244.57,0.27,
NPPB_42846,OID42846,NPPB,P16860,3,0.00,13.78,30.02,4.88,0.73,22.00,3.81,2.07,3.73,-1.99,11.53,0.00,0.78,TRUE,FALSE,0.65,0.64,0.66,prot.7710,0.03,seq.7655.11,0.93,11
NPPC_44038,OID44038,NPPC,P23582,4,0.00,5.36,29.14,1.26,0.46,22.00,1.53,0.72,1.52,-0.68,4.60,0.00,1.00,FALSE,FALSE,0.24,0.24,0.26,,,seq.20430.8,-0.01,
NPR1_42847,OID42847,NPR1,P16066,3,0.00,94.92,56.74,-0.21,1.05,22.00,-0.10,0.98,0.01,-8.32,2.79,0.01,0.99,FALSE,FALSE,0.04,0.04,0.04,prot.7467,0.02,seq.33046.150,-0.05,
NPTN_42848,OID42848,NPTN,Q9Y639,3,0.00,61.24,57.34,-1.58,1.98,22.00,0.04,1.42,-0.06,-8.03,9.13,0.01,0.98,FALSE,FALSE,0.07,0.07,0.07,prot.6276,0.02,seq.7194.36,0.05,
NPTX1_45202,OID45202,NPTX1,Q15818,6,1.11,1.97,13.73,0.00,0.20,21.00,0.68,0.53,0.69,-1.64,3.11,0.00,0.85,TRUE,FALSE,0.61,0.61,0.62,,,seq.9256.78,0.61,
NPTX2_45203,OID45203,NPTX2,P47972,6,1.11,1.97,16.08,0.97,0.29,21.00,0.60,0.50,0.60,-1.54,2.82,0.00,0.99,TRUE,FALSE,0.47,0.46,0.48,,,seq.6521.35,0.34,
NPTXR_44817,OID44817,NPTXR,O95502,5,0.07,0.00,10.77,-0.29,0.14,22.00,0.00,0.50,-0.05,-1.83,2.01,0.00,0.87,TRUE,FALSE,0.65,0.64,0.66,,,seq.15511.37,0.82,
NPY_44039,OID44039,NPY,P01303,4,0.00,5.71,26.75,1.46,0.35,22.00,2.40,0.86,2.38,-0.44,5.06,0.00,1.00,FALSE,FALSE,0.43,0.43,0.43,prot.1663,0.34,seq.20590.13,0.06,
NQO1_42849,OID42849,NQO1,P15559,3,0.00,69.03,38.40,-0.27,0.55,22.00,-0.60,1.65,-0.39,-8.46,6.54,0.03,0.99,TRUE,FALSE,0.27,0.26,0.28,,,seq.9837.60,0.45,
NR1D2_41556,OID41556,NR1D2,Q14995,2,0.14,66.83,68.10,-3.14,0.87,22.00,-2.92,2.07,-2.77,-9.44,6.18,0.00,0.00,FALSE,FALSE,0.03,0.02,0.03,,,seq.12885.42,0.01,
NR1I3_40465,OID40465,NR1I3,Q14994,1,0.00,63.19,126.80,-2.98,2.23,22.00,-1.25,2.97,-0.50,-7.65,9.24,0.00,0.00,FALSE,FALSE,0.02,0.02,0.02,,,,,
NR2C2_41557,OID41557,NR2C2,P49116,2,0.14,76.52,149.86,-3.11,2.42,22.00,-1.82,2.59,-0.94,-6.31,5.85,0.00,0.00,FALSE,FALSE,0.01,0.01,0.01,,,,,
NRAP_41558,OID41558,NRAP,Q86VF7,2,0.14,89.48,51.95,-0.31,0.78,22.00,-0.16,1.58,-0.02,-7.19,6.51,0.00,1.00,FALSE,FALSE,0.03,0.03,0.03,prot.4247,0.03,,,
NRARP_40466,OID40466,NRARP,Q7Z6K4,1,0.00,88.45,68.28,-0.27,1.11,22.00,0.00,1.27,0.02,-7.19,5.98,0.01,0.96,FALSE,FALSE,0.03,0.03,0.03,,,,,
NRAS_40467,OID40467,NRAS,P01111,1,0.00,90.26,73.62,-0.48,1.48,22.00,0.14,1.35,0.31,-7.62,5.65,0.02,0.99,FALSE,FALSE,0.02,0.02,0.02,prot.1654,0.00,seq.10531.18,-0.04,
NRCAM_44818,OID44818,NRCAM,Q92823,5,0.07,26.11,16.49,0.53,0.24,22.00,0.55,0.39,0.52,-0.57,2.91,0.00,1.00,TRUE,FALSE,0.43,0.43,0.44,,,seq.5109.24,0.38,
NRF1_40468,OID40468,NRF1,Q16656,1,0.00,96.87,296.81,-0.20,2.83,22.00,-0.26,2.95,-0.05,-6.78,7.52,0.00,0.00,FALSE,FALSE,0.00,0.00,0.00,,,seq.30440.3,-0.03,
NRG2_41559,OID41559,NRG2,O14511,2,0.14,88.57,46.51,-0.37,0.76,22.00,0.29,0.91,0.27,-5.78,4.56,0.00,0.95,FALSE,FALSE,0.02,0.02,0.03,,,seq.8060.7,0.01,
NRG3_41560,OID41560,NRG3,P56975,2,0.14,82.51,52.93,0.92,0.49,22.00,0.76,0.79,0.69,-1.12,7.35,0.00,0.99,FALSE,FALSE,0.07,0.06,0.07,,,seq.10981.56,0.01,
NRGN_45390,OID45390,NRGN,Q92686,7,0.07,4.60,16.74,1.37,0.24,22.00,1.45,0.53,1.43,-0.43,5.19,0.00,1.00,FALSE,FALSE,0.62,0.62,0.63,prot.4741,0.75,seq.18303.39,0.46,
NRIP3_40469,OID40469,NRIP3,Q9NQ35,1,0.00,57.83,213.40,1.09,2.47,22.00,0.42,3.50,0.28,-6.92,13.07,0.00,0.00,FALSE,FALSE,0.02,0.02,0.03,,,seq.18237.29,0.04,
NRN1_42850,OID42850,NRN1,Q9NPD7,3,0.00,70.91,31.00,-0.10,0.46,22.00,0.15,0.60,0.10,-1.75,5.80,0.02,0.98,FALSE,FALSE,0.04,0.04,0.04,,,seq.29457.31,0.01,
NRP1_45391,OID45391,NRP1,O14786,7,0.07,0.00,6.19,0.12,0.09,22.00,0.27,0.32,0.27,-0.80,1.53,0.00,0.99,TRUE,FALSE,0.61,0.60,0.62,prot.1117,0.57,seq.5542.22,0.82,
NRP2_45204,OID45204,NRP2,O60462,6,1.11,2.74,12.33,-0.25,0.19,21.00,0.30,0.40,0.29,-2.66,3.37,0.00,0.99,FALSE,FALSE,0.51,0.51,0.52,prot.1308,0.36,seq.15387.44,0.47,
NRTN_42851,OID42851,NRTN,Q99748,3,0.00,82.74,69.92,-0.71,1.35,22.00,-0.45,1.37,-0.33,-7.94,5.12,0.02,1.00,FALSE,FALSE,0.03,0.03,0.04,,,,,
NRXN1_42852,OID42852,NRXN1,P58400,3,0.00,25.12,10.62,-0.14,0.15,22.00,-1.10,0.56,-1.17,-2.86,4.61,0.02,0.82,FALSE,FALSE,0.24,0.24,0.24,,,seq.5110.84,0.21,
NRXN3_42853,OID42853,NRXN3,Q9Y4C0,3,0.00,97.70,45.05,-1.03,0.88,22.00,-1.59,1.09,-1.47,-8.60,1.78,0.01,1.00,FALSE,FALSE,0.04,0.04,0.04,,,seq.16323.8,0.02,
NSDHL_42854,OID42854,NSDHL,Q15738,3,0.00,54.28,22.00,0.32,0.29,22.00,0.33,0.47,0.27,-0.96,3.91,0.02,0.99,FALSE,FALSE,0.14,0.14,0.14,prot.3651,0.10,seq.8038.41,-0.05,
NSFL1C_44819,OID44819,NSFL1C,Q9UNZ2,5,0.07,0.00,24.48,2.14,0.28,22.00,2.42,0.69,2.35,0.32,6.35,0.00,1.00,FALSE,FALSE,0.64,0.63,0.64,prot.6072,0.56,seq.4250.23,0.65,1
NSG1_41561,OID41561,NSG1,P42857,2,0.14,86.69,46.94,-0.39,1.08,22.00,-0.02,1.09,-0.02,-7.70,5.72,0.00,1.00,FALSE,FALSE,0.05,0.05,0.05,,,seq.26786.12,0.10,
NSMCE2_42855,OID42855,NSMCE2,Q96MF7,3,0.00,89.07,42.92,-0.29,1.01,22.00,-0.24,0.94,-0.20,-7.08,4.14,0.01,1.00,FALSE,FALSE,0.04,0.04,0.04,,,seq.22517.106,0.01,
NT5C1A_44040,OID44040,NT5C1A,Q9BXI3,4,0.00,11.90,20.62,0.22,0.37,22.00,0.22,0.52,0.22,-1.78,5.13,0.01,0.99,FALSE,FALSE,0.18,0.17,0.18,,,seq.23362.26,0.05,
NT5C3A_44041,OID44041,NT5C3A,Q9H0P0,4,0.00,12.53,16.26,2.54,0.25,22.00,2.77,0.78,2.76,-0.78,6.54,0.01,0.99,FALSE,FALSE,0.48,0.47,0.48,,,seq.19615.213,0.38,
NT5C3B_40470,OID40470,NT5C3B,Q969T7,1,0.00,82.88,52.54,-0.66,0.67,22.00,-0.33,0.93,-0.34,-6.91,4.96,0.01,0.99,FALSE,FALSE,0.05,0.05,0.05,,,seq.19135.5,0.03,
NT5E_44821,OID44821,NT5E,P21589,5,0.07,0.35,10.67,0.97,0.15,22.00,0.60,0.54,0.56,-1.74,3.93,0.00,0.99,TRUE,FALSE,0.60,0.59,0.61,prot.2258,0.46,seq.15452.5,0.56,
NTF3_44042,OID44042,NTF3,P20783,4,0.00,11.90,14.93,1.21,0.21,22.00,1.26,0.41,1.25,0.02,4.22,0.01,0.87,FALSE,FALSE,0.41,0.41,0.42,,,seq.4145.58,0.41,
NTF4_42856,OID42856,NTF4,P34130,3,0.00,41.27,32.09,0.47,0.46,22.00,0.77,0.62,0.74,-1.11,4.46,0.01,0.95,FALSE,FALSE,0.12,0.12,0.13,,,seq.4146.58,0.01,
NTHL1_41562,OID41562,NTHL1,P78549,2,0.14,50.52,19.57,4.30,0.27,22.00,0.33,0.93,0.21,-2.32,4.96,0.00,1.00,FALSE,FALSE,0.28,0.27,0.28,,,,,
NTNG2_42857,OID42857,NTNG2,Q96CW9,3,0.00,20.95,12.75,-0.06,0.18,22.00,0.26,0.45,0.22,-0.99,5.07,0.02,0.98,FALSE,FALSE,0.29,0.29,0.30,,,,,
NTPCR_41563,OID41563,NTPCR,Q9BSD7,2,0.14,71.15,54.94,1.28,1.00,22.00,1.54,1.20,1.64,-5.91,5.37,0.00,0.94,TRUE,FALSE,0.33,0.32,0.34,prot.5209,0.40,seq.29993.72,0.25,
NTRK1_41564,OID41564,NTRK1,P04629,2,0.14,36.93,19.62,1.64,0.33,22.00,0.61,0.61,0.56,-1.27,4.29,0.00,0.99,FALSE,FALSE,0.15,0.15,0.16,,,seq.3477.63,0.01,
NTRK2_44823,OID44823,NTRK2,Q16620,5,0.07,0.07,15.59,0.48,0.22,22.00,0.30,0.26,0.30,-0.87,1.28,0.00,0.99,FALSE,FALSE,0.41,0.39,0.42,,,seq.4866.59,0.46,
NTRK3_44824,OID44824,NTRK3,Q16288,5,0.07,15.11,8.98,0.49,0.12,22.00,0.03,0.28,0.04,-1.11,1.21,0.00,0.79,FALSE,FALSE,0.50,0.48,0.50,,,seq.2658.27,0.59,
NT_proBNP_44822,OID44822,NT-proBNP,NT-proBNP,5,0.07,19.64,18.38,1.26,0.31,22.00,0.84,1.17,0.79,-2.44,6.32,0.00,0.87,FALSE,FALSE,NA,NA,NA,,,,,11
NUAK2_40471,OID40471,NUAK2,Q9H093,1,0.00,81.49,111.01,-3.83,2.52,22.00,-2.28,2.26,-1.87,-8.98,3.79,0.07,0.00,FALSE,FALSE,0.03,0.03,0.03,,,,,
NUB1_44043,OID44043,NUB1,Q9Y5A7,4,0.00,3.69,21.47,0.79,0.32,22.00,1.13,0.54,1.12,-0.92,4.23,0.01,0.99,FALSE,FALSE,0.49,0.48,0.49,prot.6924,0.39,seq.21996.28,0.67,
NUBP1_44044,OID44044,NUBP1,P53384,4,0.00,92.48,63.77,0.02,0.85,22.00,0.27,0.97,0.26,-6.99,6.13,0.01,0.99,FALSE,FALSE,0.06,0.06,0.07,prot.2868,0.03,seq.21189.9,0.01,
NUCB2_44045,OID44045,NUCB2,P80303,4,0.00,12.73,12.65,-0.32,0.18,22.00,0.14,0.36,0.13,-1.21,1.96,0.01,0.99,TRUE,FALSE,0.33,0.33,0.34,prot.3135,0.35,seq.21999.61,0.12,
NUDCD3_44047,OID44047,NUDCD3,Q8IVD9,4,0.00,2.78,11.73,0.89,0.17,22.00,1.28,0.49,1.25,-0.08,4.47,0.01,0.98,FALSE,FALSE,0.34,0.34,0.35,prot.7421,0.22,seq.4254.6,0.22,
NUDC_44046,OID44046,NUDC,Q9Y266,4,0.00,15.52,10.26,0.38,0.15,22.00,0.22,0.47,0.25,-1.80,2.23,0.01,0.99,FALSE,FALSE,0.44,0.43,0.45,prot.6113,0.49,seq.8887.21,0.64,
NUDT10_44048,OID44048,NUDT10,Q8NFP7,4,0.00,87.82,31.99,0.08,0.48,22.00,0.24,0.84,0.26,-3.94,4.49,0.01,1.00,FALSE,FALSE,0.11,0.10,0.11,,,seq.20957.57,0.04,
NUDT14_41565,OID41565,NUDT14,O95848,2,0.14,79.51,72.99,0.57,1.06,22.00,-0.59,2.32,-0.04,-6.28,8.39,0.00,0.00,FALSE,FALSE,0.01,0.01,0.01,,,seq.19794.10,-0.02,
NUDT15_42858,OID42858,NUDT15,Q9NV35,3,0.00,83.02,67.04,0.11,0.78,22.00,-0.11,0.97,-0.07,-6.22,4.91,0.01,0.92,FALSE,FALSE,0.07,0.07,0.07,,,seq.23584.2,0.08,
NUDT16_44049,OID44049,NUDT16,Q96DE0,4,0.00,0.07,11.47,0.90,0.16,22.00,1.48,0.57,1.46,-0.60,5.13,0.00,0.99,FALSE,FALSE,0.57,0.57,0.58,prot.4883,0.14,seq.20948.16,0.70,
NUDT2_44050,OID44050,NUDT2,P50583,4,0.00,82.39,36.34,0.14,0.56,22.00,0.38,0.57,0.37,-3.05,3.73,0.01,0.95,TRUE,TRUE,0.23,0.23,0.24,prot.2791,0.23,seq.16583.8,0.21,
NUDT4_40472,OID40472,NUDT4,Q9NZJ9,1,0.00,76.06,31.03,0.90,0.48,22.00,-0.01,1.15,-0.05,-8.65,7.05,0.01,0.99,FALSE,FALSE,0.10,0.09,0.10,prot.5819,0.08,seq.31306.98,-0.02,
NUDT5_45205,OID45205,NUDT5,Q9UKK9,6,1.11,6.05,13.16,1.21,0.18,21.00,1.27,0.47,1.26,-0.34,3.80,0.00,0.99,FALSE,FALSE,0.50,0.50,0.51,prot.532,0.38,seq.17761.2,0.42,
NUDT7_41566,OID41566,NUDT7,P0C024,2,0.14,67.53,40.06,0.30,0.62,22.00,1.05,1.25,1.05,-6.23,6.84,0.00,0.99,FALSE,FALSE,0.10,0.09,0.10,,,seq.24413.96,-0.03,
NUFIP2_41567,OID41567,NUFIP2,Q7Z417,2,0.14,85.99,195.01,-0.46,2.70,22.00,-0.08,2.57,0.24,-6.54,8.14,0.00,0.00,FALSE,FALSE,0.08,0.08,0.08,prot.7749,0.21,seq.32098.66,0.01,
NUMBL_40473,OID40473,NUMBL,Q9Y6R0,1,0.00,74.88,24.05,0.57,0.39,22.00,0.69,0.68,0.65,-1.86,4.71,0.01,0.68,FALSE,FALSE,0.07,0.07,0.07,,,seq.24947.40,-0.04,
NUMB_44051,OID44051,NUMB,P49757,4,0.00,30.27,18.56,3.10,0.28,22.00,2.41,0.72,2.41,-1.43,5.50,0.00,1.00,FALSE,FALSE,0.54,0.53,0.54,prot.2751,0.57,seq.25248.28,0.48,
NUP160_40474,OID40474,NUP160,Q12769,1,0.00,36.88,40.62,-0.95,0.41,22.00,-0.60,0.73,-0.74,-2.05,5.63,0.03,0.99,FALSE,FALSE,0.05,0.05,0.05,prot.6596,-0.03,,,
NUP50_42859,OID42859,NUP50,Q9UKX7,3,0.00,97.84,71.54,0.05,0.88,22.00,-0.02,1.49,0.21,-6.95,6.32,0.03,0.96,FALSE,FALSE,0.05,0.05,0.05,prot.6019,-0.07,seq.28721.116,0.06,
NUPR1_41568,OID41568,NUPR1,O60356,2,0.14,84.32,118.25,-2.63,1.36,22.00,-2.40,1.51,-2.35,-9.41,4.39,0.00,1.00,FALSE,FALSE,0.06,0.06,0.06,,,,,
NUTM1_42860,OID42860,NUTM1,Q86Y26,3,0.00,76.90,56.80,-0.35,0.74,22.00,-0.06,1.08,-0.09,-7.89,5.99,0.01,1.00,FALSE,FALSE,0.03,0.02,0.03,,,,,
NUTM2B_40475,OID40475,NUTM2B,A6NNL0,1,0.00,85.39,198.25,0.96,2.05,22.00,0.75,1.79,0.09,-2.43,8.25,0.19,0.00,FALSE,FALSE,0.04,0.03,0.04,,,,,
NVL_40476,OID40476,NVL,O15381,1,0.00,82.88,52.42,-0.24,0.71,22.00,-0.17,1.48,-0.08,-8.32,7.10,0.02,0.96,FALSE,FALSE,0.01,0.01,0.02,,,seq.25279.44,-0.01,
NXF3_40477,OID40477,NXF3,Q9H4D5,1,0.00,90.26,50.92,-0.34,0.82,22.00,0.05,1.56,0.00,-8.24,8.30,0.02,0.99,FALSE,FALSE,0.02,0.01,0.02,,,,,
NXNL1_41569,OID41569,NXNL1,Q96CM4,2,0.14,70.87,30.28,-1.92,0.50,22.00,-1.78,1.13,-1.81,-9.18,3.12,0.00,0.99,FALSE,FALSE,0.07,0.06,0.07,,,,,
NXPE4_42861,OID42861,NXPE4,Q6UWF7,3,0.00,92.48,50.87,-0.34,0.58,22.00,-0.12,0.68,-0.11,-3.09,7.25,0.01,0.99,FALSE,FALSE,0.03,0.03,0.03,,,,,
NXPH1_42862,OID42862,NXPH1,P58417,3,0.00,56.51,13.19,0.12,0.18,22.00,0.18,0.36,0.17,-0.90,1.68,0.00,0.99,FALSE,FALSE,0.10,0.10,0.11,,,seq.23002.27,-0.01,
NXPH3_44052,OID44052,NXPH3,O95157,4,0.00,0.00,10.51,0.62,0.15,22.00,0.65,0.36,0.66,-1.13,2.05,0.00,0.93,FALSE,FALSE,0.23,0.22,0.24,,,seq.6054.6,-0.04,
NYAP1_40478,OID40478,NYAP1,Q6ZVC0,1,0.00,73.42,48.04,-1.24,0.65,22.00,-0.31,1.11,-0.39,-3.72,6.63,0.01,0.99,FALSE,FALSE,0.03,0.03,0.04,,,,,
OAF_45206,OID45206,OAF,Q86UD1,6,1.11,1.97,10.26,0.85,0.14,21.00,1.05,0.46,1.05,-1.60,2.83,0.00,0.78,TRUE,TRUE,0.57,0.57,0.58,prot.4234,0.46,seq.6414.8,0.65,
OBI1_42863,OID42863,OBI1,Q5W0B1,3,0.00,33.82,23.70,-0.27,0.34,22.00,0.15,0.54,0.10,-1.38,3.17,0.01,1.00,TRUE,FALSE,0.18,0.18,0.19,,,,,
OBP2B_44053,OID44053,OBP2B,Q9NPH6,4,0.00,4.38,6.85,0.23,0.10,22.00,-0.03,0.92,0.08,-3.38,3.16,0.00,1.00,TRUE,FALSE,0.53,0.52,0.53,,,seq.5680.54,0.56,
OBSCN_41570,OID41570,OBSCN,Q5VST9,2,0.14,67.32,135.53,-3.67,2.46,22.00,-3.18,2.68,-4.37,-6.89,7.94,0.00,0.00,FALSE,FALSE,0.05,0.05,0.05,prot.3903,0.05,,,
OCLN_44054,OID44054,OCLN,Q16625,4,0.00,0.63,28.58,0.14,0.31,22.00,0.43,0.49,0.38,-0.74,2.97,0.00,1.00,FALSE,FALSE,0.15,0.14,0.15,,,seq.24263.6,-0.10,
ODAD4_41571,OID41571,ODAD4,Q96NG3,2,0.14,59.58,313.38,-0.94,3.33,22.00,0.21,2.68,0.60,-6.31,9.34,0.00,0.00,FALSE,FALSE,0.02,0.02,0.02,,,seq.24276.171,0.02,
ODAM_42864,OID42864,ODAM,A1E959,3,0.00,32.36,20.16,0.51,0.30,22.00,0.76,0.67,0.70,-1.70,5.79,0.01,0.98,TRUE,FALSE,0.23,0.23,0.24,,,,,
ODC1_40479,OID40479,ODC1,P11926,1,0.00,66.18,122.30,-0.58,3.06,22.00,0.84,2.05,0.95,-7.59,8.86,0.04,0.89,FALSE,FALSE,0.03,0.03,0.03,,,seq.13689.2,-0.05,
ODF2L_40480,OID40480,ODF2L,Q9ULJ1,1,0.00,44.19,44.00,-4.83,0.79,22.00,-3.91,1.16,-4.08,-7.56,4.30,0.02,0.92,FALSE,FALSE,0.07,0.07,0.07,,,,,
OFD1_42865,OID42865,OFD1,O75665,3,0.00,76.97,70.68,-1.25,1.68,22.00,-0.62,1.81,-0.58,-8.10,8.21,0.03,0.95,FALSE,FALSE,0.04,0.03,0.04,,,,,
OGA_44055,OID44055,OGA,O60502,4,0.00,0.35,11.40,1.01,0.16,22.00,1.06,0.51,1.03,-0.90,3.72,0.01,1.00,FALSE,FALSE,0.48,0.47,0.48,prot.1314,0.56,,,
OGFR_44056,OID44056,OGFR,Q9NZT2,4,0.00,58.18,18.17,1.56,0.27,22.00,1.38,0.45,1.38,-1.50,4.90,0.01,0.99,FALSE,FALSE,0.42,0.41,0.43,prot.6872,0.13,seq.24934.96,0.52,
OGG1_41572,OID41572,OGG1,O15527,2,0.14,58.47,47.47,-3.07,0.78,22.00,-1.80,1.49,-1.94,-9.87,4.89,0.00,0.95,FALSE,FALSE,0.04,0.04,0.05,,,seq.20103.176,0.01,
OGN_45207,OID45207,OGN,P20774,6,1.11,1.97,10.37,0.30,0.15,21.00,0.85,0.54,0.82,-1.89,3.99,0.00,0.46,TRUE,FALSE,0.59,0.58,0.59,prot.2238,0.48,seq.17224.12,0.51,
OGT_42866,OID42866,OGT,O15294,3,0.00,81.84,263.56,0.97,3.23,22.00,-0.13,2.98,0.13,-6.37,8.44,0.00,0.00,FALSE,FALSE,0.04,0.04,0.04,prot.1181,0.01,seq.21733.11,0.01,
OLFM2_41573,OID41573,OLFM2,O95897,2,0.14,58.33,24.77,2.86,0.35,22.00,1.24,1.55,1.20,-7.50,5.72,0.00,0.98,TRUE,FALSE,0.43,0.41,0.43,,,seq.19377.14,0.61,
OLFM4_44825,OID44825,OLFM4,Q6UX06,5,0.07,55.36,16.45,0.49,0.23,22.00,-1.46,1.29,-1.38,-9.26,2.78,0.00,1.00,TRUE,FALSE,0.23,0.22,0.24,prot.7416,0.02,seq.4769.10,-0.03,
OLR1_44826,OID44826,OLR1,P78380,5,0.07,4.11,12.72,0.07,0.18,22.00,0.17,0.53,0.12,-1.58,3.30,0.00,0.96,FALSE,FALSE,0.64,0.64,0.65,prot.8007,0.67,seq.7893.19,0.85,
OMD_44827,OID44827,OMD,Q99983,5,0.07,0.00,9.20,0.75,0.13,22.00,1.02,0.49,1.02,-1.23,2.66,0.00,0.99,FALSE,FALSE,0.72,0.71,0.73,prot.5166,0.81,seq.5358.3,0.88,
OMG_44057,OID44057,OMG,P23515,4,0.00,11.00,19.76,0.66,0.30,22.00,0.36,0.78,0.40,-3.24,2.80,0.00,0.94,FALSE,FALSE,0.60,0.59,0.61,,,seq.16908.5,0.92,
OPHN1_44058,OID44058,OPHN1,O60890,4,0.00,9.39,26.38,-1.07,0.39,22.00,-0.79,0.81,-0.76,-5.66,2.78,0.01,0.99,FALSE,FALSE,0.36,0.36,0.37,prot.1352,0.53,seq.12591.27,0.40,
OPLAH_44059,OID44059,OPLAH,O14841,4,0.00,6.26,18.54,2.05,0.26,22.00,1.85,0.67,1.82,-1.72,5.01,0.00,0.98,FALSE,FALSE,0.42,0.40,0.42,prot.1123,0.34,seq.27247.45,0.14,
OPTC_44060,OID44060,OPTC,Q9UBM4,4,0.00,22.62,11.35,-0.33,0.16,22.00,0.03,0.49,0.01,-1.82,3.28,0.01,0.99,FALSE,FALSE,0.18,0.17,0.18,,,seq.15430.7,-0.04,
ORM1_45480,OID45480,ORM1,P02763,8,0.84,5.12,10.13,-0.32,0.15,22.00,-0.09,0.40,-0.09,-3.84,1.38,0.00,0.98,TRUE,FALSE,0.56,0.55,0.56,prot.1730,0.52,,,
OS9_41574,OID41574,OS9,Q13438,2,0.14,60.21,33.91,-4.49,0.48,22.00,-3.68,1.19,-3.92,-6.38,5.03,0.00,0.93,FALSE,FALSE,0.05,0.05,0.05,prot.3417,-0.01,,,
OSBPL2_44061,OID44061,OSBPL2,Q9H1P3,4,0.00,79.05,10.30,-0.17,0.15,22.00,0.04,0.53,-0.05,-0.91,5.40,0.04,0.99,FALSE,FALSE,0.14,0.14,0.15,prot.5431,0.09,seq.31713.317,0.03,
OSCAR_44828,OID44828,OSCAR,Q8IYS5,5,0.07,21.73,13.90,-0.19,0.20,22.00,-0.02,0.41,-0.01,-2.11,1.32,0.00,0.98,TRUE,TRUE,0.33,0.32,0.35,,,seq.8702.42,0.10,
OSER1_41575,OID41575,OSER1,Q9NX31,2,0.14,76.72,112.84,-2.35,2.34,22.00,-0.39,2.30,-0.08,-7.04,7.20,0.00,0.12,FALSE,FALSE,0.01,0.01,0.01,,,seq.33173.5,0.00,
OSMR_45392,OID45392,OSMR,Q99650,7,0.07,0.14,7.81,0.22,0.11,22.00,0.15,0.25,0.15,-1.79,1.62,0.00,0.99,TRUE,FALSE,0.31,0.30,0.32,,,seq.10892.8,0.03,
OSM_44062,OID44062,OSM,P13725,4,0.00,15.87,21.87,1.02,0.28,22.00,1.45,1.07,1.49,-2.52,4.19,0.00,0.99,FALSE,FALSE,0.39,0.39,0.40,,,seq.14063.17,0.30,
OSTN_42868,OID42868,OSTN,P61366,3,0.00,58.87,32.52,-0.53,0.46,22.00,-0.29,0.81,-0.34,-3.68,5.94,0.02,1.00,FALSE,FALSE,0.08,0.08,0.09,,,seq.7265.32,0.05,
OTOA_42869,OID42869,OTOA,Q7RTW8,3,0.00,84.13,43.72,-1.36,0.84,22.00,-0.83,1.28,-0.89,-8.76,6.43,0.02,0.76,FALSE,FALSE,0.02,0.02,0.03,,,,,
OTOR_40481,OID40481,OTOR,Q9NRC9,1,0.00,74.95,101.38,-0.50,1.71,22.00,-0.13,1.78,0.04,-7.61,7.66,0.04,1.00,FALSE,FALSE,0.02,0.02,0.02,,,seq.15432.1,0.00,
OTUB1_41576,OID41576,OTUB1,Q96FW1,2,0.14,97.28,18.93,0.88,0.26,22.00,0.70,0.62,0.67,-1.19,3.46,0.00,1.00,FALSE,FALSE,0.11,0.11,0.12,prot.4925,-0.01,seq.30322.51,-0.01,
OTUD1_42870,OID42870,OTUD1,Q5VV17,3,0.00,52.05,28.17,-0.76,0.43,22.00,-0.46,0.68,-0.51,-2.33,5.59,0.02,0.95,FALSE,FALSE,0.14,0.13,0.14,,,,,
OTUD4_41577,OID41577,OTUD4,Q01804,2,0.14,85.99,165.72,-0.02,2.04,22.00,0.28,2.02,0.39,-6.80,8.65,0.00,0.39,FALSE,FALSE,0.04,0.04,0.04,prot.3202,0.04,,,
OTUD6A_40482,OID40482,OTUD6A,Q7L8S5,1,0.00,89.07,132.36,-1.09,2.85,22.00,0.07,2.00,0.36,-7.13,6.32,0.05,0.47,FALSE,FALSE,0.03,0.03,0.03,,,,,
OTUD6B_44063,OID44063,OTUD6B,Q8N6M0,4,0.00,43.22,32.50,1.84,0.49,22.00,2.01,0.79,2.03,-3.59,6.72,0.01,1.00,FALSE,FALSE,0.48,0.47,0.49,prot.4448,0.57,seq.29800.23,0.54,
OTUD7B_44064,OID44064,OTUD7B,Q6GQQ9,4,0.00,21.92,15.71,1.27,0.25,22.00,1.41,0.48,1.39,-0.65,4.46,0.01,1.00,FALSE,FALSE,0.42,0.42,0.43,prot.3966,0.36,seq.21742.43,0.50,
OVCA2_42871,OID42871,OVCA2,Q8WZ82,3,0.00,34.17,20.77,0.91,0.29,22.00,1.07,0.47,1.07,-0.62,3.71,0.01,0.51,FALSE,FALSE,0.41,0.40,0.41,prot.4703,0.41,seq.17697.2,0.55,
OVGP1_41578,OID41578,OVGP1,Q12889,2,0.14,33.38,35.39,-2.47,0.55,22.00,-1.26,2.01,-1.94,-4.79,7.60,0.00,1.00,FALSE,FALSE,0.15,0.15,0.16,,,,,
OXCT1_44065,OID44065,OXCT1,P55809,4,0.00,20.60,15.67,2.23,0.23,22.00,2.15,0.47,2.14,-0.41,5.07,0.01,1.00,FALSE,FALSE,0.46,0.46,0.47,prot.2940,0.40,seq.25043.74,0.41,
OXT_44829,OID44829,OXT,P01178,5,0.07,0.07,11.21,0.69,0.16,22.00,1.26,1.43,1.22,-2.71,5.51,0.00,0.99,TRUE,FALSE,0.76,0.75,0.77,,,seq.8356.88,0.90,
P3H3_42872,OID42872,P3H3,Q8IVL6,3,0.00,81.84,13.89,0.07,0.20,22.00,0.01,0.27,-0.02,-0.56,4.09,0.02,1.00,FALSE,FALSE,0.13,0.12,0.14,,,,,
P3H4_41579,OID41579,P3H4,Q92791,2,0.14,89.27,165.09,1.10,3.11,22.00,0.66,3.30,0.37,-6.42,7.89,0.00,0.00,FALSE,FALSE,0.02,0.02,0.03,,,,,
P4HB_44830,OID44830,P4HB,P07237,5,0.07,0.00,14.15,0.83,0.18,22.00,0.54,0.32,0.52,-0.36,2.27,0.00,0.57,FALSE,FALSE,0.43,0.42,0.44,,,seq.11450.110,0.33,
PABIR2_40483,OID40483,PABIR2,Q7Z309,1,0.00,58.59,49.42,-1.41,0.88,22.00,0.01,1.21,-0.10,-6.07,7.62,0.01,1.00,FALSE,FALSE,0.03,0.03,0.04,,,seq.30540.106,-0.02,
PABPC4L_41580,OID41580,PABPC4L,P0CB38,2,0.14,86.41,11.97,1.71,0.18,22.00,-0.49,0.81,-0.63,-2.70,5.32,0.00,1.00,FALSE,FALSE,0.15,0.15,0.17,,,,,
PACRGL_41581,OID41581,PACRGL,Q8N7B6,2,0.14,74.29,134.12,-3.67,2.59,22.00,-1.52,2.58,-1.24,-8.09,6.85,0.00,0.00,FALSE,FALSE,0.01,0.01,0.01,,,,,
PACS2_44066,OID44066,PACS2,Q86VP3,4,0.00,7.79,21.68,2.46,0.33,22.00,3.04,0.66,2.98,0.89,6.34,0.00,0.99,TRUE,FALSE,0.49,0.49,0.50,prot.4249,0.35,seq.30463.20,0.42,
PACSIN3_41582,OID41582,PACSIN3,Q9UKS6,2,0.14,61.95,112.46,0.28,1.74,22.00,1.09,1.67,1.13,-6.51,9.10,0.00,0.93,FALSE,FALSE,0.08,0.07,0.09,,,seq.14674.63,0.04,
PADI2_42873,OID42873,PADI2,Q9Y2J8,3,0.00,66.39,51.52,-1.57,1.60,22.00,-0.31,1.45,-0.42,-8.53,8.33,0.02,0.94,FALSE,FALSE,0.07,0.07,0.07,prot.6138,0.09,seq.22001.23,0.00,
PADI4_42874,OID42874,PADI4,Q9UM07,3,0.00,46.07,25.80,-2.71,0.39,22.00,-2.41,0.69,-2.42,-5.20,3.69,0.00,0.99,TRUE,TRUE,0.43,0.43,0.44,prot.6046,0.63,seq.21237.24,0.63,
PAEP_44067,OID44067,PAEP,P09466,4,0.00,26.10,14.37,-6.02,0.21,22.00,-5.64,2.21,-6.06,-10.08,-0.19,0.00,0.99,TRUE,FALSE,0.61,0.60,0.62,prot.546,0.81,seq.8867.4,0.05,
PAFAH1B3_44068,OID44068,PAFAH1B3,Q15102,4,0.00,91.93,21.93,-6.76,0.31,22.00,-6.66,0.67,-6.77,-8.20,-0.27,0.03,0.98,FALSE,FALSE,0.07,0.07,0.08,prot.3591,-0.07,seq.12374.8,-0.03,
PAFAH2_42875,OID42875,PAFAH2,Q99487,3,0.00,74.04,52.79,0.52,0.80,22.00,0.66,0.84,0.66,-2.90,6.07,0.01,0.99,FALSE,FALSE,0.15,0.14,0.15,prot.5109,-0.06,seq.18914.188,0.16,
PAG1_44069,OID44069,PAG1,Q9NWQ8,4,0.00,13.92,12.11,0.38,0.17,22.00,0.58,0.41,0.56,-0.55,3.22,0.01,0.99,TRUE,FALSE,0.31,0.30,0.31,prot.5749,0.29,,,
PAGE3_41583,OID41583,PAGE3,Q5JUK9,2,0.14,90.03,78.09,-1.42,2.48,22.00,-0.90,2.20,-0.47,-6.78,5.49,0.00,0.00,FALSE,FALSE,0.01,0.01,0.01,,,,,
PAGR1_44070,OID44070,PAGR1,Q9BTK6,4,0.00,47.88,16.99,0.22,0.26,22.00,0.69,0.51,0.64,-0.60,6.00,0.01,0.94,FALSE,FALSE,0.18,0.17,0.18,,,seq.23967.8,0.11,
PAIP1_42876,OID42876,PAIP1,Q9H074,3,0.00,13.99,16.45,0.87,0.22,22.00,1.02,0.60,0.92,-0.62,5.86,0.03,1.00,FALSE,FALSE,0.32,0.32,0.32,prot.5397,0.32,seq.12430.78,-0.06,
PAIP2B_42877,OID42877,PAIP2B,Q9ULR5,3,0.00,68.62,39.82,0.25,0.70,22.00,0.34,0.69,0.34,-2.16,6.32,0.01,0.99,FALSE,FALSE,0.09,0.09,0.10,,,,,
PAK4_42878,OID42878,PAK4,O96013,3,0.00,35.00,28.36,-1.60,0.41,22.00,-1.03,0.79,-1.05,-3.56,3.40,0.01,0.93,FALSE,FALSE,0.34,0.34,0.35,prot.1609,0.51,seq.13719.19,0.48,
PALLD_42879,OID42879,PALLD,Q8WX93,3,0.00,89.77,70.20,-1.63,1.57,22.00,-1.30,1.61,-1.04,-8.00,4.12,0.04,0.65,FALSE,FALSE,0.03,0.03,0.03,prot.4687,,seq.35209.51,0.01,
PALM2_44072,OID44072,PALM2,Q8IXS6,4,0.00,0.07,9.37,0.23,0.13,22.00,0.14,0.57,0.08,-1.39,2.97,0.01,0.99,FALSE,FALSE,NA,NA,NA,,,,,
PALM3_44073,OID44073,PALM3,A6NDB9,4,0.00,46.76,20.63,-0.41,0.29,22.00,0.41,0.96,0.28,-2.01,8.64,0.02,1.00,FALSE,FALSE,0.14,0.14,0.14,,,,,
PALMD_40484,OID40484,PALMD,Q9NP74,1,0.00,50.31,35.18,-0.37,0.43,22.00,-0.19,0.92,-0.24,-3.14,5.07,0.00,0.98,FALSE,FALSE,0.10,0.10,0.11,,,seq.22059.56,0.10,
PALM_44071,OID44071,PALM,O75781,4,0.00,0.00,12.02,0.58,0.17,22.00,0.43,0.37,0.41,-0.76,3.23,0.01,0.98,FALSE,FALSE,0.24,0.23,0.24,,,seq.18306.1,0.05,
PAMR1_45209,OID45209,PAMR1,Q6UXH9,6,1.11,1.97,11.98,0.05,0.17,21.00,0.46,0.36,0.46,-1.11,1.61,0.00,0.69,FALSE,FALSE,0.36,0.35,0.37,prot.4066,0.08,,,
PAM_45208,OID45208,PAM,P19021,6,1.11,1.97,11.60,0.20,0.18,21.00,0.01,0.32,0.02,-2.33,1.26,0.00,0.91,FALSE,FALSE,0.43,0.42,0.43,prot.2194,0.09,seq.26108.170,0.39,
PAPPA_42880,OID42880,PAPPA,Q13219,3,0.00,64.16,82.39,-0.99,2.18,22.00,0.51,1.17,0.49,-7.11,7.08,0.01,0.99,FALSE,FALSE,0.15,0.15,0.16,prot.3395,0.02,seq.4148.49,0.24,
PARD3B_41584,OID41584,PARD3B,Q8TEW8,2,0.14,69.62,58.41,-3.23,1.01,22.00,-1.43,1.92,-1.72,-9.81,7.86,0.00,1.00,FALSE,FALSE,0.04,0.03,0.04,,,,,
PARD3_42881,OID42881,PARD3,Q8TEW0,3,0.00,31.32,27.84,2.14,0.41,22.00,2.21,0.88,2.18,-1.55,8.47,0.01,1.00,FALSE,FALSE,0.46,0.46,0.47,prot.4630,0.52,,,
PARD6A_40485,OID40485,PARD6A,Q9NPB6,1,0.00,88.73,42.30,-1.26,0.61,22.00,-0.77,1.07,-0.89,-4.15,6.88,0.04,0.99,FALSE,FALSE,0.04,0.03,0.04,,,,,
PARD6B_41585,OID41585,PARD6B,Q9BYG5,2,0.14,88.78,48.58,-0.15,0.70,22.00,0.09,0.93,0.07,-5.37,7.48,0.00,1.00,FALSE,FALSE,0.02,0.02,0.03,,,,,
PARK7_45210,OID45210,PARK7,Q99497,6,1.11,10.49,10.03,2.16,0.15,21.00,2.49,0.55,2.47,0.48,5.43,0.00,0.99,FALSE,FALSE,0.65,0.65,0.66,prot.5111,0.51,seq.19523.215,0.76,
PARM1_40486,OID40486,PARM1,Q6UWI2,1,0.00,89.42,130.43,-1.30,2.59,22.00,-0.37,2.29,0.05,-7.57,7.16,0.03,0.11,FALSE,FALSE,0.02,0.02,0.02,,,,,
PARN_41586,OID41586,PARN,O95453,2,0.14,88.22,19.42,-0.11,0.34,22.00,0.04,0.94,-0.16,-1.74,7.02,0.00,1.00,FALSE,FALSE,0.06,0.05,0.06,,,seq.32894.5,0.00,
PARP10_41587,OID41587,PARP10,Q53GL7,2,0.14,44.46,224.78,1.21,1.79,22.00,2.00,1.91,1.91,-6.34,9.87,0.00,0.98,FALSE,FALSE,0.18,0.18,0.19,prot.763,0.16,,,
PARP1_42882,OID42882,PARP1,P09874,3,0.00,28.39,31.42,-1.16,0.54,22.00,-0.89,0.64,-0.89,-3.64,2.89,0.01,0.99,FALSE,FALSE,0.20,0.20,0.21,prot.1953,0.12,seq.8893.29,0.16,
PARP3_40487,OID40487,PARP3,Q9Y6F1,1,0.00,95.48,99.47,-2.51,2.22,22.00,-1.22,2.00,-0.95,-8.90,6.34,0.06,0.86,FALSE,FALSE,0.02,0.02,0.02,,,seq.31311.32,-0.01,
PARP4_40488,OID40488,PARP4,Q9UKK3,1,0.00,85.11,51.56,-1.57,0.73,22.00,-1.41,1.12,-1.36,-8.91,5.07,0.02,1.00,FALSE,FALSE,0.03,0.02,0.03,prot.6899,0.01,,,
PARP8_41588,OID41588,PARP8,Q8N3A8,2,0.14,82.65,46.92,0.40,0.70,22.00,0.14,1.18,0.18,-6.74,5.58,0.00,0.99,FALSE,FALSE,0.03,0.02,0.03,,,,,
PARPBP_41589,OID41589,PARPBP,Q9NWS1,2,0.14,61.46,119.03,-1.23,2.84,22.00,0.05,2.49,0.55,-6.61,6.86,0.00,0.00,FALSE,FALSE,0.02,0.02,0.02,,,,,
PASD1_40489,OID40489,PASD1,Q8IV76,1,0.00,85.11,116.75,-2.19,2.46,22.00,-0.75,2.22,-0.53,-7.81,8.38,0.05,0.18,FALSE,FALSE,0.02,0.02,0.02,,,,,
PASK_40490,OID40490,PASK,Q96RG2,1,0.00,93.46,61.91,-0.28,1.94,22.00,-0.01,1.35,0.18,-8.38,3.51,0.02,0.99,FALSE,FALSE,0.08,0.08,0.09,prot.5063,0.04,seq.30781.44,0.15,
PATJ_41590,OID41590,PATJ,Q8NI35,2,0.14,82.02,130.95,1.44,3.22,22.00,1.80,3.30,1.33,-5.87,12.29,0.00,0.00,FALSE,FALSE,0.07,0.07,0.08,,,,,
PAX4_40491,OID40491,PAX4,O43316,1,0.00,79.61,52.80,-0.08,0.86,22.00,-0.30,1.25,-0.16,-8.24,6.16,0.02,1.00,FALSE,FALSE,0.00,0.00,0.00,,,seq.12398.15,-0.03,
PAXX_44831,OID44831,PAXX,Q9BUH6,5,0.07,22.49,23.40,0.75,0.34,22.00,0.90,0.45,0.90,-0.99,2.99,0.00,0.97,FALSE,FALSE,0.37,0.36,0.37,prot.5240,0.22,,,
PBK_41591,OID41591,PBK,Q96KB5,2,0.14,93.31,88.80,-0.58,1.62,22.00,-0.46,1.94,-0.14,-6.86,5.16,0.00,0.20,FALSE,FALSE,0.06,0.06,0.06,prot.7356,0.11,seq.17475.18,0.01,
PBLD_42883,OID42883,PBLD,P30039,3,0.00,28.18,19.66,0.87,0.31,22.00,1.09,0.77,1.03,-1.28,4.45,0.00,0.99,TRUE,TRUE,0.49,0.48,0.50,prot.2429,0.71,,,
PBX1_41592,OID41592,PBX1,P40424,2,0.14,77.91,28.00,-0.45,0.41,22.00,-1.09,1.46,-1.20,-9.48,5.97,0.00,0.84,FALSE,FALSE,0.03,0.03,0.03,,,seq.31033.149,0.00,
PBXIP1_44074,OID44074,PBXIP1,Q96AQ6,4,0.00,0.00,9.09,0.96,0.13,22.00,0.90,0.27,0.90,-0.21,3.12,0.00,0.99,FALSE,FALSE,0.42,0.42,0.43,prot.4829,0.48,seq.32131.34,0.47,
PCARE_42884,OID42884,PCARE,A6NGG8,3,0.00,67.99,51.07,-1.83,0.83,22.00,-0.99,1.76,-1.14,-8.94,7.72,0.02,0.99,FALSE,FALSE,0.05,0.04,0.05,,,,,
PCBD1_44832,OID44832,PCBD1,P61457,5,0.07,0.00,9.28,1.12,0.13,22.00,0.76,0.60,0.67,-0.88,3.62,0.00,0.62,FALSE,FALSE,0.67,0.66,0.68,,,seq.11313.100,0.87,
PCBP2_44075,OID44075,PCBP2,Q15366,4,0.00,8.63,30.40,1.56,0.43,22.00,1.84,0.68,1.81,-0.35,5.29,0.01,0.99,FALSE,FALSE,0.49,0.49,0.50,prot.3617,0.55,seq.23363.41,0.52,
PCDH10_41593,OID41593,PCDH10,Q9P2E7,2,0.14,60.70,40.05,0.03,0.57,22.00,0.17,0.88,0.16,-3.57,5.91,0.00,0.97,FALSE,FALSE,0.08,0.08,0.08,prot.5873,0.02,seq.9018.38,0.05,
PCDH12_44076,OID44076,PCDH12,Q9NPG4,4,0.00,5.64,8.22,0.21,0.12,22.00,0.55,0.25,0.55,-0.35,3.03,0.00,0.99,TRUE,FALSE,0.44,0.43,0.44,prot.5609,0.49,seq.21704.8,-0.04,
PCDH17_44834,OID44834,PCDH17,O14917,5,0.07,1.25,8.83,0.54,0.13,22.00,0.65,0.38,0.64,-1.03,2.31,0.00,1.00,FALSE,FALSE,0.60,0.59,0.61,,,seq.21395.23,0.74,
PCDH7_44077,OID44077,PCDH7,O60245,4,0.00,20.18,15.30,-0.22,0.21,22.00,0.20,0.43,0.19,-2.43,3.88,0.01,0.99,FALSE,FALSE,0.25,0.24,0.25,prot.1296,0.18,,,
PCDH9_44078,OID44078,PCDH9,Q9HC56,4,0.00,26.65,15.42,0.61,0.21,22.00,0.74,0.39,0.74,-0.60,2.17,0.00,1.00,TRUE,FALSE,0.47,0.46,0.47,,,seq.10558.26,0.54,
PCDHA1_41594,OID41594,PCDHA1,Q9Y5I3,2,0.14,86.97,132.37,-2.12,2.82,22.00,-0.53,2.64,0.11,-6.72,8.27,0.00,0.00,FALSE,FALSE,0.01,0.01,0.01,,,,,
PCDHB15_44079,OID44079,PCDHB15,Q9Y5E8,4,0.00,28.60,12.62,0.72,0.18,22.00,0.80,0.45,0.80,-0.69,4.10,0.00,1.00,TRUE,TRUE,0.33,0.32,0.34,prot.6239,0.29,,,
PCDHGB3_42885,OID42885,PCDHGB3,Q9Y5G1,3,0.00,89.35,25.49,0.13,0.33,22.00,0.14,0.45,0.13,-1.28,5.07,0.00,1.00,FALSE,FALSE,0.11,0.10,0.11,,,,,
PCLAF_40492,OID40492,PCLAF,Q15004,1,0.00,56.30,27.10,-0.14,0.36,22.00,-0.02,0.73,-0.15,-1.70,4.39,0.03,1.00,FALSE,FALSE,0.05,0.04,0.05,,,seq.19158.1,-0.01,
PCM1_40493,OID40493,PCM1,Q15154,1,0.00,48.30,18.31,0.35,0.26,22.00,0.39,0.53,0.33,-0.78,5.25,0.02,0.99,FALSE,FALSE,0.16,0.15,0.17,,,,,
PCMTD2_40494,OID40494,PCMTD2,Q9NV79,1,0.00,84.97,63.15,-0.59,1.81,22.00,0.01,1.65,0.13,-7.28,7.97,0.03,0.96,FALSE,FALSE,0.02,0.02,0.03,,,,,
PCNA_41595,OID41595,PCNA,P12004,2,0.14,78.26,219.73,1.15,3.11,22.00,0.54,3.22,0.40,-5.73,11.55,0.00,0.00,FALSE,FALSE,0.03,0.02,0.03,prot.2035,-0.05,seq.19364.163,0.02,
PCNT_42886,OID42886,PCNT,O95613,3,0.00,73.83,58.10,-0.17,0.89,22.00,0.35,0.92,0.34,-7.68,6.95,0.01,1.00,FALSE,FALSE,0.04,0.04,0.04,prot.1559,,seq.35229.14,0.00,
PCOLCE_45393,OID45393,PCOLCE,Q15113,7,0.07,0.00,9.04,0.69,0.13,22.00,0.35,0.58,0.27,-1.66,3.40,0.00,1.00,FALSE,FALSE,0.73,0.73,0.74,prot.3593,0.86,seq.11237.49,0.90,
PCSK7_44080,OID44080,PCSK7,Q16549,4,0.00,5.71,18.06,0.11,0.26,22.00,-0.03,0.48,-0.08,-1.10,3.74,0.02,0.99,TRUE,FALSE,0.35,0.34,0.35,,,seq.4459.68,0.48,
PCSK9_45211,OID45211,PCSK9,Q8NBP7,6,1.11,3.66,14.28,0.02,0.19,21.00,-0.44,0.45,-0.43,-3.01,0.92,0.00,0.74,FALSE,FALSE,0.60,0.59,0.61,prot.4486,0.64,seq.8246.9,0.67,
PCYT1A_41596,OID41596,PCYT1A,P49585,2,0.14,74.29,65.39,-0.28,1.53,22.00,0.25,1.32,0.35,-6.57,8.35,0.00,0.99,FALSE,FALSE,0.03,0.02,0.03,prot.2738,-0.01,seq.23349.5,0.01,
PCYT2_44081,OID44081,PCYT2,Q99447,4,0.00,8.42,21.26,1.27,0.31,22.00,1.19,0.72,1.16,-1.87,5.05,0.00,1.00,FALSE,FALSE,0.32,0.32,0.33,prot.5103,0.22,,,
PDAP1_44835,OID44835,PDAP1,Q13442,5,0.07,46.59,33.30,2.24,0.50,22.00,2.52,0.80,2.51,-0.71,7.45,0.00,0.97,FALSE,FALSE,0.57,0.56,0.57,prot.3419,0.69,seq.19240.265,0.69,
PDCD1LG2_44083,OID44083,PDCD1LG2,Q9BQ51,4,0.00,0.07,13.94,-0.69,0.20,22.00,-0.06,0.37,-0.05,-1.39,3.00,0.00,1.00,TRUE,FALSE,0.39,0.39,0.40,,,seq.3004.67,0.47,
PDCD1_44082,OID44082,PDCD1,Q15116,4,0.00,11.55,8.30,-0.16,0.12,22.00,0.56,0.45,0.56,-0.82,2.97,0.00,0.99,TRUE,TRUE,0.26,0.26,0.27,,,seq.9227.15,0.12,
PDCD2_41598,OID41598,PDCD2,Q16342,2,0.14,87.11,38.56,-0.09,0.58,22.00,-0.84,1.55,-0.85,-8.00,5.79,0.00,1.00,FALSE,FALSE,0.03,0.02,0.03,,,seq.33372.46,0.02,
PDCD5_44836,OID44836,PDCD5,O14737,5,0.07,0.14,19.77,0.92,0.23,22.00,1.06,0.53,1.02,-0.72,4.30,0.00,1.00,TRUE,FALSE,0.63,0.63,0.64,prot.1110,0.20,seq.12517.52,0.79,
PDCD6_44837,OID44837,PDCD6,O75340,5,0.07,2.65,23.25,0.94,0.41,22.00,0.89,0.68,1.04,-4.99,2.34,0.00,0.28,TRUE,TRUE,0.42,0.42,0.43,prot.1392,0.25,seq.19488.1,0.36,
PDCL2_42887,OID42887,PDCL2,Q8N4E4,3,0.00,71.68,53.46,0.40,0.70,22.00,0.50,1.00,0.45,-3.32,6.05,0.02,0.60,FALSE,FALSE,0.06,0.06,0.06,,,seq.14192.31,0.02,
PDCL_41599,OID41599,PDCL,Q13371,2,0.14,87.04,44.75,0.21,0.65,22.00,0.70,0.88,0.64,-2.69,5.01,0.00,0.96,FALSE,FALSE,0.11,0.10,0.11,prot.7531,0.06,seq.20977.2,0.02,
PDC_41597,OID41597,PDC,P20941,2,0.14,67.04,74.62,-0.13,1.87,22.00,-0.46,2.79,0.09,-6.51,9.87,0.00,0.00,FALSE,FALSE,0.02,0.02,0.02,,,seq.34822.52,0.04,
PDE10A_42888,OID42888,PDE10A,Q9Y233,3,0.00,61.52,29.53,-2.71,0.43,22.00,-2.73,0.60,-2.77,-4.62,2.80,0.02,0.99,FALSE,FALSE,0.15,0.14,0.16,,,,,
PDE1A_41600,OID41600,PDE1A,P54750,2,0.14,88.22,29.62,-0.31,0.47,22.00,-0.36,0.72,-0.35,-3.33,3.67,0.00,0.99,FALSE,FALSE,0.05,0.05,0.05,,,seq.5253.1,0.06,
PDE1C_42889,OID42889,PDE1C,Q14123,3,0.00,52.54,60.98,-0.92,0.64,22.00,-0.56,0.76,-0.66,-2.68,5.52,0.03,0.81,FALSE,FALSE,0.09,0.09,0.10,,,,,
PDE2A_41601,OID41601,PDE2A,O00408,2,0.14,42.44,33.76,-0.07,0.46,22.00,0.61,0.82,0.55,-2.81,5.84,0.00,1.00,TRUE,FALSE,0.34,0.33,0.35,prot.1042,0.48,seq.5246.64,-0.01,
PDE4C_40495,OID40495,PDE4C,Q08493,1,0.00,65.27,39.63,0.00,0.41,22.00,0.28,0.77,0.13,-1.16,7.63,0.03,0.99,FALSE,FALSE,0.10,0.10,0.10,,,seq.20221.26,0.10,
PDE4DIP_41602,OID41602,PDE4DIP,Q5VU43,2,0.14,90.52,65.82,-0.99,1.36,22.00,-0.37,1.22,-0.28,-7.58,3.66,0.00,0.80,FALSE,FALSE,0.03,0.03,0.04,prot.3908,0.04,,,
PDE4D_42890,OID42890,PDE4D,Q08499,3,0.00,85.66,74.15,-0.82,1.04,22.00,-0.52,1.57,-0.49,-7.89,6.33,0.03,0.97,FALSE,FALSE,0.02,0.01,0.02,,,seq.5255.22,-0.02,
PDE5A_44838,OID44838,PDE5A,O76074,5,0.07,12.88,23.46,1.47,0.33,22.00,1.60,0.60,1.60,-0.78,4.86,0.00,1.00,TRUE,FALSE,0.56,0.56,0.57,prot.1475,0.54,seq.5256.86,0.62,
PDE6B_41603,OID41603,PDE6B,P35913,2,0.14,88.43,59.16,-0.01,0.71,22.00,0.16,0.73,0.17,-5.34,2.91,0.00,0.81,FALSE,FALSE,0.04,0.03,0.04,,,seq.32031.18,0.01,
PDGFA_45212,OID45212,PDGFA,P04085,6,1.11,2.67,13.20,1.43,0.21,21.00,1.38,0.76,1.40,-1.44,4.22,0.00,0.99,FALSE,FALSE,0.75,0.75,0.75,prot.1756,0.86,seq.4499.21,0.87,3
PDGFB_44839,OID44839,PDGFB,P01127,5,0.07,0.00,21.23,1.76,0.36,22.00,1.88,0.86,1.90,-2.43,4.94,0.00,1.00,FALSE,FALSE,0.72,0.72,0.73,prot.1657,0.60,seq.27310.2,0.87,3
PDGFC_42891,OID42891,PDGFC,Q9NRA1,3,0.00,36.95,21.42,0.38,0.31,22.00,0.83,0.44,0.84,-0.93,4.32,0.01,0.99,FALSE,FALSE,0.19,0.18,0.20,prot.5654,0.10,seq.13658.31,0.05,
PDGFD_44840,OID44840,PDGFD,Q9GZP0,5,0.07,0.49,17.97,-0.65,0.29,22.00,-0.20,0.90,-0.19,-4.48,3.25,0.00,0.45,TRUE,FALSE,0.66,0.66,0.67,prot.5378,0.68,seq.17140.57,0.85,
PDGFRA_44841,OID44841,PDGFRA,P16234,5,0.07,0.00,9.12,0.13,0.13,22.00,0.25,0.35,0.23,-1.86,1.93,0.00,0.99,TRUE,TRUE,0.51,0.50,0.52,,,seq.10366.11,0.53,
PDGFRB_45213,OID45213,PDGFRB,P09619,6,1.11,7.74,10.74,-0.37,0.16,21.00,0.40,0.43,0.46,-2.00,1.72,0.00,0.99,TRUE,FALSE,0.64,0.63,0.65,prot.1946,0.21,seq.3459.49,0.79,
PDIA2_42892,OID42892,PDIA2,Q13087,3,0.00,88.52,42.77,1.31,0.59,22.00,0.07,0.84,0.04,-3.84,5.66,0.01,0.83,FALSE,FALSE,0.05,0.04,0.05,prot.6599,-0.23,seq.27646.21,0.02,
PDIA3_44842,OID44842,PDIA3,P30101,5,0.07,58.57,21.46,0.52,0.31,22.00,0.41,0.51,0.40,-1.63,6.85,0.00,0.99,FALSE,FALSE,0.25,0.24,0.26,prot.2441,0.15,seq.4719.58,0.18,
PDIA4_45214,OID45214,PDIA4,P13667,6,1.11,1.97,14.93,0.86,0.22,21.00,1.25,0.52,1.25,-0.65,4.48,0.00,1.00,FALSE,FALSE,0.63,0.63,0.64,prot.2074,0.59,seq.20525.200,0.70,
PDIA5_42893,OID42893,PDIA5,Q14554,3,0.00,84.55,45.33,-0.30,0.79,22.00,0.24,0.99,0.29,-7.05,5.80,0.01,1.00,FALSE,FALSE,0.08,0.07,0.08,prot.3525,0.12,seq.5593.11,0.10,
PDLIM1_45215,OID45215,PDLIM1,O00151,6,1.11,6.90,22.66,2.04,0.35,21.00,2.18,0.74,2.16,-0.94,5.84,0.00,0.91,FALSE,FALSE,0.60,0.59,0.60,prot.1008,0.55,seq.11428.31,0.62,
PDLIM5_44084,OID44084,PDLIM5,Q96HC4,4,0.00,8.70,22.84,2.81,0.31,22.00,2.83,0.75,2.84,-0.98,6.45,0.00,0.95,FALSE,FALSE,0.59,0.59,0.59,prot.4945,0.64,seq.23703.8,0.63,
PDLIM7_44843,OID44843,PDLIM7,Q9NR12,5,0.07,0.70,23.12,2.14,0.36,22.00,2.59,0.85,2.61,-1.15,6.55,0.00,1.00,FALSE,FALSE,0.67,0.67,0.68,prot.5644,0.70,seq.31707.1,0.72,4
PDP1_42894,OID42894,PDP1,Q9P0J1,3,0.00,65.07,77.94,0.43,1.72,22.00,1.69,1.51,1.79,-5.94,6.88,0.02,1.00,FALSE,FALSE,0.22,0.21,0.22,prot.5841,0.25,seq.22005.8,-0.03,
PDRG1_42895,OID42895,PDRG1,Q9NUG6,3,0.00,69.10,78.53,-2.15,2.62,22.00,-1.29,2.14,-1.01,-8.13,6.07,0.07,0.00,FALSE,FALSE,0.04,0.04,0.04,,,seq.12593.33,0.06,
PDXDC1_42896,OID42896,PDXDC1,Q6P996,3,0.00,74.74,40.58,0.29,0.61,22.00,0.59,1.09,0.44,-1.71,8.49,0.04,0.99,FALSE,FALSE,0.07,0.07,0.08,prot.4012,0.08,,,
PDXDC2P_41604,OID41604,PDXDC2P,Q6P474,2,0.14,82.02,45.30,-0.50,0.67,22.00,-0.04,1.10,-0.15,-3.74,8.65,0.00,0.49,FALSE,FALSE,0.03,0.02,0.03,,,,,
PDZD11_40496,OID40496,PDZD11,Q5EBL8,1,0.00,91.58,87.20,-0.47,1.01,22.00,-0.30,1.57,-0.08,-7.82,4.32,0.04,0.96,FALSE,FALSE,0.01,0.01,0.01,,,seq.6219.14,-0.02,
PDZD2_42897,OID42897,PDZD2,O15018,3,0.00,52.47,33.46,1.08,0.47,22.00,1.38,0.93,1.39,-1.87,5.83,0.00,1.00,TRUE,FALSE,0.16,0.15,0.17,,,seq.29587.99,-0.05,
PDZD4_41605,OID41605,PDZD4,Q76G19,2,0.14,85.64,42.25,-0.02,0.65,22.00,0.11,0.64,0.09,-3.08,3.67,0.00,0.99,FALSE,FALSE,0.03,0.03,0.03,,,,,
PDZK1_44085,OID44085,PDZK1,Q5T2W1,4,0.00,9.95,14.72,0.33,0.21,22.00,0.08,0.68,0.01,-1.72,3.62,0.01,0.99,FALSE,FALSE,0.20,0.20,0.21,,,seq.16852.10,0.00,
PDZRN3_40497,OID40497,PDZRN3,Q9UPQ7,1,0.00,77.59,65.01,-5.16,1.58,22.00,-4.50,2.19,-4.50,-12.23,2.64,0.03,0.93,FALSE,FALSE,0.06,0.06,0.06,,,,,
PDZRN4_41606,OID41606,PDZRN4,Q6ZMN7,2,0.14,56.03,63.01,-2.58,1.44,22.00,-2.87,2.27,-2.45,-9.18,5.99,0.00,0.00,FALSE,FALSE,0.01,0.01,0.01,,,,,
PEAK1_41607,OID41607,PEAK1,Q9H792,2,0.14,77.84,58.14,-1.14,0.91,22.00,-0.55,1.29,-0.53,-8.16,5.28,0.00,0.36,FALSE,FALSE,0.04,0.03,0.04,,,,,
PEAR1_45216,OID45216,PEAR1,Q5VY43,6,1.11,21.89,10.20,0.11,0.14,21.00,0.32,0.31,0.33,-1.43,2.24,0.00,1.00,FALSE,FALSE,0.49,0.49,0.49,prot.3920,0.18,seq.8275.31,0.49,
PEBP1_45217,OID45217,PEBP1,P30086,6,1.11,5.77,10.17,0.97,0.14,21.00,1.37,0.51,1.33,-0.85,4.26,0.00,1.00,FALSE,FALSE,0.68,0.68,0.69,prot.2440,0.37,seq.4276.10,0.81,
PEBP4_42898,OID42898,PEBP4,Q96S96,3,0.00,12.60,9.12,0.19,0.14,22.00,0.00,1.54,0.39,-9.18,2.42,0.05,0.98,TRUE,TRUE,0.23,0.22,0.23,prot.5081,0.13,seq.34948.6,-0.01,
PECAM1_45218,OID45218,PECAM1,P16284,6,1.11,1.97,10.51,0.33,0.15,21.00,0.71,0.43,0.70,-0.85,2.82,0.00,0.99,FALSE,FALSE,0.46,0.46,0.47,prot.2141,0.33,seq.2695.25,0.09,
PECR_44086,OID44086,PECR,Q9BY49,4,0.00,80.51,16.63,1.21,0.24,22.00,0.93,0.52,0.95,-1.10,3.21,0.00,1.00,TRUE,TRUE,0.21,0.21,0.22,,,seq.17776.15,0.07,
PELI1_40498,OID40498,PELI1,Q96FA3,1,0.00,88.59,52.91,-0.38,0.78,22.00,-0.16,0.58,-0.13,-2.62,2.91,0.00,0.61,FALSE,FALSE,0.03,0.03,0.04,,,seq.22421.79,0.01,
PELO_42899,OID42899,PELO,Q9BRX2,3,0.00,16.28,21.78,2.17,0.32,22.00,2.70,0.76,2.67,-0.67,6.73,0.01,0.94,FALSE,FALSE,0.56,0.56,0.57,prot.5202,0.65,seq.12431.13,0.10,
PENK_44844,OID44844,PENK,P01210,5,0.07,25.91,13.52,-0.11,0.20,22.00,0.11,0.40,0.10,-1.08,2.98,0.00,0.99,FALSE,FALSE,0.42,0.42,0.43,prot.1661,0.13,seq.9076.25,0.43,
PEPD_45394,OID45394,PEPD,P12955,7,0.07,0.00,11.98,0.66,0.19,22.00,0.09,0.32,0.08,-0.89,1.10,0.00,0.99,FALSE,FALSE,0.38,0.37,0.38,prot.2058,0.22,,,
PER3_44087,OID44087,PER3,P56645,4,0.00,27.49,40.21,1.97,0.54,22.00,1.34,1.61,1.51,-6.80,6.29,0.01,0.99,TRUE,FALSE,0.34,0.33,0.34,,,,,
PEX19_40499,OID40499,PEX19,P40855,1,0.00,93.67,37.39,0.31,0.53,22.00,0.02,0.75,0.01,-3.54,5.41,0.01,0.76,FALSE,FALSE,0.02,0.02,0.03,prot.2600,-0.03,,,
PF4_45395,OID45395,PF4,P02776,7,0.07,2.51,18.83,1.12,0.29,22.00,1.15,0.79,1.10,-1.27,6.12,0.00,1.00,FALSE,FALSE,0.68,0.67,0.69,,,seq.2697.7,0.85,
PFDN2_44088,OID44088,PFDN2,Q9UHV9,4,0.00,30.97,27.70,-0.62,0.43,22.00,-0.02,0.73,-0.14,-1.95,5.78,0.03,0.99,FALSE,FALSE,0.18,0.18,0.19,prot.5960,0.21,seq.19243.2,0.25,
PFDN4_42900,OID42900,PFDN4,Q9NQP4,3,0.00,90.95,43.35,-1.00,0.72,22.00,-0.65,0.98,-0.64,-8.18,4.75,0.01,0.97,FALSE,FALSE,0.07,0.07,0.07,prot.5637,0.02,seq.20956.13,0.10,
PFDN6_42901,OID42901,PFDN6,O15212,3,0.00,87.96,83.89,-4.01,2.18,22.00,-2.61,2.04,-2.43,-9.35,7.05,0.06,0.01,FALSE,FALSE,0.04,0.04,0.04,prot.1168,0.00,seq.21284.47,0.04,
PFKFB1_40500,OID40500,PFKFB1,P16118,1,0.00,81.63,195.57,0.90,2.20,22.00,1.27,2.39,0.14,-3.35,10.67,0.29,0.00,FALSE,FALSE,0.04,0.04,0.04,,,seq.22141.59,0.02,
PFKFB2_44089,OID44089,PFKFB2,O60825,4,0.00,12.67,15.72,2.01,0.23,22.00,1.99,0.61,2.00,-2.44,4.66,0.01,1.00,TRUE,FALSE,0.42,0.41,0.43,prot.1341,0.26,seq.31227.3,0.31,
PFKFB4_40501,OID40501,PFKFB4,Q16877,1,0.00,89.56,68.84,-2.37,1.53,22.00,-1.74,2.10,-1.50,-8.91,7.15,0.06,0.28,FALSE,FALSE,0.02,0.02,0.02,prot.7081,-0.02,seq.25041.11,0.01,
PGA4_45396,OID45396,PGA4,P0DJD7,7,0.07,0.00,10.10,-0.25,0.15,22.00,-0.18,0.91,-0.25,-4.60,3.03,0.00,1.00,FALSE,FALSE,0.71,0.71,0.72,prot.1967,0.81,seq.22572.19,-0.01,
PGD_44845,OID44845,PGD,P52209,5,0.07,41.99,20.67,-0.41,0.34,22.00,-0.01,0.60,-0.02,-2.63,3.65,0.00,0.93,TRUE,TRUE,0.35,0.34,0.35,prot.2842,0.29,seq.4187.49,0.26,
PGF_44090,OID44090,PGF,P49763,4,0.00,5.64,9.11,0.41,0.13,22.00,0.56,0.39,0.53,-0.34,5.95,0.01,0.99,FALSE,FALSE,0.29,0.28,0.29,prot.7800,-0.07,seq.3078.1,0.14,
PGLYRP1_45219,OID45219,PGLYRP1,O75594,6,1.11,2.04,8.19,0.10,0.12,21.00,0.25,0.53,0.20,-1.95,3.41,0.00,0.99,TRUE,FALSE,0.63,0.63,0.64,prot.1428,0.40,seq.3329.14,0.68,
PGLYRP2_45481,OID45481,PGLYRP2,Q96PD5,8,0.84,5.19,9.49,0.41,0.14,22.00,0.47,0.37,0.52,-1.18,4.10,0.00,0.99,TRUE,TRUE,0.49,0.48,0.50,prot.5041,0.46,seq.5601.2,0.32,
PGLYRP3_44091,OID44091,PGLYRP3,Q96LB9,4,0.00,2.02,6.28,0.33,0.09,22.00,-0.01,0.57,-0.02,-1.70,2.43,0.00,0.99,TRUE,FALSE,0.38,0.36,0.38,,,seq.10561.5,0.18,
PGLYRP4_42902,OID42902,PGLYRP4,Q96LB8,3,0.00,54.14,66.41,-1.00,1.91,22.00,-0.85,1.88,-0.71,-8.27,7.21,0.04,0.69,TRUE,TRUE,0.09,0.08,0.09,prot.6777,-0.09,seq.19821.10,0.02,
PGM2_42903,OID42903,PGM2,Q96G03,3,0.00,81.70,48.61,-0.24,0.61,22.00,0.20,1.16,0.10,-6.43,8.91,0.02,0.99,FALSE,FALSE,0.05,0.05,0.05,prot.4927,0.06,seq.18330.7,0.05,
PGM3_41608,OID41608,PGM3,O95394,2,0.14,89.83,111.66,-1.30,2.63,22.00,-0.31,2.19,0.08,-7.03,5.63,0.00,0.00,FALSE,FALSE,0.00,0.00,0.00,,,seq.29813.150,-0.03,
PGR_42904,OID42904,PGR,P06401,3,0.00,80.45,129.68,-0.05,1.08,22.00,-0.19,1.05,-0.22,-8.10,6.23,0.02,0.99,FALSE,FALSE,0.03,0.03,0.03,prot.1830,0.00,seq.15693.9,0.03,
PHACTR1_41609,OID41609,PHACTR1,Q9C0D0,2,0.14,75.75,73.23,-1.79,2.06,22.00,-0.67,1.69,-0.39,-7.41,4.06,0.00,0.54,FALSE,FALSE,0.03,0.03,0.03,,,,,
PHACTR2_44092,OID44092,PHACTR2,O75167,4,0.00,9.67,20.85,1.23,0.29,22.00,2.19,0.80,2.19,-1.22,6.38,0.01,1.00,TRUE,FALSE,0.34,0.34,0.35,,,seq.33229.13,0.15,
PHC2_41610,OID41610,PHC2,Q8IXK0,2,0.14,88.50,29.89,-0.09,0.46,22.00,0.08,0.79,0.09,-3.28,4.95,0.00,0.99,FALSE,FALSE,0.03,0.03,0.03,,,,,
PHF12_41611,OID41611,PHF12,Q96QT6,2,0.14,88.43,108.30,-1.47,2.34,22.00,-0.58,2.16,-0.16,-7.14,8.73,0.00,0.00,FALSE,FALSE,0.02,0.02,0.02,,,,,
PHF20L1_41612,OID41612,PHF20L1,A8MW92,2,0.14,75.54,30.48,-0.80,0.73,22.00,-0.74,0.90,-0.73,-4.37,6.69,0.00,1.00,FALSE,FALSE,0.04,0.04,0.04,,,,,
PHF20_42905,OID42905,PHF20,Q9BVI0,3,0.00,43.63,28.29,-0.96,0.49,22.00,-0.45,0.83,-0.57,-2.86,5.85,0.03,0.97,FALSE,FALSE,0.06,0.06,0.06,,,seq.32142.44,0.01,
PHF21B_41613,OID41613,PHF21B,Q96EK2,2,0.14,78.26,37.59,-0.44,0.45,22.00,0.01,0.72,-0.02,-2.29,3.83,0.00,0.99,FALSE,FALSE,0.02,0.02,0.02,,,,,
PHF24_41614,OID41614,PHF24,Q9UPV7,2,0.14,60.98,97.17,-0.66,2.21,22.00,-1.07,2.60,-0.47,-6.95,7.03,0.00,0.00,FALSE,FALSE,-0.01,-0.02,-0.01,,,seq.28515.30,-0.07,
PHLDA3_41615,OID41615,PHLDA3,Q9Y5J5,2,0.14,36.31,25.51,-8.78,0.37,22.00,-8.44,1.20,-8.70,-11.03,-0.87,0.00,0.91,FALSE,FALSE,0.14,0.14,0.15,,,,,
PHLDB1_44093,OID44093,PHLDB1,Q86UU1,4,0.00,0.00,7.98,0.86,0.11,22.00,0.78,0.43,0.77,-0.42,3.56,0.01,1.00,FALSE,FALSE,0.32,0.30,0.32,prot.6687,0.20,seq.32103.12,0.15,
PHLDB2_42906,OID42906,PHLDB2,Q86SQ0,3,0.00,66.46,61.04,-3.49,1.67,22.00,-1.47,2.11,-1.60,-9.24,10.51,0.02,0.86,FALSE,FALSE,0.08,0.08,0.09,,,,,
PHLDB3_40502,OID40502,PHLDB3,Q6NSJ2,1,0.00,29.09,110.45,-4.58,2.61,22.00,-2.23,2.81,-1.96,-9.18,5.37,0.00,0.00,FALSE,FALSE,0.10,0.09,0.10,,,,,
PHOSPHO1_44094,OID44094,PHOSPHO1,Q8TCT1,4,0.00,23.52,11.66,0.42,0.17,22.00,0.14,0.42,0.13,-3.17,2.81,0.01,0.38,FALSE,FALSE,0.19,0.19,0.21,prot.4595,-0.04,seq.20428.5,0.04,
PHOX2A_41616,OID41616,PHOX2A,O14813,2,0.14,85.51,28.24,-0.12,0.43,22.00,0.13,0.81,0.08,-4.21,4.59,0.00,0.99,FALSE,FALSE,0.02,0.02,0.03,,,,,
PHYKPL_44846,OID44846,PHYKPL,Q8IUZ5,5,0.07,16.30,13.27,0.83,0.20,22.00,0.50,0.42,0.48,-1.12,2.53,0.00,0.99,FALSE,FALSE,0.28,0.28,0.29,prot.4311,0.03,seq.23604.44,0.09,
PI16_45397,OID45397,PI16,Q6UXB8,7,0.07,0.00,16.94,0.34,0.30,22.00,0.40,0.41,0.43,-1.89,1.68,0.00,1.00,TRUE,TRUE,0.64,0.63,0.65,prot.4061,0.27,seq.34708.62,0.84,
PI3_45220,OID45220,PI3,P19957,6,1.11,11.26,20.49,-0.50,0.26,21.00,-0.28,0.62,-0.31,-3.29,2.87,0.00,1.00,TRUE,TRUE,0.69,0.69,0.70,prot.7345,0.25,seq.4982.54,0.87,
PIBF1_44095,OID44095,PIBF1,Q8WXW3,4,0.00,27.00,16.49,0.64,0.24,22.00,1.43,0.72,1.41,-1.19,6.37,0.01,1.00,FALSE,FALSE,0.20,0.19,0.21,,,seq.29125.80,-0.07,
PIGR_45221,OID45221,PIGR,P01833,6,1.11,10.06,9.88,-0.43,0.14,21.00,-0.11,0.50,-0.14,-1.76,1.83,0.00,1.00,TRUE,TRUE,0.57,0.57,0.58,prot.1693,0.49,seq.3216.2,0.61,
PIK3AP1_44096,OID44096,PIK3AP1,Q6ZUJ8,4,0.00,9.32,34.30,0.72,0.34,22.00,1.22,0.69,1.17,-0.64,5.10,0.01,0.99,FALSE,FALSE,0.31,0.30,0.31,prot.4103,0.23,seq.21957.12,0.01,
PIK3CD_40503,OID40503,PIK3CD,O00329,1,0.00,80.17,54.46,-0.09,0.77,22.00,-0.01,0.83,-0.02,-4.81,4.82,0.01,0.99,FALSE,FALSE,0.03,0.02,0.03,,,seq.34491.3,-0.02,
PIK3IP1_45222,OID45222,PIK3IP1,Q96FE7,6,1.11,8.09,8.53,0.33,0.12,21.00,0.46,0.38,0.43,-1.00,3.21,0.00,0.98,TRUE,TRUE,0.31,0.31,0.32,prot.4918,0.07,seq.20553.2,-0.01,
PIKFYVE_42907,OID42907,PIKFYVE,Q9Y2I7,3,0.00,60.33,61.78,2.14,0.79,22.00,2.23,0.90,2.22,-1.83,6.86,0.00,0.98,FALSE,FALSE,0.25,0.24,0.25,prot.6136,0.21,seq.28332.16,0.01,
PILRA_45223,OID45223,PILRA,Q9UKJ1,6,1.11,7.67,9.42,0.15,0.13,21.00,0.17,0.52,0.19,-2.13,1.97,0.00,0.99,TRUE,TRUE,0.28,0.27,0.29,,,seq.8825.4,-0.09,12
PILRB_44847,OID44847,PILRB,Q9UKJ0,5,0.07,0.07,7.15,0.31,0.10,22.00,0.20,0.61,0.26,-2.07,2.12,0.00,0.99,TRUE,TRUE,0.33,0.32,0.34,,,seq.26330.37,0.08,12
PIN4_42908,OID42908,PIN4,Q9Y237,3,0.00,33.05,23.78,-0.96,0.34,22.00,-0.16,1.50,-0.42,-4.44,9.86,0.03,0.31,FALSE,FALSE,0.18,0.18,0.19,prot.6103,0.14,seq.12718.43,0.15,
PINLYP_44848,OID44848,PINLYP,A6NC86,5,0.07,36.14,19.15,0.31,0.27,22.00,0.20,0.71,0.27,-2.55,3.09,0.00,0.99,TRUE,FALSE,0.40,0.39,0.41,,,,,
PITHD1_42909,OID42909,PITHD1,Q9GZP4,3,0.00,78.15,32.47,-0.67,0.45,22.00,-0.24,0.93,-0.34,-3.50,6.52,0.02,0.99,FALSE,FALSE,0.01,0.01,0.01,prot.5379,-0.04,seq.32973.12,-0.07,
PIWIL3_40504,OID40504,PIWIL3,Q7Z3Z3,1,0.00,85.11,67.37,-0.46,1.21,22.00,-0.17,1.29,-0.07,-7.48,5.64,0.02,0.99,FALSE,FALSE,0.00,0.00,0.01,,,seq.32097.11,-0.02,
PIWIL4_41617,OID41617,PIWIL4,Q7Z3Z4,2,0.14,69.83,150.42,-2.81,2.11,22.00,-2.21,2.92,-1.57,-7.45,9.99,0.00,0.00,FALSE,FALSE,-0.02,-0.02,-0.01,prot.7616,-0.07,,,
PJA1_41618,OID41618,PJA1,Q8NG27,2,0.14,71.22,78.29,-2.18,1.75,22.00,-1.11,2.26,-0.79,-7.78,6.26,0.00,0.00,FALSE,FALSE,0.02,0.02,0.02,,,,,
PJA2_42910,OID42910,PJA2,O43164,3,0.00,73.56,23.93,0.36,0.33,22.00,0.55,0.45,0.55,-1.10,3.73,0.01,0.90,FALSE,FALSE,0.15,0.15,0.15,,,,,
PKD1_44849,OID44849,PKD1,P98161,5,0.07,8.91,12.10,0.63,0.17,22.00,0.36,0.35,0.36,-1.00,1.69,0.00,0.94,FALSE,FALSE,0.21,0.20,0.22,,,seq.32993.33,-0.10,
PKD2L1_40505,OID40505,PKD2L1,Q9P0L9,1,0.00,88.24,59.41,-0.83,1.65,22.00,-0.01,1.26,0.04,-7.30,5.77,0.01,1.00,FALSE,FALSE,0.04,0.04,0.05,,,,,
PKD2_44097,OID44097,PKD2,Q13563,4,0.00,0.00,17.91,0.65,0.27,22.00,1.73,0.71,1.75,-0.85,6.06,0.00,1.00,FALSE,FALSE,0.36,0.35,0.37,prot.6608,0.34,seq.13486.9,0.06,
PKLR_44850,OID44850,PKLR,P30613,5,0.07,5.15,49.79,1.87,0.42,22.00,1.96,0.83,1.87,0.00,6.00,0.00,0.99,FALSE,FALSE,0.70,0.69,0.71,prot.2454,0.40,seq.11203.97,0.84,5
PKN3_42911,OID42911,PKN3,Q6P5Z2,3,0.00,73.00,52.35,-3.13,0.75,22.00,-2.78,1.15,-2.83,-11.08,3.72,0.01,0.99,FALSE,FALSE,0.09,0.08,0.09,,,seq.33869.50,0.06,
PLA2G10_44098,OID44098,PLA2G10,O15496,4,0.00,0.00,11.74,0.17,0.17,22.00,-0.12,0.69,-0.09,-4.04,2.13,0.00,0.96,FALSE,FALSE,0.30,0.29,0.32,,,seq.2949.6,0.05,
PLA2G12A_44851,OID44851,PLA2G12A,Q9BZM1,5,0.07,0.00,10.97,1.43,0.16,22.00,1.57,0.49,1.57,-0.19,6.14,0.00,0.93,FALSE,FALSE,0.59,0.59,0.60,prot.5354,0.35,seq.21563.3,0.70,
PLA2G15_44852,OID44852,PLA2G15,Q8NCC3,5,0.07,5.01,8.97,0.69,0.13,22.00,0.29,0.33,0.28,-1.87,2.16,0.00,0.85,TRUE,TRUE,0.58,0.58,0.58,prot.4496,0.12,seq.29614.45,0.58,
PLA2G1B_45224,OID45224,PLA2G1B,P04054,6,1.11,7.25,8.84,0.56,0.12,21.00,0.39,0.50,0.39,-1.61,4.70,0.00,0.99,FALSE,FALSE,0.55,0.54,0.56,prot.7912,-0.04,seq.4910.21,0.45,
PLA2G2A_45225,OID45225,PLA2G2A,P14555,6,1.11,24.28,21.62,-1.11,0.28,21.00,-0.91,0.80,-1.00,-3.40,4.05,0.00,1.00,TRUE,FALSE,0.69,0.68,0.70,prot.252,0.89,seq.2692.74,0.83,
PLA2G2D_42912,OID42912,PLA2G2D,Q9UNK4,3,0.00,65.90,36.28,-0.31,0.51,22.00,0.24,0.91,0.08,-1.97,8.37,0.03,1.00,FALSE,FALSE,0.05,0.05,0.06,prot.7191,0.02,seq.16298.84,0.00,
PLA2G4A_44853,OID44853,PLA2G4A,P47712,5,0.07,0.07,14.99,2.62,0.22,22.00,3.00,0.60,3.01,-0.26,6.85,0.00,0.99,FALSE,FALSE,0.66,0.65,0.66,prot.2678,0.67,seq.21430.4,0.71,4
PLA2G4D_40506,OID40506,PLA2G4D,Q86XP0,1,0.00,80.45,32.89,0.09,0.56,22.00,-0.04,0.48,-0.03,-2.93,4.01,0.00,1.00,FALSE,FALSE,0.02,0.02,0.02,prot.7673,-0.08,,,
PLA2G7_45226,OID45226,PLA2G7,Q13093,6,1.11,3.45,11.49,-0.42,0.18,21.00,0.12,0.51,0.16,-4.75,1.74,0.00,0.99,FALSE,FALSE,0.63,0.63,0.63,prot.3370,0.63,seq.5015.15,0.69,
PLAAT3_40507,OID40507,PLAAT3,P53816,1,0.00,90.54,60.31,-2.66,1.53,22.00,-2.63,2.15,-2.13,-9.22,2.72,0.10,0.00,FALSE,FALSE,0.04,0.03,0.05,,,seq.7865.126,0.01,
PLAAT5_42913,OID42913,PLAAT5,Q96KN8,3,0.00,83.37,90.87,-0.38,1.77,22.00,0.49,1.49,0.53,-7.62,9.04,0.02,0.99,FALSE,FALSE,0.04,0.04,0.05,,,,,
PLAUR_44854,OID44854,PLAUR,Q03405,5,0.07,0.00,11.18,-0.09,0.15,22.00,0.28,0.34,0.25,-1.02,1.93,0.00,0.95,FALSE,FALSE,0.57,0.57,0.58,prot.6587,0.04,seq.2652.15,0.63,
PLAU_45227,OID45227,PLAU,P00749,6,1.11,7.53,12.17,0.41,0.18,21.00,0.52,0.33,0.53,-1.27,1.82,0.00,0.99,FALSE,FALSE,0.55,0.54,0.56,,,seq.4158.54,0.52,
PLB1_44099,OID44099,PLB1,Q6P1J6,4,0.00,18.44,9.07,0.63,0.13,22.00,0.08,0.88,0.17,-6.09,2.40,0.01,0.88,TRUE,TRUE,0.16,0.16,0.16,prot.7739,-0.11,,,
PLCB1_42914,OID42914,PLCB1,Q9NQ66,3,0.00,84.41,30.04,-1.06,0.44,22.00,-1.06,0.89,-1.08,-8.53,3.98,0.01,1.00,FALSE,FALSE,0.04,0.03,0.04,,,seq.11354.21,0.00,
PLCB2_44100,OID44100,PLCB2,Q00722,4,0.00,27.42,25.25,2.80,0.40,22.00,3.21,0.95,3.23,-2.55,8.20,0.01,1.00,FALSE,FALSE,0.60,0.60,0.61,prot.3182,0.75,,,
PLCD1_41619,OID41619,PLCD1,P51178,2,0.14,81.53,37.86,-0.25,0.55,22.00,0.16,0.83,0.05,-2.18,5.89,0.00,1.00,FALSE,FALSE,0.04,0.03,0.04,prot.2808,0.02,seq.24909.40,-0.01,
PLCD4_41620,OID41620,PLCD4,Q9BRC7,2,0.14,60.70,47.75,-1.26,0.85,22.00,-0.57,1.36,-0.73,-8.43,6.16,0.00,0.99,FALSE,FALSE,0.02,0.02,0.02,,,seq.29988.105,0.00,
PLCG1_41621,OID41621,PLCG1,P19174,2,0.14,53.45,39.06,0.69,0.54,22.00,0.85,0.83,0.85,-2.84,3.97,0.00,0.99,TRUE,TRUE,0.24,0.24,0.25,prot.2197,0.20,seq.4563.61,0.10,
PLCH1_41622,OID41622,PLCH1,Q4KWH8,2,0.14,63.28,250.73,-2.35,2.94,22.00,-1.18,3.12,-0.53,-6.31,9.60,0.00,0.00,FALSE,FALSE,-0.01,-0.01,-0.01,prot.7738,-0.05,seq.35196.136,-0.05,
PLCL1_41623,OID41623,PLCL1,Q15111,2,0.14,76.17,30.62,-2.26,0.47,22.00,-2.15,0.92,-2.23,-5.89,3.46,0.00,1.00,FALSE,FALSE,0.01,0.01,0.01,,,seq.35154.50,-0.05,
PLEKHA4_41624,OID41624,PLEKHA4,Q9H4M7,2,0.14,72.96,32.61,-1.66,0.47,22.00,-1.78,1.23,-1.97,-6.63,5.63,0.00,0.99,FALSE,FALSE,0.02,0.02,0.02,prot.5486,-0.05,seq.10939.16,-0.02,
PLEKHA8P1_40508,OID40508,PLEKHA8P1,O95397,1,0.00,75.37,112.71,3.43,3.35,22.00,1.88,3.60,0.94,-6.25,10.82,0.00,0.00,FALSE,FALSE,0.04,0.04,0.04,,,,,
PLEKHD1_41625,OID41625,PLEKHD1,A6NEE1,2,0.14,68.57,34.36,-5.82,0.53,22.00,-4.98,1.15,-5.17,-10.41,0.44,0.00,1.00,TRUE,FALSE,0.12,0.12,0.13,,,,,
PLEKHF1_41626,OID41626,PLEKHF1,Q96S99,2,0.14,69.34,45.29,1.08,0.67,22.00,0.03,1.25,0.06,-7.48,7.00,0.00,0.96,FALSE,FALSE,0.03,0.02,0.03,prot.5083,0.02,seq.29246.7,0.01,
PLEKHG1_42915,OID42915,PLEKHG1,Q9ULL1,3,0.00,69.24,36.88,-0.99,0.52,22.00,0.01,1.28,-0.21,-3.03,7.40,0.02,0.99,FALSE,FALSE,0.04,0.04,0.05,,,,,
PLEKHG2_41627,OID41627,PLEKHG2,Q9H7P9,2,0.14,88.36,63.33,-1.74,1.06,22.00,-1.07,1.51,-1.06,-8.18,8.08,0.00,1.00,FALSE,FALSE,0.02,0.01,0.02,,,,,
PLEKHG3_40509,OID40509,PLEKHG3,A1L390,1,0.00,87.40,68.54,-0.01,1.80,22.00,0.60,1.44,0.74,-7.67,4.38,0.02,0.99,FALSE,FALSE,0.06,0.05,0.06,,,,,
PLEKHG4B_40510,OID40510,PLEKHG4B,Q96PX9,1,0.00,93.46,50.31,-0.41,0.83,22.00,-0.30,1.34,-0.10,-7.55,4.42,0.03,1.00,FALSE,FALSE,0.04,0.03,0.04,,,,,
PLEKHG5_41628,OID41628,PLEKHG5,O94827,2,0.14,78.33,26.72,0.30,0.38,22.00,0.01,0.56,-0.03,-1.94,2.85,0.00,0.93,FALSE,FALSE,0.05,0.05,0.05,,,,,
PLEKHH1_41629,OID41629,PLEKHH1,Q9ULM0,2,0.14,83.83,34.50,0.35,0.51,22.00,0.00,0.94,0.01,-7.09,6.72,0.00,1.00,FALSE,FALSE,0.03,0.03,0.03,,,,,
PLEKHH2_41630,OID41630,PLEKHH2,Q8IVE3,2,0.14,63.48,39.18,0.56,0.54,22.00,0.66,1.15,0.52,-6.85,8.25,0.00,0.99,FALSE,FALSE,0.09,0.08,0.10,,,,,
PLEKHO1_44101,OID44101,PLEKHO1,Q53GL0,4,0.00,20.04,31.07,3.18,0.45,22.00,3.44,0.76,3.43,0.24,6.81,0.01,0.99,FALSE,FALSE,0.56,0.56,0.56,prot.3782,0.57,seq.33534.32,0.60,
PLEKHS1_40511,OID40511,PLEKHS1,Q5SXH7,1,0.00,87.06,55.03,-0.51,0.94,22.00,-0.06,0.92,-0.07,-6.34,6.78,0.02,1.00,FALSE,FALSE,0.02,0.02,0.02,,,seq.33695.77,0.02,
PLG_45482,OID45482,PLG,P00747,8,0.84,0.00,7.41,0.47,0.11,22.00,0.26,0.24,0.25,-0.58,4.01,0.00,0.99,FALSE,FALSE,0.49,0.49,0.50,prot.1635,0.33,seq.4151.6,0.46,
PLIN1_42916,OID42916,PLIN1,O60240,3,0.00,25.26,19.92,-0.01,0.29,22.00,0.29,0.55,0.27,-1.35,2.97,0.00,0.95,FALSE,FALSE,0.35,0.34,0.35,prot.1294,0.57,seq.28589.4,0.01,
PLIN3_44855,OID44855,PLIN3,O60664,5,0.07,0.00,9.76,0.78,0.14,22.00,0.77,0.34,0.75,-0.43,3.10,0.00,1.00,FALSE,FALSE,0.44,0.44,0.44,prot.1326,0.39,seq.14687.6,0.14,
PLK2_41631,OID41631,PLK2,Q9NYY3,2,0.14,66.97,164.56,2.12,2.66,22.00,1.41,3.62,1.14,-5.07,11.91,0.00,0.00,FALSE,FALSE,0.09,0.08,0.09,,,,,
PLK5_40512,OID40512,PLK5,Q496M5,1,0.00,92.55,31.37,-0.18,0.56,22.00,-0.03,0.53,-0.05,-3.03,5.74,0.02,0.74,FALSE,FALSE,0.03,0.03,0.03,,,,,
PLOD3_41632,OID41632,PLOD3,O60568,2,0.14,83.97,61.55,-2.33,1.59,22.00,-1.98,1.31,-1.98,-9.42,3.64,0.00,1.00,FALSE,FALSE,0.06,0.05,0.06,prot.1321,0.04,seq.10612.18,0.04,
PLP1_40513,OID40513,PLP1,P60201,1,0.00,89.91,45.42,-0.05,0.63,22.00,0.08,0.63,0.09,-3.39,4.16,0.01,1.00,FALSE,FALSE,0.07,0.07,0.07,,,,,
PLPBP_44856,OID44856,PLPBP,O94903,5,0.07,0.00,13.15,1.82,0.18,22.00,2.12,0.53,2.10,0.19,5.68,0.00,0.99,FALSE,FALSE,0.65,0.65,0.66,prot.1493,0.47,seq.20439.14,0.79,4
PLRG1_41633,OID41633,PLRG1,O43660,2,0.14,69.41,30.53,-0.35,0.40,22.00,-0.05,0.67,-0.12,-2.96,4.05,0.00,0.99,FALSE,FALSE,0.06,0.06,0.06,,,,,
PLS3_41634,OID41634,PLS3,P13797,2,0.14,80.49,46.70,-0.57,1.57,22.00,-0.11,1.12,-0.01,-7.24,6.92,0.00,0.93,FALSE,FALSE,0.03,0.03,0.03,prot.2082,0.01,seq.25960.15,-0.01,
PLSCR3_44102,OID44102,PLSCR3,Q9NRY6,4,0.00,43.08,44.07,1.36,0.63,22.00,1.35,0.88,1.36,-6.52,4.36,0.00,1.00,FALSE,FALSE,0.30,0.30,0.30,prot.5685,0.26,seq.11407.57,-0.05,
PLTP_45228,OID45228,PLTP,P55058,6,1.11,2.25,9.39,0.69,0.14,21.00,0.28,0.51,0.32,-2.61,1.56,0.00,0.84,TRUE,FALSE,0.48,0.48,0.49,prot.2914,0.28,seq.15475.4,0.32,
PLXDC1_42917,OID42917,PLXDC1,Q8IUK5,3,0.00,22.41,17.63,1.09,0.25,22.00,1.11,0.41,1.10,-0.42,6.84,0.01,1.00,TRUE,FALSE,0.23,0.22,0.24,prot.4305,0.08,seq.9235.3,-0.16,
PLXDC2_44103,OID44103,PLXDC2,Q6UX71,4,0.00,15.45,13.19,0.60,0.17,22.00,0.87,0.43,0.85,-0.74,4.74,0.00,0.99,FALSE,FALSE,0.34,0.33,0.34,prot.4058,0.25,seq.10576.7,0.30,
PLXNA2_41635,OID41635,PLXNA2,O75051,2,0.14,81.67,56.98,-0.89,1.02,22.00,-0.49,1.37,-0.58,-8.16,8.27,0.00,0.99,FALSE,FALSE,0.02,0.02,0.02,,,seq.34143.223,0.00,
PLXNA4_44104,OID44104,PLXNA4,Q9HCM2,4,0.00,0.00,12.40,3.06,0.18,22.00,3.04,0.66,3.06,-0.58,6.31,0.01,0.87,FALSE,FALSE,0.58,0.58,0.59,prot.5577,0.75,seq.19560.23,0.51,
PLXNB2_45229,OID45229,PLXNB2,O15031,6,1.11,1.97,7.32,0.34,0.11,21.00,0.34,0.42,0.34,-1.67,2.03,0.00,0.99,TRUE,TRUE,0.54,0.54,0.55,prot.1144,0.07,seq.9216.100,0.60,
PLXNB3_44857,OID44857,PLXNB3,Q9ULL4,5,0.07,0.07,10.90,0.26,0.15,22.00,0.53,0.36,0.53,-1.06,2.89,0.00,1.00,TRUE,FALSE,0.49,0.49,0.50,prot.6036,0.51,seq.16922.53,0.10,
PM20D1_44858,OID44858,PM20D1,Q6GTS8,5,0.07,24.79,17.11,0.48,0.23,22.00,-0.39,2.45,0.52,-6.01,3.05,0.00,0.00,TRUE,FALSE,0.66,0.64,0.68,prot.7276,0.22,seq.29589.6,0.91,
PMCH_44105,OID44105,PMCH,P20382,4,0.00,33.96,14.84,-2.35,0.20,22.00,-1.56,1.25,-1.93,-3.17,8.76,0.08,0.84,FALSE,FALSE,0.27,0.27,0.28,,,,,
PMFBP1_40514,OID40514,PMFBP1,Q8TBY8,1,0.00,82.95,36.36,-2.34,0.63,22.00,-2.43,1.42,-2.38,-9.85,5.08,0.03,0.97,FALSE,FALSE,0.01,0.01,0.01,,,seq.34432.1,0.00,
PMM2_42918,OID42918,PMM2,O15305,3,0.00,28.67,45.91,1.95,0.59,22.00,2.21,0.86,2.22,-1.51,6.19,0.00,0.94,FALSE,FALSE,0.48,0.48,0.49,prot.1182,0.51,seq.17794.6,0.50,
PMS1_42919,OID42919,PMS1,P54277,3,0.00,91.09,123.43,-1.59,2.48,22.00,-0.44,2.03,-0.09,-7.38,4.29,0.06,0.30,FALSE,FALSE,0.02,0.02,0.03,,,,,
PMS2P3_40515,OID40515,PMS2P3,Q13401,1,0.00,81.21,30.75,-0.17,0.46,22.00,0.04,0.70,0.00,-1.91,6.49,0.01,1.00,FALSE,FALSE,0.04,0.03,0.04,,,,,
PMVK_42920,OID42920,PMVK,Q15126,3,0.00,0.90,17.99,4.77,0.25,22.00,5.09,1.01,5.17,-0.47,7.95,0.01,0.81,TRUE,TRUE,0.63,0.63,0.64,prot.3600,0.79,seq.12450.42,0.82,
PNKP_42921,OID42921,PNKP,Q96T60,3,0.00,68.48,123.02,-3.49,2.74,22.00,-0.70,2.62,-0.23,-7.17,9.23,0.02,0.00,FALSE,FALSE,0.04,0.04,0.04,prot.6440,0.03,seq.13657.2,0.04,
PNLIPRP1_44106,OID44106,PNLIPRP1,P54315,4,0.00,0.00,8.02,0.02,0.12,22.00,0.02,0.87,-0.03,-4.03,3.47,0.00,1.00,FALSE,FALSE,0.69,0.68,0.70,prot.2888,0.87,seq.6627.25,0.93,
PNLIPRP2_44859,OID44859,PNLIPRP2,P54317,5,0.07,29.81,10.09,0.39,0.14,22.00,-3.73,4.29,-1.15,-11.85,2.55,0.00,0.00,TRUE,TRUE,0.73,0.72,0.74,prot.6562,0.22,seq.6957.14,0.92,
PNLIP_45398,OID45398,PNLIP,P16233,7,0.07,5.78,11.97,0.68,0.17,22.00,0.23,0.71,0.20,-1.82,4.52,0.00,0.77,FALSE,FALSE,0.74,0.73,0.74,prot.2140,0.79,seq.15613.16,0.90,
PNMA1_42922,OID42922,PNMA1,Q8ND90,3,0.00,65.90,151.24,3.23,1.38,22.00,2.18,1.81,2.22,-6.48,9.52,0.01,0.96,FALSE,FALSE,0.15,0.15,0.15,prot.6725,0.08,,,
PNMA2_42923,OID42923,PNMA2,Q9UL42,3,0.00,84.27,32.60,0.79,0.56,22.00,0.22,0.82,0.16,-2.23,6.51,0.01,0.99,FALSE,FALSE,0.03,0.03,0.03,,,seq.23411.108,-0.02,
PNMA5_40516,OID40516,PNMA5,Q96PV4,1,0.00,62.49,291.24,-2.57,2.90,22.00,0.32,3.74,0.34,-6.55,9.99,0.00,0.00,FALSE,FALSE,0.01,0.01,0.01,,,seq.33839.47,0.02,
PNMA8A_41636,OID41636,PNMA8A,Q86V59,2,0.14,30.66,46.45,-1.77,0.63,22.00,-0.54,1.21,-0.75,-3.54,6.30,0.00,0.90,FALSE,FALSE,0.13,0.11,0.14,,,,,
PNPLA1_40517,OID40517,PNPLA1,Q8N8W4,1,0.00,89.07,40.95,2.35,0.54,22.00,0.00,1.51,-0.02,-8.13,6.64,0.02,1.00,FALSE,FALSE,0.04,0.03,0.04,,,,,
PNPT1_42924,OID42924,PNPT1,Q8TCS8,3,0.00,68.96,44.37,1.31,0.61,22.00,1.13,0.99,1.04,-2.48,6.99,0.01,1.00,FALSE,FALSE,0.21,0.21,0.21,prot.4594,0.19,seq.21378.7,0.22,
PNP_44860,OID44860,PNP,P00491,5,0.07,7.45,31.32,2.57,0.37,22.00,2.96,1.27,2.99,-6.16,9.27,0.00,1.00,TRUE,TRUE,0.67,0.66,0.67,prot.1623,0.38,seq.15435.4,0.78,
POC1B_41637,OID41637,POC1B,Q8TC44,2,0.14,63.83,25.29,2.00,0.37,22.00,1.04,0.84,0.97,-2.35,4.86,0.00,0.73,FALSE,FALSE,0.22,0.21,0.22,prot.4585,0.14,,,
PODXL2_44861,OID44861,PODXL2,Q9NZ53,5,0.07,0.00,10.36,-0.50,0.15,22.00,0.38,0.35,0.37,-0.83,1.91,0.00,0.99,FALSE,FALSE,0.43,0.42,0.43,prot.6869,0.36,seq.10616.67,0.07,
PODXL_44107,OID44107,PODXL,O00592,4,0.00,3.62,8.64,0.07,0.12,22.00,0.15,0.17,0.15,-0.63,0.81,0.00,0.99,TRUE,TRUE,0.26,0.26,0.27,prot.1069,0.07,seq.26124.7,0.13,
POF1B_44108,OID44108,POF1B,Q8WVV4,4,0.00,17.95,19.24,0.21,0.28,22.00,0.46,0.61,0.40,-1.11,4.63,0.01,0.99,FALSE,FALSE,0.09,0.08,0.10,prot.4667,-0.09,,,
POGLUT1_41638,OID41638,POGLUT1,Q8NBL1,2,0.14,77.07,72.25,0.45,0.74,22.00,0.66,1.00,0.61,-4.33,6.31,0.00,1.00,FALSE,FALSE,0.12,0.11,0.12,prot.4481,0.10,seq.6467.65,0.13,
POLB_41639,OID41639,POLB,P06746,2,0.14,89.48,46.63,-0.50,0.64,22.00,-0.12,1.03,-0.11,-7.84,7.82,0.00,1.00,FALSE,FALSE,0.04,0.04,0.05,,,seq.21210.33,0.03,
POLD3_41640,OID41640,POLD3,Q15054,2,0.14,80.84,279.01,-1.74,2.79,22.00,-0.85,2.77,-0.42,-6.75,7.24,0.00,0.00,FALSE,FALSE,-0.01,-0.01,0.00,,,seq.34900.26,-0.04,
POLD4_41641,OID41641,POLD4,Q9HCU8,2,0.14,94.70,20.73,0.59,0.30,22.00,0.52,0.67,0.45,-1.19,5.35,0.00,0.96,FALSE,FALSE,0.09,0.08,0.10,,,seq.19159.9,0.00,
POLDIP3_41642,OID41642,POLDIP3,Q9BY77,2,0.14,77.42,248.99,-1.98,2.93,22.00,-0.69,2.76,-0.17,-6.50,10.22,0.00,0.00,FALSE,FALSE,-0.02,-0.03,-0.02,prot.7780,-0.08,,,
POLR2F_44109,OID44109,POLR2F,P61218,4,0.00,41.34,25.49,-0.39,0.40,22.00,-0.24,0.42,-0.23,-1.81,1.55,0.00,0.79,FALSE,FALSE,0.15,0.15,0.15,,,seq.20448.7,0.02,
POLR3D_41643,OID41643,POLR3D,P05423,2,0.14,88.43,26.64,-0.04,0.41,22.00,0.18,0.65,0.15,-2.49,5.75,0.00,0.99,FALSE,FALSE,0.03,0.03,0.03,,,seq.29967.13,-0.03,
POLR3F_42926,OID42926,POLR3F,Q9H1D9,3,0.00,70.84,46.72,0.17,0.76,22.00,0.63,1.02,0.55,-2.14,7.45,0.02,1.00,FALSE,FALSE,0.07,0.06,0.07,,,seq.11444.49,-0.01,
POM121L1P_40518,OID40518,POM121L1P,Q3SYA9,1,0.00,62.70,398.38,-1.87,3.22,22.00,-0.13,3.31,0.04,-7.34,11.41,0.01,0.00,FALSE,FALSE,0.03,0.03,0.03,,,seq.35089.40,0.06,
POMC_44110,OID44110,POMC,P01189,4,0.00,9.12,15.46,2.76,0.22,22.00,2.30,0.89,2.23,-0.63,11.69,0.00,0.77,FALSE,FALSE,0.57,0.57,0.58,prot.7014,,seq.9204.33,0.68,
PON1_45399,OID45399,PON1,P27169,7,0.07,0.00,8.27,0.53,0.12,22.00,0.39,0.28,0.42,-1.81,1.14,0.00,0.99,TRUE,FALSE,0.55,0.55,0.56,prot.2375,0.54,seq.4261.55,-0.04,
PON2_44111,OID44111,PON2,Q15165,4,0.00,0.00,10.41,-0.32,0.15,22.00,-0.04,0.51,-0.01,-2.26,1.99,0.00,1.00,TRUE,TRUE,0.27,0.25,0.28,,,seq.22003.4,-0.06,
PON3_44862,OID44862,PON3,Q15166,5,0.07,5.50,6.02,1.06,0.09,22.00,0.67,0.27,0.69,-0.67,1.25,0.00,0.98,TRUE,FALSE,0.60,0.60,0.61,prot.3603,0.59,seq.30695.4,0.72,
POSTN_45230,OID45230,POSTN,Q15063,6,1.11,6.62,15.66,0.58,0.23,21.00,0.86,0.48,0.87,-1.31,2.47,0.00,1.00,FALSE,FALSE,0.62,0.61,0.62,prot.3586,0.62,seq.6645.53,0.67,
POTEA_41644,OID41644,POTEA,Q6S8J7,2,0.14,69.13,60.08,-0.23,0.78,22.00,0.34,1.51,0.20,-7.50,8.93,0.00,0.99,FALSE,FALSE,0.02,0.02,0.03,,,,,
POTEB2_40519,OID40519,POTEB2,H3BUK9,1,0.00,81.21,53.84,0.18,0.72,22.00,0.18,1.28,0.14,-8.05,7.17,0.02,1.00,FALSE,FALSE,0.02,0.01,0.02,,,seq.34913.2,0.02,
POTEC_41645,OID41645,POTEC,B2RU33,2,0.14,75.33,55.16,-1.63,0.78,22.00,-2.09,2.21,-1.97,-8.83,5.76,0.00,0.04,FALSE,FALSE,0.01,0.01,0.01,,,,,
POTEKP_41646,OID41646,POTEKP,Q9BYX7,2,0.14,85.23,31.06,-0.14,0.45,22.00,0.23,0.75,0.12,-1.65,4.79,0.00,0.99,FALSE,FALSE,0.02,0.02,0.03,,,seq.33799.14,-0.02,
POTEM_41647,OID41647,POTEM,A6NI47,2,0.14,72.26,77.71,-3.76,2.18,22.00,-2.33,1.61,-2.29,-9.52,5.10,0.00,0.34,FALSE,FALSE,0.03,0.03,0.03,,,seq.7967.38,0.06,
POU2F3_41648,OID41648,POU2F3,Q9UKI9,2,0.14,86.90,69.21,-0.43,1.09,22.00,0.07,0.92,0.05,-4.46,5.41,0.00,0.99,FALSE,FALSE,0.01,0.01,0.02,,,,,
PPA2_41649,OID41649,PPA2,Q9H2U2,2,0.14,68.99,32.86,0.75,0.49,22.00,0.92,0.68,0.91,-1.94,4.25,0.00,0.96,FALSE,FALSE,0.20,0.19,0.20,prot.5450,0.27,seq.18307.71,0.20,
PPBP_45483,OID45483,PPBP,P02775,8,0.84,0.07,12.29,1.28,0.19,22.00,1.27,0.79,1.30,-1.91,8.89,0.00,0.96,FALSE,FALSE,0.76,0.75,0.76,prot.1734,0.71,seq.4544.4,0.87,
PPCDC_44863,OID44863,PPCDC,Q96CD2,5,0.07,0.00,9.62,0.88,0.13,22.00,1.53,0.46,1.52,0.14,4.37,0.00,0.87,TRUE,FALSE,0.46,0.45,0.46,prot.4863,0.35,seq.13996.16,-0.13,
PPFIA1_41650,OID41650,PPFIA1,Q13136,2,0.14,62.30,48.11,0.74,0.59,22.00,1.06,0.74,1.02,-1.47,4.00,0.00,0.99,FALSE,FALSE,0.26,0.26,0.27,prot.3376,0.31,seq.13975.56,0.36,
PPFIA2_42927,OID42927,PPFIA2,O75334,3,0.00,71.82,35.39,0.14,0.50,22.00,0.43,0.70,0.33,-2.05,5.05,0.01,0.99,FALSE,FALSE,0.08,0.07,0.08,,,,,
PPFIA4_41651,OID41651,PPFIA4,O75335,2,0.14,64.18,79.39,0.30,1.00,22.00,0.77,1.55,0.93,-6.60,5.08,0.00,0.99,FALSE,FALSE,0.09,0.08,0.09,,,,,
PPFIBP1_41652,OID41652,PPFIBP1,Q86W92,2,0.14,90.38,62.25,3.21,0.84,22.00,2.33,1.26,2.39,-6.19,6.59,0.00,0.94,FALSE,FALSE,0.16,0.16,0.18,prot.4259,0.08,,,
PPFIBP2_41653,OID41653,PPFIBP2,Q8ND30,2,0.14,24.39,28.84,0.08,0.43,22.00,0.28,0.65,0.23,-2.09,5.15,0.00,0.99,FALSE,FALSE,0.11,0.11,0.11,prot.4507,-0.02,,,
PPIB_45231,OID45231,PPIB,P23284,6,1.11,3.66,26.96,1.94,0.38,21.00,2.27,0.73,2.26,-0.50,5.96,0.00,0.99,FALSE,FALSE,0.38,0.37,0.39,,,seq.4718.5,0.10,
PPIE_42928,OID42928,PPIE,Q9UNP9,3,0.00,73.56,56.09,-0.55,0.99,22.00,0.35,1.27,0.19,-3.52,7.69,0.02,0.99,FALSE,FALSE,0.05,0.05,0.05,prot.6908,,seq.5238.26,0.04,
PPIF_45232,OID45232,PPIF,P30405,6,1.11,93.95,27.93,-0.08,0.40,21.00,0.09,0.42,0.08,-1.41,2.56,0.00,0.97,FALSE,FALSE,0.14,0.13,0.14,prot.2448,0.03,seq.5248.68,0.05,
PPL_44112,OID44112,PPL,O60437,4,0.00,13.43,19.74,0.48,0.26,22.00,0.46,0.44,0.42,-0.84,4.43,0.01,0.87,FALSE,FALSE,0.16,0.16,0.17,prot.977,-0.02,seq.31999.48,-0.07,
PPM1A_42929,OID42929,PPM1A,P35813,3,0.00,88.38,37.59,-2.78,0.57,22.00,-2.72,0.89,-2.68,-9.22,2.21,0.01,1.00,FALSE,FALSE,0.09,0.09,0.10,prot.2547,-0.01,seq.12619.14,0.04,
PPM1B_44113,OID44113,PPM1B,O75688,4,0.00,74.04,67.69,-0.92,1.61,22.00,-0.29,1.55,-0.13,-6.65,6.19,0.03,0.99,FALSE,FALSE,0.09,0.09,0.10,prot.1436,0.09,seq.22009.1,0.08,
PPM1F_44864,OID44864,PPM1F,P49593,5,0.07,8.43,15.33,1.91,0.24,22.00,1.87,0.46,1.87,-0.54,5.05,0.00,1.00,FALSE,FALSE,0.58,0.57,0.59,prot.2742,0.65,seq.23923.26,0.62,
PPME1_44114,OID44114,PPME1,Q9Y570,4,0.00,12.04,42.31,0.71,0.43,22.00,1.36,0.67,1.30,-1.17,4.61,0.01,0.99,FALSE,FALSE,0.56,0.55,0.57,prot.6231,0.47,seq.17852.5,0.81,
PPP1CC_44115,OID44115,PPP1CC,P36873,4,0.00,1.25,14.52,1.31,0.20,22.00,1.61,0.60,1.61,-0.21,4.92,0.01,0.99,FALSE,FALSE,0.54,0.53,0.55,prot.2563,0.62,seq.19295.32,0.44,
PPP1R12A_44865,OID44865,PPP1R12A,O14974,5,0.07,0.28,21.71,2.26,0.29,22.00,2.56,0.70,2.56,-0.46,7.51,0.00,0.88,TRUE,FALSE,0.65,0.65,0.65,prot.1135,0.70,seq.29254.17,-0.22,4
PPP1R12B_42930,OID42930,PPP1R12B,O60237,3,0.00,55.11,38.69,-0.20,0.56,22.00,0.62,1.08,0.50,-2.94,6.66,0.02,1.00,FALSE,FALSE,0.09,0.09,0.09,,,seq.30441.10,0.01,
PPP1R13B_41654,OID41654,PPP1R13B,Q96KQ4,2,0.14,37.42,26.74,0.12,0.39,22.00,0.60,0.69,0.52,-1.19,4.87,0.00,0.96,FALSE,FALSE,0.17,0.17,0.18,,,,,
PPP1R14A_44116,OID44116,PPP1R14A,Q96A00,4,0.00,61.66,33.84,1.76,0.52,22.00,1.85,0.84,1.85,-6.05,6.90,0.01,1.00,TRUE,FALSE,0.46,0.45,0.46,prot.4811,0.59,seq.19117.3,0.55,
PPP1R14D_44117,OID44117,PPP1R14D,Q9NXH3,4,0.00,14.61,18.21,0.11,0.26,22.00,0.20,0.69,0.10,-1.48,3.98,0.01,0.99,FALSE,FALSE,0.23,0.22,0.24,,,,,
PPP1R18_44118,OID44118,PPP1R18,Q6NYC8,4,0.00,0.42,8.33,1.79,0.12,22.00,1.84,0.33,1.84,0.73,3.87,0.00,0.53,FALSE,FALSE,0.33,0.33,0.35,prot.3991,0.24,,,
PPP1R1A_41655,OID41655,PPP1R1A,Q13522,2,0.14,46.69,28.98,1.17,0.44,22.00,1.64,0.80,1.62,-1.38,5.28,0.00,1.00,FALSE,FALSE,0.41,0.40,0.41,,,seq.17706.4,0.56,
PPP1R1B_42931,OID42931,PPP1R1B,Q9UD71,3,0.00,88.24,69.60,0.06,0.90,22.00,0.17,0.88,0.16,-3.42,4.48,0.01,1.00,FALSE,FALSE,0.03,0.03,0.03,,,,,
PPP1R1C_41656,OID41656,PPP1R1C,Q8WVI7,2,0.14,62.79,87.50,1.53,0.94,22.00,-0.18,2.08,-0.01,-7.46,8.60,0.00,0.37,FALSE,FALSE,0.03,0.03,0.04,,,,,
PPP1R27_42932,OID42932,PPP1R27,Q86WC6,3,0.00,43.15,17.42,1.30,0.24,22.00,0.77,0.75,0.84,-3.67,5.20,0.04,1.00,FALSE,FALSE,0.13,0.13,0.14,,,seq.23589.21,-0.01,
PPP1R2B_42933,OID42933,PPP1R2B,Q6NXS1,3,0.00,27.42,30.20,0.50,0.42,22.00,1.10,0.79,1.10,-2.90,6.07,0.01,1.00,FALSE,FALSE,0.31,0.30,0.31,,,,,
PPP1R2P1_41657,OID41657,PPP1R2P1,Q96PQ5,2,0.14,21.53,24.67,-0.56,0.37,22.00,0.31,0.91,0.16,-2.00,6.25,0.00,0.95,FALSE,FALSE,0.18,0.18,0.20,,,,,
PPP1R2_44866,OID44866,PPP1R2,P41236,5,0.07,13.65,20.71,0.84,0.36,22.00,0.90,0.48,0.91,-1.16,3.11,0.00,1.00,FALSE,FALSE,0.45,0.45,0.45,prot.2612,0.47,seq.19152.4,0.35,
PPP1R32_40520,OID40520,PPP1R32,Q7Z5V6,1,0.00,83.92,356.27,0.17,2.67,22.00,0.16,3.24,0.64,-6.99,10.09,0.00,0.00,FALSE,FALSE,0.02,0.02,0.02,,,,,
PPP1R35_41658,OID41658,PPP1R35,Q8TAP8,2,0.14,49.83,40.71,-1.28,0.59,22.00,-0.59,1.02,-0.72,-3.53,5.37,0.00,1.00,FALSE,FALSE,0.08,0.08,0.09,,,,,
PPP1R3B_41659,OID41659,PPP1R3B,Q86XI6,2,0.14,59.93,39.48,1.99,0.57,22.00,0.54,1.67,0.50,-7.19,7.82,0.00,0.99,FALSE,FALSE,0.05,0.05,0.06,,,seq.12768.3,-0.01,
PPP1R7_41660,OID41660,PPP1R7,Q15435,2,0.14,67.53,363.69,-1.64,3.06,22.00,-0.22,2.76,0.14,-6.60,13.03,0.00,0.00,FALSE,FALSE,0.01,0.01,0.02,prot.3626,-0.01,seq.28544.34,0.01,
PPP1R9B_44119,OID44119,PPP1R9B,Q96SB3,4,0.00,66.25,41.21,1.62,0.72,22.00,1.59,0.89,1.67,-3.54,5.28,0.01,0.97,FALSE,FALSE,0.40,0.39,0.40,prot.5084,0.51,seq.21991.79,0.47,
PPP2R5A_44120,OID44120,PPP2R5A,Q15172,4,0.00,54.91,53.59,0.56,0.79,22.00,0.92,1.21,1.03,-6.57,7.18,0.01,0.95,FALSE,FALSE,0.29,0.28,0.29,prot.3604,0.40,seq.13622.16,0.38,
PPP3CA_40521,OID40521,PPP3CA,Q08209,1,0.00,85.04,25.64,-0.02,0.35,22.00,-0.04,0.39,-0.04,-1.56,1.63,0.00,1.00,FALSE,FALSE,0.10,0.09,0.10,prot.3287,0.05,seq.4903.72,0.04,
PPP3R1_44121,OID44121,PPP3R1,P63098,4,0.00,9.95,17.88,0.00,0.25,22.00,0.02,0.38,0.02,-1.51,1.32,0.00,1.00,FALSE,FALSE,0.36,0.36,0.37,,,seq.15545.13,0.38,
PPP3R2_40522,OID40522,PPP3R2,Q96LZ3,1,0.00,87.82,38.22,-0.18,0.51,22.00,0.03,0.56,0.00,-1.95,3.91,0.00,0.96,FALSE,FALSE,0.04,0.04,0.04,,,seq.18866.8,0.01,
PPP4R4_41661,OID41661,PPP4R4,Q6NUP7,2,0.14,77.28,52.53,-1.46,1.12,22.00,-0.96,1.96,-0.96,-8.28,8.05,0.00,0.99,FALSE,FALSE,0.01,0.01,0.01,,,,,
PPP6R2_41662,OID41662,PPP6R2,O75170,2,0.14,51.78,17.34,-0.51,0.24,22.00,-0.28,0.51,-0.36,-1.42,4.86,0.00,0.99,FALSE,FALSE,0.19,0.18,0.20,prot.1377,0.23,seq.32716.160,0.26,
PPT1_42934,OID42934,PPT1,P50897,3,0.00,45.23,32.54,-2.54,0.47,22.00,-1.95,1.39,-2.23,-9.24,7.65,0.04,0.99,FALSE,FALSE,0.10,0.10,0.11,,,seq.9244.27,0.03,
PPY_44867,OID44867,PPY,P01298,5,0.07,0.35,25.60,-0.03,0.27,22.00,-0.23,1.27,-0.25,-5.67,4.60,0.00,1.00,FALSE,FALSE,0.72,0.72,0.73,prot.6436,,seq.4588.1,0.93,
PQBP1_42935,OID42935,PQBP1,O60828,3,0.00,76.97,33.72,-0.18,0.44,22.00,-0.08,0.63,-0.13,-1.95,4.09,0.02,0.99,FALSE,FALSE,0.05,0.05,0.05,,,seq.11432.11,0.06,
PRAM1_45233,OID45233,PRAM1,Q96QH2,6,1.11,4.08,13.97,-1.35,0.20,21.00,-0.93,0.83,-0.97,-3.18,2.30,0.00,0.99,TRUE,TRUE,0.43,0.42,0.44,prot.7296,0.28,seq.31389.130,0.29,
PRAME_42936,OID42936,PRAME,P78395,3,0.00,91.02,27.56,-0.11,0.37,22.00,-0.08,0.46,-0.09,-2.22,3.51,0.00,0.99,FALSE,FALSE,0.03,0.03,0.04,,,seq.25951.17,0.00,
PRAP1_45234,OID45234,PRAP1,Q96NZ9,6,1.11,1.97,11.25,1.09,0.17,21.00,1.07,0.46,1.10,-0.73,2.64,0.00,0.64,TRUE,FALSE,0.49,0.49,0.50,prot.5035,0.38,,,
PRC1_42937,OID42937,PRC1,O43663,3,0.00,68.82,41.74,-0.36,0.74,22.00,-3.38,2.68,-2.61,-8.55,3.95,0.00,0.00,FALSE,FALSE,0.04,0.04,0.04,,,seq.11591.43,0.04,
PRCP_45235,OID45235,PRCP,P42785,6,1.11,5.98,12.57,0.87,0.18,21.00,0.59,0.47,0.60,-1.40,2.70,0.00,0.99,TRUE,TRUE,0.67,0.66,0.67,prot.2632,0.40,seq.5722.78,0.77,
PRDM11_41663,OID41663,PRDM11,Q9NQV5,2,0.14,78.47,126.80,-1.95,2.32,22.00,-0.69,2.52,-0.09,-6.11,7.20,0.00,0.00,FALSE,FALSE,0.01,0.01,0.01,,,,,
PRDM2_41664,OID41664,PRDM2,Q13029,2,0.14,66.20,54.66,-3.20,1.27,22.00,-1.92,1.92,-2.17,-10.23,8.64,0.00,0.86,FALSE,FALSE,0.03,0.03,0.03,,,seq.34240.49,-0.01,
PRDX1_44122,OID44122,PRDX1,Q06830,4,0.00,9.88,26.95,0.88,0.40,22.00,0.87,0.53,0.87,-1.21,3.49,0.00,0.88,FALSE,FALSE,0.40,0.39,0.40,prot.3270,0.42,seq.3855.56,0.29,
PRDX2_45400,OID45400,PRDX2,P32119,7,0.07,9.40,37.51,1.09,0.37,22.00,1.29,0.67,1.21,-0.23,4.70,0.00,0.99,FALSE,FALSE,0.58,0.57,0.59,prot.2486,0.69,,,5
PRDX3_42938,OID42938,PRDX3,P30048,3,0.00,84.20,47.47,0.59,0.64,22.00,0.63,0.72,0.61,-1.58,4.02,0.00,0.97,FALSE,FALSE,0.21,0.21,0.22,prot.2435,0.26,seq.8358.30,0.31,
PRDX5_44123,OID44123,PRDX5,P30044,4,0.00,1.74,17.16,1.75,0.24,22.00,1.71,0.71,1.75,-0.91,4.49,0.00,0.99,FALSE,FALSE,0.56,0.55,0.57,prot.2433,0.63,seq.5017.19,-0.08,
PRDX6_44124,OID44124,PRDX6,P30041,4,0.00,76.97,47.97,-0.14,0.67,22.00,-0.04,0.85,0.01,-7.43,4.18,0.01,1.00,FALSE,FALSE,0.22,0.22,0.23,prot.2431,0.17,seq.5018.68,0.27,
PREB_42939,OID42939,PREB,Q9HCU5,3,0.00,64.37,27.95,0.35,0.41,22.00,0.26,0.51,0.24,-1.27,6.18,0.01,0.98,FALSE,FALSE,0.07,0.07,0.08,prot.5582,0.02,seq.28189.2,0.02,
PRELP_44868,OID44868,PRELP,P51888,5,0.07,15.46,14.62,0.75,0.22,22.00,0.74,0.35,0.76,-0.89,2.16,0.00,1.00,TRUE,TRUE,0.46,0.45,0.46,prot.2839,0.41,seq.26789.103,0.32,
PRG2_45236,OID45236,PRG2,P13727,6,1.11,1.97,13.05,0.81,0.19,21.00,1.13,0.63,1.10,-1.72,4.54,0.00,0.99,FALSE,FALSE,0.69,0.68,0.69,prot.2079,0.69,seq.7258.5,0.53,
PRG3_45237,OID45237,PRG3,Q9Y2Y8,6,1.11,1.97,18.30,0.45,0.29,21.00,0.45,0.62,0.44,-2.22,3.46,0.00,0.95,FALSE,FALSE,0.65,0.64,0.65,prot.6157,0.78,seq.9015.1,0.78,
PRIM1_41665,OID41665,PRIM1,P49642,2,0.14,79.86,74.73,-1.23,1.64,22.00,-1.09,1.88,-0.83,-7.60,5.56,0.00,0.09,FALSE,FALSE,0.02,0.01,0.02,,,seq.13591.31,-0.01,
PRKAB1_42940,OID42940,PRKAB1,Q9Y478,3,0.00,23.94,21.85,0.85,0.30,22.00,1.18,0.64,1.15,-0.77,5.57,0.01,1.00,FALSE,FALSE,0.35,0.35,0.35,prot.6204,0.37,seq.33554.2,0.08,
PRKAG3_42941,OID42941,PRKAG3,Q9UGI9,3,0.00,91.16,98.83,-1.50,2.77,22.00,-0.80,2.33,-0.20,-6.88,4.77,0.04,0.00,FALSE,FALSE,0.02,0.02,0.02,,,,,
PRKAR1A_44869,OID44869,PRKAR1A,P10644,5,0.07,0.00,21.43,2.35,0.31,22.00,2.53,0.72,2.55,-0.84,6.53,0.00,0.93,FALSE,FALSE,0.62,0.60,0.62,prot.1990,0.53,seq.21483.155,0.46,
PRKAR1B_42942,OID42942,PRKAR1B,P31321,3,0.00,17.26,18.87,0.30,0.27,22.00,0.60,0.77,0.45,-1.24,4.87,0.02,0.99,FALSE,FALSE,0.33,0.33,0.34,prot.2465,0.00,seq.12479.50,0.43,
PRKAR2A_44125,OID44125,PRKAR2A,P13861,4,0.00,21.36,12.76,0.84,0.18,22.00,1.36,0.58,1.36,-0.78,4.73,0.00,1.00,TRUE,FALSE,0.54,0.53,0.54,prot.2085,0.67,seq.19125.26,-0.09,
PRKCI_41666,OID41666,PRKCI,P41743,2,0.14,81.88,22.23,-0.32,0.32,22.00,-0.12,0.47,-0.17,-1.56,3.19,0.00,0.95,FALSE,FALSE,0.11,0.11,0.11,prot.6550,0.04,seq.3379.29,0.10,
PRKCQ_42943,OID42943,PRKCQ,Q04759,3,0.00,80.93,38.60,0.07,0.59,22.00,0.40,0.78,0.36,-2.31,5.68,0.02,0.99,FALSE,FALSE,0.12,0.11,0.12,prot.3241,0.12,seq.3817.18,0.15,
PRKD2_42944,OID42944,PRKD2,Q9BZL6,3,0.00,74.11,55.18,-0.55,0.96,22.00,-0.37,1.06,-0.29,-8.21,6.18,0.01,0.90,FALSE,FALSE,0.10,0.09,0.10,prot.5353,0.15,,,
PRKG1_44870,OID44870,PRKG1,Q13976,5,0.07,38.30,32.06,4.49,0.54,22.00,4.42,1.09,4.49,-6.48,9.02,0.00,1.00,TRUE,FALSE,0.53,0.53,0.55,prot.3473,0.61,seq.13067.5,0.07,
PRKN_41667,OID41667,PRKN,O60260,2,0.14,66.69,38.14,0.46,0.64,22.00,0.37,0.69,0.37,-2.40,3.27,0.00,0.96,FALSE,FALSE,0.07,0.06,0.07,,,seq.13013.41,0.02,
PRKRA_42945,OID42945,PRKRA,O75569,3,0.00,44.05,32.23,0.44,0.47,22.00,0.81,0.71,0.77,-1.82,4.53,0.01,1.00,FALSE,FALSE,0.15,0.14,0.15,prot.6479,,seq.22010.36,0.01,
PRL_44871,OID44871,PRL,P01236,5,0.07,0.00,8.13,-0.41,0.12,22.00,0.11,0.88,0.04,-3.57,3.77,0.00,0.88,FALSE,FALSE,0.77,0.76,0.77,prot.7462,0.12,seq.10967.12,0.92,
PRMT3_41668,OID41668,PRMT3,O60678,2,0.14,62.16,28.40,0.79,0.38,22.00,0.98,0.74,0.93,-4.07,6.96,0.00,0.99,FALSE,FALSE,0.21,0.20,0.21,prot.7004,0.18,seq.12696.166,0.14,
PRND_44126,OID44126,PRND,Q9UKY0,4,0.00,45.30,20.03,0.02,0.29,22.00,0.61,0.72,0.59,-1.95,5.00,0.00,1.00,FALSE,FALSE,0.20,0.20,0.21,,,seq.18231.147,0.08,
PROCR_42946,OID42946,PROCR,Q9UNN8,3,0.00,70.15,54.81,0.63,0.69,22.00,0.21,1.39,0.32,-7.45,6.32,0.02,1.00,TRUE,TRUE,0.20,0.19,0.20,prot.7319,0.17,seq.24023.35,0.28,
PROC_45401,OID45401,PROC,P04070,7,0.07,0.00,9.67,-0.16,0.14,22.00,0.51,0.35,0.52,-1.01,1.53,0.00,0.99,FALSE,FALSE,0.56,0.55,0.56,,,seq.3758.63,0.55,
PROK1_44127,OID44127,PROK1,P58294,4,0.00,1.88,10.76,-0.08,0.16,22.00,-0.23,0.91,-0.20,-3.26,4.12,0.00,0.99,TRUE,FALSE,0.46,0.46,0.47,,,seq.14703.6,0.42,
PROM1_42947,OID42947,PROM1,O43490,3,0.00,51.36,54.82,-1.09,1.01,22.00,-0.10,1.78,-0.17,-8.00,9.67,0.02,0.97,FALSE,FALSE,0.04,0.04,0.04,,,seq.21276.11,-0.01,
PRORSD1P_40523,OID40523,PRORSD1P,A6NEY8,1,0.00,91.58,86.14,-1.91,2.48,22.00,-1.59,2.42,-0.95,-7.55,6.64,0.02,0.00,FALSE,FALSE,0.02,0.01,0.02,,,,,
PROSER3_40524,OID40524,PROSER3,Q2NL68,1,0.00,57.13,41.65,0.36,0.62,22.00,0.75,0.90,0.76,-3.22,10.18,0.01,0.77,TRUE,TRUE,0.20,0.19,0.20,,,,,
PRPF19_40525,OID40525,PRPF19,Q9UMS4,1,0.00,94.02,43.58,-0.21,0.63,22.00,-0.14,0.58,-0.17,-2.05,4.06,0.01,0.99,FALSE,FALSE,0.07,0.06,0.07,prot.6051,-0.02,seq.25054.15,0.08,
PRPH_42948,OID42948,PRPH,P41219,3,0.00,59.29,33.42,0.68,0.46,22.00,0.45,0.86,0.47,-7.72,5.48,0.01,0.83,FALSE,FALSE,0.11,0.10,0.11,prot.7402,-0.11,seq.32912.97,0.04,
PRR11_40526,OID40526,PRR11,Q96HE9,1,0.00,66.60,175.96,-5.89,2.88,22.00,-4.63,2.94,-3.59,-9.50,5.75,0.00,0.00,FALSE,FALSE,0.01,0.01,0.02,,,,,
PRR14L_41669,OID41669,PRR14L,Q5THK1,2,0.14,60.14,28.94,0.30,0.65,22.00,-0.29,1.04,-0.44,-3.00,7.04,0.00,1.00,FALSE,FALSE,0.06,0.05,0.06,,,,,
PRR15L_41670,OID41670,PRR15L,Q9BU68,2,0.14,72.33,59.50,-0.41,0.69,22.00,0.12,0.99,0.05,-3.70,5.86,0.00,1.00,FALSE,FALSE,0.04,0.04,0.05,,,,,
PRR15_42949,OID42949,PRR15,Q8IV56,3,0.00,78.57,26.93,-0.03,0.40,22.00,-0.03,0.86,-0.18,-2.05,6.98,0.04,0.99,FALSE,FALSE,0.05,0.05,0.05,,,seq.23580.2,0.06,
PRR18_40527,OID40527,PRR18,Q8N4B5,1,0.00,38.55,37.03,-1.33,0.58,22.00,-1.17,1.41,-1.38,-5.57,5.43,0.01,1.00,FALSE,FALSE,0.05,0.05,0.06,,,seq.35034.72,0.01,
PRR20A_42950,OID42950,PRR20A,P86496,3,0.00,54.07,28.24,-0.16,0.39,22.00,0.13,0.70,0.03,-1.29,6.82,0.03,1.00,FALSE,FALSE,0.06,0.06,0.06,,,,,
PRR20B_42951,OID42951,PRR20B,P86481,3,0.00,61.59,29.02,-1.22,0.42,22.00,-0.41,1.24,-0.72,-3.42,6.67,0.04,0.79,FALSE,FALSE,0.04,0.04,0.05,,,,,
PRR23A_42952,OID42952,PRR23A,A6NEV1,3,0.00,68.55,56.21,-0.21,0.63,22.00,0.60,1.01,0.51,-2.37,9.42,0.02,1.00,FALSE,FALSE,0.07,0.06,0.07,,,,,
PRR23D2_40528,OID40528,PRR23D2,P0DMB1,1,0.00,65.34,174.37,-0.57,3.86,22.00,-0.19,3.60,0.05,-5.85,9.98,0.00,0.00,FALSE,FALSE,0.01,0.01,0.01,,,,,
PRR25_40529,OID40529,PRR25,Q96S07,1,0.00,54.63,40.14,-0.84,0.74,22.00,0.00,1.14,-0.15,-4.83,6.30,0.02,1.00,FALSE,FALSE,NA,NA,NA,,,,,
PRR32_41672,OID41672,PRR32,B1ATL7,2,0.14,92.61,54.27,-2.84,0.97,22.00,-2.87,2.16,-2.51,-8.88,4.77,0.00,0.00,FALSE,FALSE,0.00,0.00,0.00,,,,,
PRR35_41673,OID41673,PRR35,P0CG20,2,0.14,77.56,68.32,-1.90,1.95,22.00,-1.02,2.46,-0.72,-7.50,8.03,0.00,0.00,FALSE,FALSE,0.00,0.00,0.00,,,,,
PRR3_40530,OID40530,PRR3,P79522,1,0.00,89.70,36.82,3.95,0.49,22.00,0.05,0.92,0.02,-7.98,5.13,0.01,0.99,FALSE,FALSE,0.05,0.04,0.05,,,seq.33209.1,0.04,
PRR4_44872,OID44872,PRR4,Q16378,5,0.07,16.64,33.86,-0.92,0.36,22.00,-0.43,0.99,-0.49,-3.60,2.78,0.00,1.00,TRUE,TRUE,0.34,0.34,0.36,prot.7268,0.31,seq.29567.9,0.07,
PRR5_42953,OID42953,PRR5,P85299,3,0.00,75.09,40.02,0.00,0.64,22.00,0.25,0.92,0.26,-3.48,6.58,0.01,0.96,FALSE,FALSE,0.04,0.03,0.04,,,seq.33244.28,0.02,
PRRC1_42954,OID42954,PRRC1,Q96M27,3,0.00,52.26,35.13,0.61,0.46,22.00,0.44,0.47,0.44,-1.37,2.05,0.00,0.96,FALSE,FALSE,0.20,0.19,0.21,prot.5013,0.20,seq.34808.22,0.25,
PRRG1_41674,OID41674,PRRG1,O14668,2,0.14,64.11,55.21,0.20,0.79,22.00,0.51,0.98,0.38,-2.16,6.75,0.00,0.92,FALSE,FALSE,0.05,0.05,0.05,,,seq.9008.6,0.02,
PRRT2_40531,OID40531,PRRT2,Q7Z6L0,1,0.00,26.10,22.68,0.20,0.31,22.00,0.46,0.69,0.36,-0.87,7.95,0.03,0.99,FALSE,FALSE,0.09,0.09,0.10,,,seq.23929.159,0.01,
PRRT3_44128,OID44128,PRRT3,Q5FWE3,4,0.00,4.24,8.00,0.21,0.12,22.00,0.75,0.49,0.74,-1.04,3.17,0.00,0.94,FALSE,FALSE,0.40,0.38,0.40,,,,,
PRSS22_42955,OID42955,PRSS22,Q9GZN4,3,0.00,27.28,18.83,0.99,0.27,22.00,1.24,0.46,1.23,-2.72,3.81,0.01,0.99,TRUE,FALSE,0.42,0.42,0.43,prot.7829,0.16,seq.4534.10,0.54,
PRSS27_44873,OID44873,PRSS27,Q9BQR3,5,0.07,0.00,7.62,-0.63,0.11,22.00,-0.18,0.51,-0.20,-1.70,3.12,0.00,0.85,FALSE,FALSE,0.68,0.67,0.69,,,seq.15535.3,0.78,
PRSS2_45402,OID45402,PRSS2,P07478,7,0.07,0.00,7.88,0.57,0.12,22.00,0.09,0.60,0.05,-1.51,4.91,0.00,0.99,FALSE,FALSE,0.73,0.72,0.73,prot.164,0.79,seq.5034.79,0.88,
PRSS53_44129,OID44129,PRSS53,Q2L4Q9,4,0.00,0.56,7.39,0.73,0.11,22.00,1.11,0.64,1.19,-1.22,4.35,0.00,1.00,TRUE,TRUE,0.26,0.26,0.28,,,seq.30700.57,0.00,
PRSS8_44874,OID44874,PRSS8,Q16651,5,0.07,0.00,10.82,0.55,0.16,22.00,0.19,0.55,0.16,-1.51,2.54,0.00,0.96,FALSE,FALSE,0.68,0.67,0.68,prot.7837,-0.04,seq.15513.108,0.81,
PRTFDC1_42956,OID42956,PRTFDC1,Q9NRG1,3,0.00,27.97,40.29,3.85,0.64,22.00,4.22,0.99,4.28,-3.66,7.54,0.01,0.78,FALSE,FALSE,0.55,0.54,0.55,prot.5660,0.63,seq.20950.159,0.67,
PRTG_44130,OID44130,PRTG,Q2VWP7,4,0.00,10.58,9.00,0.58,0.13,22.00,0.52,0.32,0.52,-1.61,2.73,0.01,1.00,TRUE,FALSE,0.52,0.51,0.52,,,seq.21397.21,0.67,
PRTN3_45238,OID45238,PRTN3,P24158,6,1.11,26.39,11.34,-0.46,0.17,21.00,-0.22,0.51,-0.23,-3.41,2.72,0.00,0.99,TRUE,FALSE,0.67,0.67,0.68,,,seq.3514.49,0.75,
PRUNE2_42957,OID42957,PRUNE2,Q8WUY3,3,0.00,67.92,52.55,0.13,0.67,22.00,-0.01,1.21,0.10,-8.03,4.76,0.01,1.00,FALSE,FALSE,0.06,0.05,0.06,prot.4659,0.04,,,
PRXL2B_44875,OID44875,PRXL2B,Q8TBF2,5,0.07,3.62,17.65,2.09,0.24,22.00,2.33,0.68,2.35,-0.70,6.76,0.00,0.99,FALSE,FALSE,0.57,0.56,0.57,prot.4575,0.53,seq.34789.193,0.08,
PSAPL1_44131,OID44131,PSAPL1,Q6NUJ1,4,0.00,11.00,8.44,0.90,0.12,22.00,0.07,0.63,0.04,-1.72,5.40,0.01,0.82,TRUE,TRUE,0.44,0.43,0.44,prot.3983,0.28,seq.8814.33,0.46,
PSAP_45239,OID45239,PSAP,P07602,6,1.11,5.98,22.75,0.22,0.25,21.00,0.44,0.35,0.41,-0.76,2.80,0.00,0.95,FALSE,FALSE,0.37,0.37,0.38,prot.1864,0.15,seq.6207.10,0.23,
PSCA_44132,OID44132,PSCA,O43653,4,0.00,52.19,12.11,0.20,0.17,22.00,-1.87,3.47,-0.11,-11.48,3.92,0.02,0.00,TRUE,FALSE,0.30,0.28,0.31,,,,,
PSG1_44133,OID44133,PSG1,P11464,4,0.00,0.07,7.54,-6.01,0.11,22.00,-6.49,1.18,-6.52,-11.37,0.51,0.01,0.86,FALSE,FALSE,0.32,0.31,0.32,prot.2027,0.00,seq.15631.18,0.17,
PSIP1_44134,OID44134,PSIP1,O75475,4,0.00,5.64,13.79,-0.76,0.20,22.00,-0.63,0.58,-0.67,-2.34,2.93,0.01,0.98,FALSE,FALSE,0.33,0.33,0.34,prot.1417,0.22,seq.17176.13,0.45,
PSKH1_40532,OID40532,PSKH1,P11801,1,0.00,87.13,55.40,-0.72,0.87,22.00,-0.23,1.40,-0.30,-8.12,7.08,0.03,1.00,FALSE,FALSE,0.03,0.03,0.03,,,,,
PSMA1_42958,OID42958,PSMA1,P25786,3,0.00,92.21,60.69,-1.74,1.62,22.00,-2.93,2.58,-2.22,-8.51,3.56,0.00,0.00,FALSE,FALSE,0.03,0.03,0.03,prot.2354,-0.02,seq.7880.9,0.02,
PSMA2_40533,OID40533,PSMA2,P25787,1,0.00,88.52,108.25,-1.47,2.51,22.00,-0.77,2.69,-0.05,-6.77,10.85,0.00,0.00,FALSE,FALSE,0.04,0.03,0.04,prot.2355,0.00,seq.4280.47,0.05,
PSMB11_40534,OID40534,PSMB11,A5LHX3,1,0.00,60.61,52.41,-0.80,0.91,22.00,0.15,2.02,0.05,-8.77,10.52,0.01,1.00,FALSE,FALSE,0.06,0.06,0.06,,,,,
PSMC3IP_40535,OID40535,PSMC3IP,Q9P2W1,1,0.00,90.05,88.10,-2.19,2.42,22.00,-0.73,1.74,-0.67,-8.49,9.42,0.03,1.00,FALSE,FALSE,0.00,0.00,0.00,,,seq.23309.11,-0.04,
PSMC3_42959,OID42959,PSMC3,P17980,3,0.00,91.09,48.86,0.26,0.99,22.00,0.14,1.06,0.26,-7.09,4.07,0.01,0.92,FALSE,FALSE,0.03,0.03,0.03,prot.2177,0.00,seq.23665.35,0.02,
PSMD1_44135,OID44135,PSMD1,Q99460,4,0.00,73.21,30.68,-0.51,0.48,22.00,-0.26,0.63,-0.29,-2.47,5.48,0.01,0.95,FALSE,FALSE,0.09,0.09,0.09,prot.5105,0.12,,,
PSMD5_42960,OID42960,PSMD5,Q16401,3,0.00,70.49,36.51,-0.51,0.52,22.00,0.09,1.09,-0.11,-3.07,5.92,0.03,0.72,FALSE,FALSE,0.04,0.04,0.05,prot.3680,0.02,seq.10716.35,0.01,
PSMD9_44136,OID44136,PSMD9,O00233,4,0.00,5.36,43.46,1.42,0.45,22.00,1.64,0.74,1.57,-0.81,5.68,0.01,1.00,TRUE,TRUE,0.57,0.56,0.57,prot.1028,0.27,seq.13931.22,0.72,
PSME1_44137,OID44137,PSME1,Q06323,4,0.00,0.00,12.97,0.58,0.17,22.00,0.78,0.39,0.75,-0.14,3.65,0.01,0.99,FALSE,FALSE,0.44,0.44,0.45,prot.3267,0.43,seq.5918.5,0.56,
PSME2_44138,OID44138,PSME2,Q9UL46,4,0.00,7.52,19.43,0.86,0.23,22.00,1.18,0.49,1.13,-0.24,4.26,0.01,0.96,FALSE,FALSE,0.51,0.50,0.51,prot.60,0.20,seq.17694.32,0.64,
PSMG1_42961,OID42961,PSMG1,O95456,3,0.00,0.00,46.59,1.01,0.40,22.00,1.86,0.86,1.73,-0.12,6.31,0.01,0.99,FALSE,FALSE,0.39,0.39,0.40,prot.1549,0.31,,,13
PSMG3_44139,OID44139,PSMG3,Q9BT73,4,0.00,0.00,33.66,2.72,0.32,22.00,3.44,0.68,3.35,1.69,7.17,0.01,1.00,FALSE,FALSE,0.49,0.49,0.50,prot.7977,-0.53,seq.12729.12,0.47,13
PSMG3_AS1_40536,OID40536,PSMG3-AS1,Q96PY0,1,0.00,68.89,206.94,0.82,2.03,22.00,1.93,2.78,0.36,-3.91,12.56,0.33,0.00,FALSE,FALSE,0.02,0.02,0.02,,,seq.35030.11,-0.01,
PSMG4_44140,OID44140,PSMG4,Q5JS54,4,0.00,15.87,29.20,0.87,0.37,22.00,1.33,0.72,1.23,-0.52,5.54,0.01,1.00,FALSE,FALSE,0.24,0.23,0.25,,,seq.20967.137,0.03,
PSPN_44141,OID44141,PSPN,O60542,4,0.00,28.81,28.32,0.45,0.43,22.00,0.51,1.31,0.61,-3.88,4.29,0.00,0.92,FALSE,FALSE,0.45,0.44,0.46,,,seq.2696.87,0.65,
PSRC1_42962,OID42962,PSRC1,Q6PGN9,3,0.00,63.54,29.06,0.77,0.45,22.00,0.84,0.62,0.83,-1.58,4.78,0.00,0.99,FALSE,FALSE,0.17,0.16,0.18,,,,,
PSTPIP1_44142,OID44142,PSTPIP1,O43586,4,0.00,5.22,13.62,0.02,0.19,22.00,0.20,0.59,0.18,-1.92,2.71,0.00,0.95,FALSE,FALSE,0.39,0.39,0.40,prot.7336,0.19,seq.19168.71,0.37,
PSTPIP2_44876,OID44876,PSTPIP2,Q9H939,5,0.07,0.00,22.03,5.02,0.34,22.00,4.82,0.80,4.89,-1.24,8.36,0.00,1.00,FALSE,FALSE,0.64,0.64,0.65,prot.5526,0.71,seq.32154.4,0.37,
PTEN_42963,OID42963,PTEN,P60484,3,0.00,65.41,47.96,1.10,0.53,22.00,1.24,0.67,1.27,-2.04,4.26,0.00,0.99,FALSE,FALSE,0.31,0.30,0.31,,,seq.3831.21,0.33,
PTGDS_45403,OID45403,PTGDS,P41222,7,0.07,0.00,21.58,-0.07,0.40,22.00,0.25,0.44,0.26,-1.68,2.89,0.00,0.93,FALSE,FALSE,0.47,0.47,0.48,prot.2609,0.39,seq.10514.5,0.46,
PTGES2_44143,OID44143,PTGES2,Q9H7Z7,4,0.00,56.44,46.83,-0.42,0.72,22.00,0.25,0.80,0.29,-3.36,4.59,0.00,0.99,FALSE,FALSE,0.26,0.26,0.26,prot.5510,0.36,seq.18458.4,0.37,
PTGES3L_42964,OID42964,PTGES3L,E9PB15,3,0.00,51.15,52.99,0.16,0.72,22.00,0.29,0.98,0.30,-3.97,5.25,0.01,0.99,FALSE,FALSE,0.01,0.00,0.01,,,seq.34916.6,-0.10,
PTGR1_44877,OID44877,PTGR1,Q14914,5,0.07,0.00,8.09,1.64,0.11,22.00,0.85,1.12,0.84,-3.98,4.81,0.00,0.93,TRUE,FALSE,0.65,0.64,0.66,,,seq.19617.5,0.67,
PTH1R_44145,OID44145,PTH1R,Q03431,4,0.00,5.36,12.44,0.63,0.18,22.00,0.91,0.53,0.83,-0.20,8.15,0.03,0.99,FALSE,FALSE,0.19,0.18,0.20,,,seq.13470.43,-0.03,
PTH_44144,OID44144,PTH,P01270,4,0.00,13.71,27.02,-0.04,0.37,22.00,-0.11,0.86,-0.11,-4.69,4.30,0.00,0.99,FALSE,FALSE,0.45,0.44,0.45,,,seq.5954.62,0.63,
PTK7_44146,OID44146,PTK7,Q13308,4,0.00,1.60,11.41,0.22,0.17,22.00,0.40,0.42,0.35,-0.79,3.51,0.03,0.96,FALSE,FALSE,0.32,0.32,0.33,prot.3403,-0.05,seq.9525.1,0.35,
PTN_44147,OID44147,PTN,P21246,4,0.00,28.74,16.24,1.26,0.26,22.00,1.40,0.85,1.27,-0.78,5.77,0.02,1.00,FALSE,FALSE,0.37,0.36,0.37,prot.654,0.21,seq.3045.72,0.39,
PTP4A3_42965,OID42965,PTP4A3,O75365,3,0.00,18.37,17.31,-0.03,0.25,22.00,0.00,0.71,0.00,-2.68,5.46,0.01,0.98,FALSE,FALSE,0.18,0.17,0.19,prot.6477,-0.03,seq.19231.22,-0.15,
PTPMT1_42966,OID42966,PTPMT1,Q8WUK0,3,0.00,36.05,21.43,1.09,0.31,22.00,0.52,1.13,0.25,-1.62,7.01,0.04,0.93,FALSE,FALSE,0.12,0.12,0.12,prot.7290,-0.03,seq.21167.33,0.04,
PTPN11_41675,OID41675,PTPN11,Q06124,2,0.14,23.62,24.33,1.69,0.33,22.00,1.66,0.82,1.64,-1.94,5.69,0.00,0.99,FALSE,FALSE,0.50,0.50,0.51,prot.3262,0.41,seq.11830.48,0.54,
PTPN14_41676,OID41676,PTPN14,Q15678,2,0.14,58.95,49.23,-0.56,0.71,22.00,-0.87,2.18,-0.85,-8.64,7.82,0.00,0.91,FALSE,FALSE,0.06,0.06,0.07,,,,,
PTPN1_44148,OID44148,PTPN1,P18031,4,0.00,1.25,26.36,2.06,0.41,22.00,2.29,0.73,2.33,-1.14,5.73,0.01,0.89,FALSE,FALSE,0.59,0.58,0.59,prot.2179,0.71,seq.3005.5,0.52,4
PTPN20_41678,OID41678,PTPN20,Q4JDL3,2,0.14,84.88,78.20,-5.25,2.26,22.00,-4.59,2.35,-4.18,-10.23,2.91,0.00,0.00,FALSE,FALSE,0.03,0.02,0.03,,,,,
PTPN21_40537,OID40537,PTPN21,Q16825,1,0.00,60.75,47.19,-0.49,0.72,22.00,-0.14,0.92,-0.20,-2.66,6.71,0.02,0.80,FALSE,FALSE,0.12,0.11,0.12,,,,,
PTPN2_41677,OID41677,PTPN2,P17706,2,0.14,90.10,44.89,0.60,0.74,22.00,0.80,1.19,0.69,-3.03,8.02,0.00,0.87,FALSE,FALSE,0.06,0.06,0.07,,,seq.3401.8,0.01,
PTPN6_44878,OID44878,PTPN6,P29350,5,0.07,25.77,23.60,3.68,0.32,22.00,3.64,0.75,3.70,-0.87,6.21,0.00,0.99,FALSE,FALSE,0.64,0.63,0.65,prot.2413,0.71,seq.4318.12,0.32,6
PTPN9_42967,OID42967,PTPN9,P43378,3,0.00,88.66,47.49,-2.16,0.79,22.00,-2.29,1.43,-2.11,-9.46,3.83,0.03,0.98,FALSE,FALSE,0.04,0.04,0.04,,,seq.12633.3,0.02,
PTPRA_41679,OID41679,PTPRA,P18433,2,0.14,75.89,32.94,-0.49,0.49,22.00,-1.12,1.87,-1.08,-8.55,9.19,0.00,1.00,FALSE,FALSE,0.04,0.04,0.04,prot.2188,0.01,,,
PTPRB_44879,OID44879,PTPRB,P23467,5,0.07,10.03,14.05,1.26,0.19,22.00,0.83,0.39,0.82,-0.37,2.17,0.00,0.99,TRUE,FALSE,0.55,0.54,0.55,prot.2312,0.62,seq.34137.36,0.24,
PTPRC_45240,OID45240,PTPRC,P08575,6,1.11,19.00,9.88,-0.03,0.14,21.00,0.26,0.30,0.25,-1.77,2.28,0.00,0.99,FALSE,FALSE,0.39,0.38,0.40,prot.1908,0.28,,,
PTPRF_45241,OID45241,PTPRF,P10586,6,1.11,1.97,10.25,0.28,0.14,21.00,0.38,0.35,0.37,-1.83,1.68,0.00,0.99,FALSE,FALSE,0.56,0.56,0.57,prot.1984,0.32,seq.34662.77,0.64,
PTPRH_44149,OID44149,PTPRH,Q9HD43,4,0.00,39.04,23.00,-0.71,0.33,22.00,0.04,0.68,0.05,-2.77,2.73,0.00,0.99,TRUE,TRUE,0.17,0.17,0.18,,,seq.11988.24,0.02,
PTPRK_44150,OID44150,PTPRK,Q15262,4,0.00,27.35,24.64,0.24,0.34,22.00,0.28,0.38,0.27,-1.34,2.97,0.00,0.96,FALSE,FALSE,0.22,0.22,0.22,prot.3609,0.17,,,
PTPRN2_44152,OID44152,PTPRN2,Q92932,4,0.00,0.00,9.30,-0.19,0.13,22.00,0.34,0.45,0.33,-1.48,3.06,0.00,0.86,FALSE,FALSE,0.22,0.22,0.22,,,seq.26046.3,-0.02,
PTPRN_44151,OID44151,PTPRN,Q16849,4,0.00,0.00,7.35,0.07,0.10,22.00,0.38,0.38,0.37,-1.49,2.26,0.01,0.84,FALSE,FALSE,0.32,0.32,0.33,prot.7080,0.24,seq.25954.3,0.03,
PTPRR_44153,OID44153,PTPRR,Q15256,4,0.00,0.00,14.63,0.01,0.21,22.00,0.37,0.48,0.38,-1.34,2.48,0.00,0.97,FALSE,FALSE,0.29,0.29,0.30,,,seq.6361.49,0.19,
PTPRS_45242,OID45242,PTPRS,Q13332,6,1.11,1.97,6.80,-0.03,0.10,21.00,0.43,0.32,0.45,-1.71,1.68,0.00,0.81,FALSE,FALSE,0.49,0.48,0.50,prot.3408,0.25,seq.6049.64,0.44,
PTPRZ1_44880,OID44880,PTPRZ1,P23471,5,0.07,5.71,13.02,0.57,0.19,22.00,0.76,0.42,0.77,-0.68,2.36,0.00,0.94,TRUE,TRUE,0.57,0.57,0.58,,,seq.34709.61,0.73,
PTRHD1_44881,OID44881,PTRHD1,Q6GMV3,5,0.07,27.37,26.55,3.81,0.39,22.00,4.06,0.72,4.05,-0.93,7.05,0.00,0.94,FALSE,FALSE,0.47,0.46,0.47,prot.3964,0.38,seq.20386.15,0.19,
PTS_42968,OID42968,PTS,Q03393,3,0.00,48.30,17.35,0.71,0.27,22.00,0.81,0.82,0.75,-3.02,4.56,0.01,0.99,FALSE,FALSE,0.21,0.20,0.21,,,seq.12014.19,0.07,
PTTG1_42969,OID42969,PTTG1,O95997,3,0.00,77.11,218.06,-2.86,2.71,22.00,-1.74,2.88,-0.77,-6.45,8.08,0.00,0.00,FALSE,FALSE,0.00,0.00,0.00,,,seq.17727.1,-0.04,
PTTG2_44154,OID44154,PTTG2,Q9NZH5,4,0.00,52.26,24.84,-1.00,0.36,22.00,-0.11,1.00,-0.38,-2.16,5.63,0.04,0.99,FALSE,FALSE,0.10,0.09,0.10,,,,,
PTTG3P_40538,OID40538,PTTG3P,Q9NZH4,1,0.00,76.06,183.88,0.02,3.87,22.00,0.01,3.63,0.12,-6.61,10.29,0.00,0.00,FALSE,FALSE,-0.02,-0.02,-0.01,,,seq.35017.13,-0.06,
PTX3_44882,OID44882,PTX3,P26022,5,0.07,47.21,27.06,-0.91,0.39,22.00,-0.35,0.69,-0.34,-3.67,2.28,0.00,1.00,FALSE,FALSE,0.43,0.42,0.44,prot.2362,0.54,seq.6447.73,0.00,
PUDP_44883,OID44883,PUDP,Q08623,5,0.07,51.95,19.96,1.03,0.28,22.00,0.73,0.50,0.70,-1.21,3.61,0.00,0.99,TRUE,FALSE,0.33,0.32,0.33,prot.3298,0.24,seq.20912.10,0.27,
PVALB_44155,OID44155,PVALB,P20472,4,0.00,0.07,9.14,0.03,0.14,22.00,2.32,1.03,2.44,-2.09,6.08,0.00,0.82,TRUE,FALSE,0.39,0.37,0.39,prot.6532,0.27,,,
PVR_44884,OID44884,PVR,P15151,5,0.07,0.97,7.95,0.44,0.11,22.00,0.36,0.40,0.36,-1.37,2.10,0.00,0.99,TRUE,FALSE,0.30,0.29,0.31,,,seq.8064.125,0.00,
PXDC1_41680,OID41680,PXDC1,Q5TGL8,2,0.14,72.20,226.82,-0.03,2.73,22.00,0.67,3.46,0.15,-5.24,12.57,0.00,0.00,FALSE,FALSE,0.02,0.02,0.02,,,seq.28576.19,0.02,
PXDNL_44156,OID44156,PXDNL,A1KZ92,4,0.00,56.78,18.76,-0.02,0.28,22.00,0.14,0.78,0.10,-2.76,6.13,0.02,0.90,TRUE,FALSE,0.12,0.12,0.13,,,seq.11324.3,-0.03,
PXN_42970,OID42970,PXN,P49023,3,0.00,21.71,14.00,0.27,0.20,22.00,0.20,0.48,0.20,-1.66,2.92,0.00,0.99,TRUE,TRUE,0.33,0.31,0.33,,,seq.30389.43,0.27,
PYCR2_41681,OID41681,PYCR2,Q96C36,2,0.14,67.18,52.08,0.73,0.92,22.00,0.94,1.24,1.01,-6.41,6.00,0.00,1.00,FALSE,FALSE,0.19,0.19,0.20,prot.4858,0.26,seq.18328.36,0.06,
PYDC1_44157,OID44157,PYDC1,Q8WXC3,4,0.00,32.36,12.86,1.14,0.18,22.00,0.24,0.75,0.18,-2.12,6.14,0.01,0.99,TRUE,FALSE,0.17,0.15,0.18,,,seq.12835.101,-0.06,
PYHIN1_44158,OID44158,PYHIN1,Q6K0P9,4,0.00,5.50,14.97,-1.84,0.23,22.00,-1.97,0.69,-2.02,-3.82,2.40,0.00,1.00,FALSE,FALSE,0.36,0.35,0.37,,,,,
PYM1_44885,OID44885,PYM1,Q9BRP8,5,0.07,0.00,18.23,2.68,0.24,22.00,3.15,0.89,3.12,-0.36,9.26,0.00,0.99,FALSE,FALSE,0.70,0.69,0.70,prot.5196,0.83,seq.29989.145,0.81,6
PYY_42971,OID42971,PYY,P10082,3,0.00,57.69,80.17,0.37,0.80,22.00,0.42,1.46,0.38,-7.40,6.38,0.00,0.99,FALSE,FALSE,0.47,0.46,0.48,,,seq.3727.35,0.79,
PZP_45485,OID45485,PZP,P20742,8,0.84,21.82,22.81,-2.21,0.36,22.00,-0.37,1.26,-0.32,-3.35,4.85,0.00,0.03,TRUE,TRUE,0.65,0.63,0.66,prot.2237,0.87,seq.6580.29,0.97,
QDPR_44886,OID44886,QDPR,P09417,5,0.07,0.00,15.72,0.72,0.25,22.00,0.83,0.44,0.82,-0.97,2.70,0.00,0.99,TRUE,FALSE,0.62,0.62,0.64,prot.1932,0.47,seq.11257.1,0.76,
QPCT_45243,OID45243,QPCT,Q16769,6,1.11,5.77,7.41,0.47,0.11,21.00,0.49,0.40,0.53,-1.44,2.16,0.00,0.98,TRUE,TRUE,0.65,0.64,0.65,prot.3713,0.23,seq.7849.3,0.70,
QRICH2_41682,OID41682,QRICH2,Q9H0J4,2,0.14,77.77,39.00,-0.83,0.57,22.00,-0.08,0.85,-0.14,-2.85,5.65,0.00,0.99,FALSE,FALSE,0.02,0.02,0.02,,,,,
QSER1_41683,OID41683,QSER1,Q2KHR3,2,0.14,94.98,54.96,-0.58,1.08,22.00,-0.77,1.63,-0.48,-7.96,4.30,0.00,0.94,FALSE,FALSE,0.02,0.02,0.02,,,,,
QSOX2_41684,OID41684,QSOX2,Q6ZRP7,2,0.14,74.98,42.93,-0.62,0.62,22.00,0.30,1.15,0.20,-6.52,6.30,0.00,0.94,FALSE,FALSE,0.05,0.05,0.05,prot.4093,0.04,seq.8397.147,0.05,
R3HCC1L_41686,OID41686,R3HCC1L,Q7Z5L2,2,0.14,81.67,41.60,-0.90,0.63,22.00,-0.36,0.99,-0.44,-4.20,6.21,0.00,0.99,FALSE,FALSE,0.03,0.03,0.03,,,,,
R3HCC1_41685,OID41685,R3HCC1,Q9Y3T6,2,0.14,36.31,43.08,0.56,0.69,22.00,0.67,0.90,0.64,-3.01,4.35,0.00,1.00,FALSE,FALSE,0.12,0.12,0.12,,,seq.29608.69,0.07,
R3HDM1_40539,OID40539,R3HDM1,Q15032,1,0.00,85.59,197.80,-1.74,3.34,22.00,-0.14,2.84,0.21,-7.18,12.13,0.00,0.01,FALSE,FALSE,0.02,0.02,0.02,,,,,
RAB10_44887,OID44887,RAB10,P61026,5,0.07,12.74,38.96,1.27,0.47,22.00,1.53,0.61,1.53,-1.24,4.91,0.00,0.99,FALSE,FALSE,0.48,0.48,0.48,prot.2997,0.50,,,
RAB11A_41687,OID41687,RAB11A,P62491,2,0.14,80.21,64.94,-0.02,0.82,22.00,-0.05,1.33,0.10,-7.92,5.57,0.00,0.99,FALSE,FALSE,0.04,0.04,0.04,prot.901,0.01,seq.17744.31,0.03,
RAB11FIP3_44888,OID44888,RAB11FIP3,O75154,5,0.07,17.69,31.85,3.05,0.50,22.00,3.56,0.92,3.62,-2.00,7.22,0.00,0.89,FALSE,FALSE,0.56,0.56,0.56,prot.1374,0.46,seq.25500.6,0.59,
RAB11FIP5_41688,OID41688,RAB11FIP5,Q9BXF6,2,0.14,58.54,33.42,-0.47,1.10,22.00,-0.41,1.42,-0.35,-8.26,7.39,0.00,0.95,FALSE,FALSE,0.06,0.06,0.06,prot.5298,0.06,,,
RAB19_40540,OID40540,RAB19,A4D1S5,1,0.00,85.66,54.04,-1.36,0.88,22.00,-0.84,1.72,-0.83,-8.68,9.71,0.03,0.99,FALSE,FALSE,0.02,0.02,0.03,,,,,
RAB27B_44889,OID44889,RAB27B,O00194,5,0.07,19.08,21.20,4.03,0.33,22.00,4.36,0.69,4.45,-2.09,5.68,0.00,0.51,FALSE,FALSE,0.57,0.57,0.58,prot.1021,0.54,seq.13596.3,0.05,
RAB2B_44159,OID44159,RAB2B,Q8WUD1,4,0.00,7.59,18.37,-2.90,0.27,22.00,-2.40,0.70,-2.45,-4.63,3.57,0.02,1.00,FALSE,FALSE,0.37,0.36,0.37,prot.4650,0.45,seq.19253.82,0.18,
RAB33A_42972,OID42972,RAB33A,Q14088,3,0.00,76.62,398.38,0.54,1.81,22.00,0.53,2.07,0.49,-7.14,9.46,0.07,0.93,FALSE,FALSE,0.11,0.11,0.12,prot.3480,0.19,seq.23255.7,0.14,
RAB36_42973,OID42973,RAB36,O95755,3,0.00,91.44,50.48,-0.52,0.85,22.00,-0.41,1.73,-0.12,-7.07,6.19,0.05,0.18,FALSE,FALSE,0.03,0.02,0.03,,,seq.28228.18,0.02,
RAB37_42974,OID42974,RAB37,Q96AX2,3,0.00,0.14,17.63,-1.02,0.25,22.00,-0.56,0.75,-0.54,-3.99,3.01,0.01,1.00,FALSE,FALSE,0.44,0.43,0.45,prot.4833,0.63,seq.23282.19,-0.09,
RAB38_40541,OID40541,RAB38,P57729,1,0.00,67.29,34.93,-0.14,0.40,22.00,0.21,0.80,0.05,-1.76,5.85,0.04,1.00,FALSE,FALSE,0.06,0.06,0.06,prot.2960,0.03,seq.23310.51,-0.04,
RAB39A_41689,OID41689,RAB39A,Q14964,2,0.14,85.02,76.49,-1.70,1.95,22.00,-1.52,2.30,-1.05,-8.15,7.10,0.00,0.00,FALSE,FALSE,0.01,0.01,0.01,,,seq.32694.5,0.01,
RAB39B_42975,OID42975,RAB39B,Q96DA2,3,0.00,59.99,40.55,-4.31,0.68,22.00,-2.99,1.49,-3.29,-6.00,6.89,0.03,0.97,FALSE,FALSE,0.08,0.08,0.08,prot.4880,0.08,seq.12403.30,0.02,
RAB3B_40542,OID40542,RAB3B,P20337,1,0.00,92.48,127.47,0.10,1.92,22.00,0.07,2.22,0.32,-7.12,6.75,0.03,0.94,FALSE,FALSE,0.03,0.03,0.03,,,seq.16847.39,0.02,
RAB3C_41690,OID41690,RAB3C,Q96E17,2,0.14,91.99,79.80,-2.69,2.58,22.00,-1.38,1.98,-1.08,-8.03,5.68,0.00,0.02,FALSE,FALSE,0.02,0.02,0.02,prot.4895,0.01,seq.19586.89,0.01,
RAB3GAP1_42976,OID42976,RAB3GAP1,Q15042,3,0.00,77.80,114.44,-2.35,2.62,22.00,-0.06,2.54,0.20,-6.96,10.45,0.02,0.03,FALSE,FALSE,0.05,0.05,0.05,prot.3577,0.07,,,
RAB3IL1_44160,OID44160,RAB3IL1,Q8TBN0,4,0.00,9.81,56.41,0.37,0.45,22.00,1.12,0.91,1.00,-1.11,6.25,0.01,0.94,FALSE,FALSE,0.32,0.31,0.32,prot.7640,0.03,seq.21375.34,0.25,
RAB3IP_44161,OID44161,RAB3IP,Q96QF0,4,0.00,0.28,26.38,2.11,0.37,22.00,2.87,0.81,2.91,-0.51,6.63,0.01,0.99,FALSE,FALSE,0.47,0.47,0.48,prot.5054,0.39,,,4
RAB44_42977,OID42977,RAB44,Q7Z6P3,3,0.00,38.90,30.11,-1.46,0.45,22.00,-1.08,0.70,-1.06,-3.32,2.27,0.00,0.99,FALSE,FALSE,0.09,0.09,0.10,prot.4201,-0.02,,,
RAB6B_42978,OID42978,RAB6B,Q9NRW1,3,0.00,86.15,22.97,-1.06,0.36,22.00,-0.75,0.71,-0.85,-2.15,4.88,0.03,0.91,FALSE,FALSE,0.12,0.11,0.12,prot.5676,0.07,seq.14271.23,0.14,
RABEP1_44890,OID44890,RABEP1,Q15276,5,0.07,1.25,19.21,1.63,0.29,22.00,2.06,0.57,2.05,-0.14,6.29,0.00,0.99,FALSE,FALSE,0.61,0.60,0.61,prot.3610,0.56,seq.24417.22,0.65,4
RABEP2_44163,OID44163,RABEP2,Q9H5N1,4,0.00,29.37,23.39,1.99,0.35,22.00,2.49,0.72,2.53,-1.35,6.04,0.01,1.00,FALSE,FALSE,0.49,0.48,0.49,prot.5490,0.48,,,4
RABEPK_42979,OID42979,RABEPK,Q7Z6M1,3,0.00,84.06,40.79,0.73,0.68,22.00,0.54,0.77,0.56,-2.25,6.35,0.00,1.00,FALSE,FALSE,0.08,0.07,0.08,,,seq.13599.15,0.03,
RABGAP1L_42980,OID42980,RABGAP1L,Q5R372,3,0.00,19.62,30.35,0.90,0.40,22.00,1.22,0.63,1.18,-0.33,6.06,0.01,0.96,FALSE,FALSE,0.43,0.43,0.44,,,seq.25286.33,0.59,
RABGGTA_40543,OID40543,RABGGTA,Q92696,1,0.00,58.18,52.40,-0.48,0.87,22.00,-0.05,1.04,-0.07,-3.57,6.68,0.01,0.93,FALSE,FALSE,0.05,0.04,0.05,prot.4744,0.04,,,
RABL2B_41691,OID41691,RABL2B,Q9UNT1,2,0.14,57.21,23.95,2.36,0.35,22.00,2.45,0.73,2.42,-0.62,6.49,0.00,1.00,FALSE,FALSE,0.38,0.36,0.39,,,seq.34842.36,0.34,
RAC3_42981,OID42981,RAC3,P60763,3,0.00,69.17,20.82,-0.07,0.32,22.00,0.34,0.83,0.23,-1.65,6.57,0.03,0.83,FALSE,FALSE,0.07,0.06,0.07,prot.6568,-0.01,seq.16769.20,0.00,
RAD23B_42982,OID42982,RAD23B,P54727,3,0.00,16.14,14.42,0.64,0.20,22.00,0.77,0.41,0.76,-0.61,3.20,0.00,1.00,FALSE,FALSE,0.43,0.42,0.44,prot.2896,0.38,seq.12522.6,0.55,
RAD51AP1_41692,OID41692,RAD51AP1,Q96B01,2,0.14,76.86,119.90,-2.74,2.55,22.00,-1.63,2.48,-1.00,-6.78,8.16,0.00,0.00,FALSE,FALSE,0.00,0.00,0.00,,,,,
RAD51AP2_41693,OID41693,RAD51AP2,Q09MP3,2,0.14,86.90,50.00,-0.57,0.89,22.00,-0.13,1.24,-0.08,-7.55,4.67,0.00,1.00,FALSE,FALSE,0.02,0.02,0.02,,,,,
RAD51_42983,OID42983,RAD51,Q06609,3,0.00,91.65,23.52,0.03,0.32,22.00,0.02,0.77,-0.06,-2.13,7.38,0.03,0.99,FALSE,FALSE,0.05,0.04,0.05,,,seq.2871.73,0.00,
RADIL_41694,OID41694,RADIL,Q96JH8,2,0.14,50.10,26.05,-0.61,0.36,22.00,-0.12,0.81,-0.28,-2.29,7.33,0.00,0.99,FALSE,FALSE,0.09,0.08,0.09,prot.4986,0.08,,,
RAET1L_ULBP2_44377,OID44377,RAET1L_ULBP2,Q5VY80_Q9BZM5,4,0.00,0.42,8.67,0.09,0.12,22.00,0.53,0.47,0.51,-1.00,3.24,0.01,1.00,TRUE,FALSE,0.43,0.42,0.44,,,seq.20526.3,0.43,
RALBP1_40544,OID40544,RALBP1,Q15311,1,0.00,55.53,39.56,0.33,0.51,22.00,0.77,0.62,0.76,-1.44,3.74,0.00,0.85,FALSE,FALSE,0.30,0.29,0.30,prot.3614,0.44,,,
RALB_44164,OID44164,RALB,P11234,4,0.00,72.58,39.03,-0.07,0.57,22.00,0.02,0.78,0.06,-7.69,3.86,0.00,0.74,FALSE,FALSE,0.15,0.15,0.15,prot.2018,0.11,seq.18432.32,0.02,
RALGAPA2_40545,OID40545,RALGAPA2,Q2PPJ7,1,0.00,80.24,49.85,-0.70,0.76,22.00,-0.28,1.19,-0.27,-7.68,7.84,0.02,0.99,FALSE,FALSE,0.05,0.04,0.05,prot.3732,0.07,,,
RALGPS1_42984,OID42984,RALGPS1,Q5JS13,3,0.00,65.69,36.96,-1.59,0.52,22.00,-0.21,1.38,-0.43,-5.63,6.70,0.01,1.00,FALSE,FALSE,0.04,0.03,0.04,,,seq.34141.23,0.00,
RALGPS2_41696,OID41696,RALGPS2,Q86X27,2,0.14,83.83,26.16,-2.18,0.39,22.00,-1.97,0.69,-2.08,-3.72,3.14,0.00,0.96,FALSE,FALSE,0.05,0.04,0.05,,,,,
RALYL_40546,OID40546,RALYL,Q86SE5,1,0.00,74.95,59.45,-0.21,0.97,22.00,0.31,1.12,0.29,-4.06,8.42,0.01,0.99,FALSE,FALSE,0.05,0.05,0.06,prot.6684,0.03,seq.22545.20,0.06,
RALY_44165,OID44165,RALY,Q9UKM9,4,0.00,35.49,33.63,-1.16,0.44,22.00,-0.78,0.55,-0.79,-2.84,2.48,0.01,1.00,FALSE,FALSE,0.24,0.23,0.24,prot.6008,0.27,seq.30565.88,0.02,
RAMP2_42985,OID42985,RAMP2,O60895,3,0.00,29.16,8.40,0.22,0.12,22.00,0.24,0.36,0.22,-0.85,2.99,0.01,1.00,FALSE,FALSE,0.15,0.14,0.16,,,seq.34655.39,-0.01,
RAMP3_40547,OID40547,RAMP3,O60896,1,0.00,61.66,89.41,0.23,1.21,22.00,0.78,1.36,0.77,-8.08,6.95,0.01,0.99,FALSE,FALSE,0.04,0.04,0.05,,,seq.15437.11,-0.03,
RANBP1_44166,OID44166,RANBP1,P43487,4,0.00,16.21,20.56,3.17,0.26,22.00,3.35,0.69,3.32,0.89,6.66,0.00,1.00,FALSE,FALSE,0.55,0.54,0.55,,,seq.18191.23,0.57,
RANBP2_42986,OID42986,RANBP2,P49792,3,0.00,72.37,31.46,-1.01,0.47,22.00,-0.46,0.92,-0.55,-3.58,5.14,0.02,0.99,FALSE,FALSE,0.06,0.06,0.06,prot.6555,0.05,,,
RANBP3L_40548,OID40548,RANBP3L,Q86VV4,1,0.00,61.31,57.97,-0.95,0.73,22.00,-0.12,1.15,-0.28,-3.46,6.87,0.02,0.98,FALSE,FALSE,0.03,0.03,0.04,,,,,
RANBP6_40549,OID40549,RANBP6,O60518,1,0.00,87.47,66.91,-0.91,1.60,22.00,-0.12,1.56,0.09,-6.95,3.88,0.04,0.99,FALSE,FALSE,0.02,0.02,0.03,prot.1318,0.03,,,
RANGAP1_42987,OID42987,RANGAP1,P46060,3,0.00,91.02,32.61,0.02,0.40,22.00,0.08,0.52,0.07,-2.14,5.12,0.01,1.00,FALSE,FALSE,0.05,0.05,0.06,prot.2654,0.01,seq.25036.10,0.04,
RANGRF_41697,OID41697,RANGRF,Q9HD47,2,0.14,90.45,38.58,-0.81,0.59,22.00,-0.59,0.84,-0.60,-4.87,4.56,0.00,1.00,FALSE,FALSE,0.03,0.03,0.03,,,seq.30370.19,0.01,
RAP1A_42988,OID42988,RAP1A,P62834,3,0.00,79.19,44.92,0.43,0.62,22.00,0.09,1.46,0.01,-8.48,7.05,0.02,1.00,FALSE,FALSE,0.07,0.07,0.07,prot.3068,0.03,seq.19342.81,0.05,
RAP1GAP_42989,OID42989,RAP1GAP,P47736,3,0.00,79.33,24.13,0.55,0.34,22.00,-0.43,0.71,-0.51,-2.32,5.86,0.03,1.00,FALSE,FALSE,0.05,0.05,0.05,prot.7634,0.01,seq.13735.1,0.00,
RAP1GDS1_42990,OID42990,RAP1GDS1,P52306,3,0.00,46.56,34.49,-1.94,0.50,22.00,-0.75,1.49,-1.11,-4.67,7.01,0.01,1.00,FALSE,FALSE,0.09,0.08,0.09,prot.7042,0.02,seq.14106.46,0.01,
RAPGEF2_44167,OID44167,RAPGEF2,Q9Y4G8,4,0.00,35.35,25.55,0.81,0.56,22.00,1.34,0.95,1.32,-5.62,6.45,0.02,0.59,FALSE,FALSE,0.30,0.29,0.31,,,,,
RAPGEF6_41698,OID41698,RAPGEF6,Q8TEU7,2,0.14,79.58,79.93,-0.68,2.18,22.00,-0.13,2.03,0.15,-7.19,8.69,0.00,0.01,FALSE,FALSE,0.02,0.02,0.02,,,,,
RARRES1_42991,OID42991,RARRES1,P49788,3,0.00,32.08,23.23,-0.96,0.35,22.00,-0.90,0.54,-0.93,-2.28,3.98,0.01,0.99,TRUE,TRUE,0.20,0.19,0.21,prot.2756,0.20,seq.8398.277,0.21,
RARRES2_45404,OID45404,RARRES2,Q99969,7,0.07,0.00,14.06,-0.64,0.20,22.00,-0.12,0.55,-0.13,-2.14,4.73,0.00,1.00,TRUE,TRUE,0.61,0.61,0.61,prot.5163,0.51,seq.3079.62,0.65,
RASA1_42992,OID42992,RASA1,P20936,3,0.00,91.72,21.17,1.92,0.34,22.00,-0.05,0.54,-0.06,-1.76,2.42,0.00,0.99,FALSE,FALSE,0.08,0.08,0.08,prot.2246,0.02,seq.5481.16,-0.01,
RASEF_40550,OID40550,RASEF,Q8IZ41,1,0.00,91.79,234.83,-0.49,2.98,22.00,-0.02,2.92,0.50,-6.13,8.15,0.00,0.00,FALSE,FALSE,0.03,0.03,0.03,,,,,
RASGRF1_42993,OID42993,RASGRF1,Q13972,3,0.00,79.75,82.20,-0.28,1.04,22.00,0.24,1.43,0.25,-7.49,8.92,0.02,0.99,FALSE,FALSE,0.04,0.03,0.04,,,,,
RASGRP2_44168,OID44168,RASGRP2,Q7LDG7,4,0.00,0.07,24.71,3.24,0.34,22.00,3.68,0.96,3.70,-0.67,7.91,0.01,1.00,FALSE,FALSE,0.64,0.64,0.64,prot.4156,0.75,,,
RASSF10_41701,OID41701,RASSF10,A6NK89,2,0.14,74.01,29.95,0.28,0.49,22.00,0.21,0.71,0.14,-2.27,5.14,0.00,0.99,FALSE,FALSE,0.03,0.03,0.03,,,,,
RASSF2_42994,OID42994,RASSF2,P50749,3,0.00,36.33,32.88,0.33,0.56,22.00,0.46,0.65,0.43,-1.64,4.34,0.01,0.99,FALSE,FALSE,0.14,0.14,0.15,prot.2793,0.13,seq.22013.6,0.10,
RASSF5_41702,OID41702,RASSF5,Q8WWW0,2,0.14,62.86,56.10,0.07,0.89,22.00,0.72,0.98,0.71,-3.91,5.29,0.00,0.92,FALSE,FALSE,0.07,0.06,0.07,prot.4683,-0.03,seq.23406.3,-0.01,
RASSF7_41703,OID41703,RASSF7,Q02833,2,0.14,86.48,44.82,-1.41,0.77,22.00,-1.01,0.85,-0.99,-4.54,4.21,0.00,0.99,FALSE,FALSE,0.02,0.02,0.02,,,,,
RASSF9_40551,OID40551,RASSF9,O75901,1,0.00,85.59,279.05,0.60,1.66,22.00,1.67,2.45,0.21,-0.85,12.39,0.31,0.00,FALSE,FALSE,0.05,0.04,0.05,,,seq.34787.19,0.04,
RAX_41704,OID41704,RAX,Q9Y2V3,2,0.14,83.76,142.20,-2.05,2.76,22.00,-1.43,2.61,-0.81,-6.95,8.73,0.00,0.00,FALSE,FALSE,-0.01,-0.01,-0.01,,,seq.34975.22,-0.03,
RBBP5_41705,OID41705,RBBP5,Q15291,2,0.14,88.50,120.67,-1.60,1.84,22.00,-1.03,2.07,-0.82,-7.60,8.79,0.00,0.01,FALSE,FALSE,0.02,0.02,0.02,prot.7479,0.02,seq.13631.1,0.02,
RBBP8_40552,OID40552,RBBP8,Q99708,1,0.00,90.95,38.22,-0.67,0.59,22.00,-0.41,0.88,-0.39,-3.78,4.92,0.01,0.98,FALSE,FALSE,0.03,0.02,0.03,,,,,
RBBP9_40553,OID40553,RBBP9,O75884,1,0.00,78.91,206.95,3.30,2.31,22.00,0.11,3.22,0.19,-7.01,9.33,0.00,0.00,FALSE,FALSE,0.02,0.02,0.02,prot.7660,0.00,seq.10064.12,-0.02,
RBFA_40554,OID40554,RBFA,Q8N0V3,1,0.00,98.33,195.26,1.36,2.47,22.00,0.55,3.42,0.30,-6.28,7.96,0.00,0.00,FALSE,FALSE,0.02,0.01,0.02,prot.7839,0.00,,,
RBFOX3_42995,OID42995,RBFOX3,A6NFN3,3,0.00,10.44,18.41,0.06,0.26,22.00,-0.05,0.57,-0.08,-1.93,3.66,0.01,0.95,FALSE,FALSE,0.24,0.23,0.24,,,,,
RBKS_44169,OID44169,RBKS,Q9H477,4,0.00,0.07,13.91,1.25,0.21,22.00,0.87,0.71,0.83,-6.39,3.62,0.00,1.00,FALSE,FALSE,0.39,0.38,0.40,prot.7620,-0.09,seq.19467.3,0.28,
RBM17_44170,OID44170,RBM17,Q96I25,4,0.00,38.34,27.61,0.90,0.43,22.00,1.21,0.69,1.19,-1.39,5.24,0.00,0.99,FALSE,FALSE,0.43,0.43,0.44,prot.4957,0.23,seq.17391.10,0.54,
RBM19_42996,OID42996,RBM19,Q9Y4C8,3,0.00,73.76,46.82,-0.81,0.69,22.00,-0.76,1.04,-0.78,-5.37,7.30,0.02,1.00,FALSE,FALSE,0.04,0.04,0.04,,,seq.11468.15,0.05,
RBM20_41706,OID41706,RBM20,Q5T481,2,0.14,86.27,298.41,-0.86,3.21,22.00,0.11,2.81,0.26,-6.74,10.41,0.00,0.00,FALSE,FALSE,0.04,0.03,0.04,,,seq.35157.27,0.07,
RBM22_41707,OID41707,RBM22,Q9NW64,2,0.14,73.59,329.90,-1.75,3.07,22.00,-0.26,2.65,0.12,-6.41,8.81,0.00,0.00,FALSE,FALSE,-0.01,-0.01,0.00,,,seq.12980.31,-0.04,
RBM25_42997,OID42997,RBM25,P49756,3,0.00,90.12,77.63,0.30,0.81,22.00,-0.49,1.96,-0.24,-7.71,7.45,0.05,0.41,FALSE,FALSE,0.05,0.05,0.05,prot.7529,0.08,,,
RBM27_41708,OID41708,RBM27,Q9P2N5,2,0.14,75.05,39.03,-0.65,0.62,22.00,-0.34,1.02,-0.37,-8.79,5.45,0.00,0.95,FALSE,FALSE,0.04,0.04,0.05,,,,,
RBM33_41709,OID41709,RBM33,Q96EV2,2,0.14,78.12,78.07,-1.31,1.72,22.00,-0.45,1.78,-0.26,-7.41,6.47,0.00,0.81,FALSE,FALSE,0.01,0.01,0.01,prot.4907,-0.01,,,
RBM3_42998,OID42998,RBM3,P98179,3,0.00,23.59,30.80,1.78,0.42,22.00,2.32,0.95,2.20,0.00,9.76,0.02,0.99,FALSE,FALSE,0.44,0.43,0.44,prot.3170,0.43,seq.12747.89,0.49,
RBM48_40555,OID40555,RBM48,Q5RL73,1,0.00,68.48,41.72,-1.87,0.60,22.00,-1.39,1.24,-1.59,-5.43,6.38,0.03,0.99,FALSE,FALSE,0.04,0.03,0.04,,,,,
RBMS3_41710,OID41710,RBMS3,Q6XE24,2,0.14,69.48,111.04,-4.15,2.49,22.00,-2.47,2.67,-1.83,-7.38,8.77,0.00,0.00,FALSE,FALSE,0.00,0.00,0.01,,,seq.33262.2,0.01,
RBP1_42999,OID42999,RBP1,P09455,3,0.00,88.24,81.16,-0.65,1.77,22.00,-0.37,1.81,-0.14,-7.85,7.92,0.04,0.84,FALSE,FALSE,0.08,0.07,0.08,prot.1934,0.13,seq.22955.28,0.03,
RBP2_44171,OID44171,RBP2,P50120,4,0.00,0.00,34.07,-0.27,0.38,22.00,0.08,0.90,0.03,-2.66,3.09,0.00,0.61,FALSE,FALSE,0.21,0.21,0.24,,,seq.19803.34,-0.04,10
RBP4_45487,OID45487,RBP4,P02753,8,0.84,0.00,15.38,1.96,0.23,22.00,0.47,0.67,0.45,-1.55,4.18,0.00,0.99,FALSE,FALSE,0.71,0.70,0.71,,,seq.15633.6,0.85,
RBP5_44172,OID44172,RBP5,P82980,4,0.00,33.33,18.26,0.63,0.26,22.00,0.18,0.80,0.15,-3.97,3.24,0.00,0.97,TRUE,TRUE,0.56,0.56,0.57,,,seq.19241.31,0.80,
RBP7_44173,OID44173,RBP7,Q96R05,4,0.00,34.03,17.35,-0.55,0.28,22.00,-0.38,0.53,-0.41,-2.37,2.76,0.01,0.99,TRUE,FALSE,0.36,0.35,0.37,,,seq.14208.3,0.38,
RBPMS2_44175,OID44175,RBPMS2,Q6ZRY4,4,0.00,7.31,29.27,2.81,0.50,22.00,3.53,0.95,3.61,-1.46,7.00,0.01,0.99,TRUE,FALSE,0.62,0.61,0.62,prot.4095,0.58,seq.23300.3,0.75,4
RBPMS_44174,OID44174,RBPMS,Q93062,4,0.00,44.68,101.78,-0.20,0.71,22.00,0.32,1.17,0.10,-2.66,9.29,0.04,0.99,FALSE,FALSE,0.08,0.08,0.09,,,seq.33845.16,0.00,
RC3H1_43000,OID43000,RC3H1,Q5TC82,3,0.00,20.88,27.99,1.72,0.38,22.00,1.99,0.55,1.96,0.08,5.03,0.00,0.99,FALSE,FALSE,0.44,0.42,0.44,,,,,
RCC1_43001,OID43001,RCC1,P18754,3,0.00,67.15,29.08,-0.85,0.42,22.00,-0.61,0.69,-0.67,-2.52,6.18,0.02,0.99,FALSE,FALSE,0.05,0.05,0.05,prot.6528,0.02,seq.31745.6,-0.03,
RCOR1_43002,OID43002,RCOR1,Q9UKL0,3,0.00,47.25,20.16,-0.59,0.29,22.00,-0.26,0.81,-0.35,-2.36,7.77,0.02,0.99,FALSE,FALSE,0.15,0.14,0.15,,,,,
RCSD1_41711,OID41711,RCSD1,Q6JBY9,2,0.14,71.15,59.40,-0.56,0.83,22.00,-0.41,1.13,-0.34,-7.49,4.20,0.00,0.99,FALSE,FALSE,0.02,0.02,0.02,prot.3977,-0.03,seq.23620.16,0.01,
RECK_44176,OID44176,RECK,O95980,4,0.00,11.13,13.05,0.02,0.21,22.00,0.16,0.25,0.17,-0.98,1.80,0.01,0.99,FALSE,FALSE,0.30,0.30,0.30,prot.1600,0.12,seq.29434.66,0.25,
RECQL5_40556,OID40556,RECQL5,O94762,1,0.00,59.01,150.81,-4.42,2.89,22.00,-2.52,2.68,-1.80,-8.30,5.03,0.00,0.00,FALSE,FALSE,0.04,0.04,0.04,,,,,
REEP4_44177,OID44177,REEP4,Q9H6H4,4,0.00,29.09,29.44,1.70,0.42,22.00,1.86,0.69,1.87,-0.85,5.25,0.00,0.99,FALSE,FALSE,0.47,0.47,0.48,prot.5495,0.50,seq.34717.163,-0.14,
REG1A_45405,OID45405,REG1A,P05451,7,0.07,1.95,9.68,-0.14,0.13,22.00,0.29,0.63,0.19,-1.26,4.98,0.00,0.97,FALSE,FALSE,0.74,0.73,0.74,prot.1809,0.23,seq.13095.51,0.89,14
REG1B_45244,OID45244,REG1B,P48304,6,1.11,1.97,12.92,0.16,0.19,21.00,0.32,0.70,0.24,-1.55,4.68,0.00,1.00,FALSE,FALSE,0.70,0.69,0.70,prot.7652,0.13,seq.16770.3,0.87,14
REG3A_45245,OID45245,REG3A,Q06141,6,1.11,2.18,9.60,-0.88,0.14,21.00,-0.11,0.73,-0.18,-2.07,3.16,0.00,0.68,FALSE,FALSE,0.76,0.75,0.77,prot.3263,0.80,seq.15304.1,0.91,
REG3G_44178,OID44178,REG3G,Q6UW15,4,0.00,43.91,22.27,-0.54,0.30,22.00,-0.09,0.70,-0.15,-1.94,5.10,0.01,1.00,TRUE,FALSE,0.48,0.47,0.49,prot.6668,0.00,seq.15476.6,0.79,
REG4_44891,OID44891,REG4,Q9BYZ8,5,0.07,0.00,8.91,0.29,0.13,22.00,0.02,0.61,-0.06,-1.58,2.92,0.00,0.99,FALSE,FALSE,0.71,0.71,0.72,prot.5334,0.71,seq.11102.22,0.85,
RELB_43003,OID43003,RELB,Q01201,3,0.00,69.94,52.67,-0.09,0.78,22.00,-0.73,1.61,-0.75,-8.57,6.46,0.02,0.99,FALSE,FALSE,0.02,0.02,0.02,,,seq.11464.9,-0.01,
RELCH_44892,OID44892,RELCH,Q9P260,5,0.07,2.65,18.05,2.89,0.24,22.00,2.94,0.75,2.97,-0.55,7.94,0.00,0.93,FALSE,FALSE,0.62,0.62,0.63,prot.5861,0.66,,,4
RELT_45246,OID45246,RELT,Q969Z4,6,1.11,5.77,10.86,0.04,0.16,21.00,0.11,0.40,0.09,-2.01,2.28,0.00,0.99,TRUE,TRUE,0.57,0.57,0.58,,,seq.5115.31,0.61,
REM2_41712,OID41712,REM2,Q8IYK8,2,0.14,89.69,43.03,-0.33,0.68,22.00,-0.12,0.79,-0.14,-3.10,5.87,0.00,0.77,FALSE,FALSE,0.04,0.04,0.05,,,,,
RENBP_43004,OID43004,RENBP,P51606,3,0.00,16.01,20.90,3.41,0.32,22.00,3.39,0.82,3.42,-2.46,7.13,0.01,0.98,TRUE,TRUE,0.54,0.54,0.55,prot.2821,0.64,seq.32037.4,0.63,
REN_44893,OID44893,REN,P00797,5,0.07,4.60,9.76,0.37,0.14,22.00,-0.25,0.80,-0.28,-3.15,4.05,0.00,0.96,FALSE,FALSE,0.76,0.75,0.77,prot.6349,0.02,seq.3396.54,0.92,
REPS1_43005,OID43005,REPS1,Q96D71,3,0.00,46.90,207.10,0.42,3.03,22.00,0.95,3.00,0.86,-6.38,9.42,0.00,0.00,FALSE,FALSE,0.05,0.05,0.05,prot.4878,0.02,,,
REPS2_41713,OID41713,REPS2,Q8NFH8,2,0.14,73.10,44.05,0.52,0.73,22.00,0.63,1.41,0.78,-7.52,5.49,0.00,0.99,FALSE,FALSE,0.16,0.16,0.17,prot.4535,0.26,seq.24944.12,0.16,
RERG_40557,OID40557,RERG,Q96A58,1,0.00,74.32,84.67,-1.38,2.10,22.00,-0.82,2.27,-0.63,-8.65,9.48,0.05,0.30,FALSE,FALSE,0.01,0.01,0.01,,,seq.17822.57,-0.02,
REST_43006,OID43006,REST,Q13127,3,0.00,78.15,64.92,-2.98,1.60,22.00,-0.79,1.83,-0.93,-9.03,7.52,0.03,0.99,FALSE,FALSE,0.04,0.04,0.05,,,,,
RETN_45247,OID45247,RETN,Q9HD89,6,1.11,4.93,9.11,0.05,0.13,21.00,0.02,0.51,0.01,-2.23,2.44,0.00,0.99,TRUE,FALSE,0.68,0.67,0.68,prot.5591,0.47,seq.3046.31,0.78,
RET_44179,OID44179,RET,P07949,4,0.00,0.00,11.31,0.60,0.16,22.00,0.92,0.42,0.94,-0.56,2.41,0.00,0.95,TRUE,FALSE,0.61,0.60,0.62,prot.6508,0.07,seq.3220.40,0.82,
REXO2_43007,OID43007,REXO2,Q9Y3B8,3,0.00,88.24,79.68,-1.22,2.49,22.00,-0.14,1.84,0.10,-7.35,6.28,0.05,0.38,FALSE,FALSE,0.05,0.05,0.05,prot.6178,0.04,seq.13590.1,0.01,
RFC1_41714,OID41714,RFC1,P35251,2,0.14,86.90,224.44,-0.24,1.22,22.00,0.17,1.12,0.19,-7.20,5.10,0.00,0.99,FALSE,FALSE,0.03,0.03,0.03,prot.2525,0.02,,,
RFC4_44180,OID44180,RFC4,P35249,4,0.00,4.11,22.88,-0.14,0.32,22.00,0.56,0.71,0.50,-1.45,5.06,0.01,0.99,FALSE,FALSE,0.26,0.24,0.26,,,seq.23422.47,0.17,
RFFL_43008,OID43008,RFFL,Q8WZ73,3,0.00,83.65,26.86,0.12,0.36,22.00,0.02,0.52,-0.02,-1.47,4.02,0.02,0.86,FALSE,FALSE,0.06,0.06,0.06,prot.4702,0.05,seq.14186.13,0.03,
RFLNA_40558,OID40558,RFLNA,Q6ZTI6,1,0.00,89.07,192.20,-1.11,3.16,22.00,-0.07,3.25,0.25,-5.75,8.94,0.00,0.00,FALSE,FALSE,0.01,0.01,0.01,,,,,
RFTN1_41715,OID41715,RFTN1,Q14699,2,0.14,83.28,80.67,-2.14,1.86,22.00,-1.32,2.38,-0.98,-7.79,8.22,0.00,0.00,FALSE,FALSE,0.02,0.02,0.02,prot.3543,0.03,,,
RFX2_43009,OID43009,RFX2,P48378,3,0.00,62.21,45.44,-1.38,0.76,22.00,-0.39,1.25,-0.43,-8.73,7.97,0.01,1.00,FALSE,FALSE,0.05,0.05,0.06,,,,,
RFX5_41716,OID41716,RFX5,P48382,2,0.14,78.47,85.81,-1.66,2.39,22.00,-0.44,2.11,-0.09,-6.94,6.72,0.00,0.00,FALSE,FALSE,0.03,0.03,0.03,,,seq.24958.3,0.04,
RGCC_44181,OID44181,RGCC,Q9H4X1,4,0.00,2.85,18.45,0.95,0.25,22.00,1.24,0.61,1.20,-0.90,5.18,0.01,0.99,FALSE,FALSE,0.50,0.49,0.50,prot.5487,0.63,,,
RGL2_43010,OID43010,RGL2,O15211,3,0.00,77.38,61.10,-0.45,1.37,22.00,0.28,1.77,0.31,-7.13,10.39,0.04,1.00,FALSE,FALSE,0.05,0.05,0.05,prot.1167,0.06,seq.32722.18,-0.05,
RGMA_44894,OID44894,RGMA,Q96B86,5,0.07,0.00,8.24,0.43,0.12,22.00,0.30,0.37,0.30,-0.95,2.29,0.00,0.99,FALSE,FALSE,0.63,0.62,0.63,,,seq.5483.1,0.73,
RGMB_44895,OID44895,RGMB,Q6NW40,5,0.07,0.00,11.14,0.28,0.17,22.00,0.38,0.34,0.36,-0.65,2.35,0.00,0.98,TRUE,FALSE,0.59,0.58,0.59,,,seq.3331.8,0.65,
RGS10_44182,OID44182,RGS10,O43665,4,0.00,23.38,32.08,1.80,0.55,22.00,2.38,0.86,2.42,-2.81,6.24,0.01,1.00,FALSE,FALSE,0.54,0.53,0.54,prot.1258,0.57,seq.11634.32,0.65,
RGS12_40559,OID40559,RGS12,O14924,1,0.00,83.30,126.36,-1.33,2.81,22.00,0.19,2.09,0.44,-7.43,6.27,0.05,0.27,FALSE,FALSE,0.04,0.04,0.04,,,,,
RGS22_40560,OID40560,RGS22,Q8NE09,1,0.00,61.10,55.56,2.25,0.62,22.00,-2.38,2.95,-1.63,-7.92,7.60,0.00,0.00,FALSE,FALSE,0.04,0.04,0.05,,,,,
RGS3_41717,OID41717,RGS3,P49796,2,0.14,80.91,44.80,-1.36,0.66,22.00,-0.61,1.05,-0.72,-4.33,6.28,0.00,0.78,FALSE,FALSE,0.04,0.04,0.04,prot.2760,0.04,seq.12827.37,0.05,
RGS4_41718,OID41718,RGS4,P49798,2,0.14,80.07,302.87,1.17,2.02,22.00,-0.31,2.77,0.09,-6.64,11.26,0.00,0.00,FALSE,FALSE,0.03,0.03,0.03,,,seq.17855.28,0.06,
RGS5_40561,OID40561,RGS5,O15539,1,0.00,64.30,287.73,-1.70,2.69,22.00,-0.28,3.64,-0.02,-5.85,10.41,0.00,0.00,FALSE,FALSE,0.02,0.02,0.03,prot.1203,0.03,seq.16850.5,-0.02,
RGS6_41719,OID41719,RGS6,P49758,2,0.14,33.45,37.42,2.97,0.61,22.00,3.75,1.07,3.79,-1.16,9.10,0.00,0.99,FALSE,FALSE,0.47,0.46,0.47,prot.2752,0.56,,,
RGS7BP_40562,OID40562,RGS7BP,Q6MZT1,1,0.00,77.66,55.36,-1.85,0.80,22.00,-0.83,1.65,-0.97,-9.35,6.08,0.02,0.87,FALSE,FALSE,0.03,0.03,0.03,,,,,
RGS8_43011,OID43011,RGS8,P57771,3,0.00,58.94,21.93,-0.70,0.34,22.00,-0.24,1.23,-0.54,-3.05,7.15,0.04,0.99,FALSE,FALSE,0.04,0.04,0.05,,,seq.11666.72,-0.02,
RHEX_41720,OID41720,RHEX,Q6ZWK4,2,0.14,92.13,81.51,-1.14,1.67,22.00,0.02,1.70,0.18,-7.46,5.90,0.00,0.64,FALSE,FALSE,0.01,0.00,0.01,,,seq.8102.239,-0.03,
RHOBTB1_41721,OID41721,RHOBTB1,O94844,2,0.14,82.02,77.88,0.11,1.09,22.00,0.30,1.04,0.33,-7.27,5.50,0.00,0.99,FALSE,FALSE,0.02,0.02,0.02,,,,,
RHOC_44183,OID44183,RHOC,P08134,4,0.00,0.35,16.23,2.90,0.23,22.00,2.95,0.64,2.97,-0.11,6.06,0.01,0.99,FALSE,FALSE,0.60,0.60,0.60,prot.1885,0.70,seq.17764.108,0.72,
RHPN1_40563,OID40563,RHPN1,Q8TCX5,1,0.00,79.47,49.96,-0.97,0.74,22.00,-0.34,1.48,-0.56,-7.26,8.09,0.03,1.00,FALSE,FALSE,0.02,0.02,0.02,,,seq.28679.10,0.01,
RIBC1_41722,OID41722,RIBC1,Q8N443,2,0.14,58.54,59.91,-2.13,1.10,22.00,-1.91,2.40,-1.78,-8.88,7.05,0.00,0.03,FALSE,FALSE,0.01,0.01,0.01,,,seq.32544.128,0.00,
RIC8B_40564,OID40564,RIC8B,Q9NVN3,1,0.00,65.76,218.30,0.98,2.38,22.00,2.08,2.82,0.39,-4.22,12.95,0.13,0.00,FALSE,FALSE,0.05,0.04,0.05,,,,,
RICTOR_43012,OID43012,RICTOR,Q6R327,3,0.00,81.14,36.29,-0.26,0.58,22.00,0.02,1.06,0.02,-8.41,5.99,0.01,1.00,FALSE,FALSE,0.03,0.03,0.04,prot.4039,0.00,,,
RIDA_44896,OID44896,RIDA,P52758,5,0.07,0.00,12.58,0.10,0.17,22.00,0.12,0.69,0.07,-2.18,3.06,0.00,1.00,TRUE,FALSE,0.72,0.71,0.72,prot.6559,0.00,seq.14636.25,0.93,
RIGI_42364,OID42364,RIGI,O95786,3,0.00,47.18,30.75,-0.65,0.45,22.00,-0.33,0.72,-0.37,-4.58,4.10,0.01,0.99,TRUE,FALSE,0.27,0.27,0.28,prot.1575,0.38,seq.12382.2,0.24,
RILPL1_43013,OID43013,RILPL1,Q5EBL4,3,0.00,51.43,33.95,0.99,0.50,22.00,1.23,0.72,1.24,-1.92,5.57,0.01,0.99,FALSE,FALSE,0.37,0.36,0.38,,,seq.24496.26,0.54,
RILPL2_44897,OID44897,RILPL2,Q969X0,5,0.07,3.34,16.90,2.66,0.25,22.00,2.79,0.71,2.84,-2.48,5.89,0.00,0.98,FALSE,FALSE,0.66,0.66,0.67,prot.4808,0.65,seq.24655.23,0.70,
RILP_44184,OID44184,RILP,Q96NA2,4,0.00,8.28,26.62,1.71,0.31,22.00,2.31,0.66,2.27,0.55,5.82,0.01,0.99,FALSE,FALSE,0.61,0.60,0.61,prot.5026,0.58,seq.24244.81,0.75,
RIMBP3C_RIMBP3_40565,OID40565,RIMBP3C_RIMBP3,A6NJZ7_Q9UFD9,1,0.00,77.38,42.80,1.90,0.52,22.00,-0.73,0.85,-0.76,-9.65,5.26,0.02,0.99,FALSE,FALSE,0.06,0.06,0.06,,,,,
RIMOC1_43014,OID43014,RIMOC1,A6NDU8,3,0.00,37.58,21.17,1.62,0.30,22.00,1.94,0.64,1.94,-0.33,6.49,0.01,0.94,FALSE,FALSE,0.50,0.50,0.51,prot.528,0.62,,,
RIN1_40566,OID40566,RIN1,Q13671,1,0.00,96.45,71.30,1.03,1.07,22.00,0.58,1.73,0.82,-7.78,5.12,0.03,0.98,FALSE,FALSE,0.06,0.06,0.06,,,,,
RINT1_41724,OID41724,RINT1,Q6NUQ1,2,0.14,33.38,20.77,0.32,0.32,22.00,0.75,0.76,0.70,-1.85,4.74,0.00,1.00,TRUE,TRUE,0.28,0.27,0.29,prot.3986,0.26,,,
RIOK2_41725,OID41725,RIOK2,Q9BVS4,2,0.14,83.83,50.92,-0.34,0.92,22.00,-0.13,0.94,-0.11,-7.30,5.44,0.00,0.99,FALSE,FALSE,0.04,0.04,0.05,,,,,
RIPK3_40567,OID40567,RIPK3,Q9Y572,1,0.00,65.97,33.79,1.52,0.46,22.00,1.47,0.61,1.48,-1.42,3.76,0.00,0.98,FALSE,FALSE,0.22,0.22,0.22,prot.6232,0.02,seq.32991.271,0.10,
RIPK4_43015,OID43015,RIPK4,P57078,3,0.00,69.52,71.57,-3.07,1.62,22.00,-1.01,2.20,-1.18,-9.02,8.48,0.02,0.99,FALSE,FALSE,0.01,0.01,0.02,,,seq.35075.30,-0.01,
RIPOR2_41726,OID41726,RIPOR2,Q9Y4F9,2,0.14,70.66,111.78,0.40,1.30,22.00,0.85,1.33,0.91,-6.13,5.11,0.00,1.00,FALSE,FALSE,0.13,0.13,0.14,,,seq.31116.15,0.19,
RITA1_41727,OID41727,RITA1,Q96K30,2,0.14,85.09,57.93,-0.47,0.98,22.00,-0.06,1.66,-0.18,-7.86,9.86,0.00,0.97,FALSE,FALSE,0.02,0.02,0.02,,,seq.28655.3,0.00,
RLBP1_41728,OID41728,RLBP1,P12271,2,0.14,88.43,90.71,-1.06,2.32,22.00,-0.09,1.47,0.10,-7.69,4.72,0.00,0.99,FALSE,FALSE,0.01,0.01,0.01,,,seq.12936.38,-0.04,
RLN1_44185,OID44185,RLN1,P04808,4,0.00,18.93,37.17,-5.56,0.54,22.00,-3.90,1.88,-4.41,-7.00,6.81,0.07,0.99,FALSE,FALSE,0.13,0.13,0.13,,,seq.29553.27,0.01,
RLN3_41729,OID41729,RLN3,Q8WXF3,2,0.14,57.70,48.91,-2.50,0.75,22.00,-0.97,1.17,-1.17,-4.24,5.73,0.00,1.00,FALSE,FALSE,0.04,0.03,0.04,,,seq.6027.31,-0.07,
RNASE10_44186,OID44186,RNASE10,Q5GAN6,4,0.00,21.57,13.31,0.74,0.20,22.00,0.59,0.73,0.60,-1.38,3.90,0.00,0.98,TRUE,FALSE,0.21,0.21,0.22,,,seq.5602.62,0.01,
RNASE1_45406,OID45406,RNASE1,P07998,7,0.07,0.00,10.94,-0.26,0.16,22.00,0.18,0.50,0.14,-1.05,3.22,0.00,0.81,TRUE,FALSE,0.69,0.68,0.70,prot.1882,0.62,seq.7211.2,0.82,
RNASE3_44899,OID44899,RNASE3,P12724,5,0.07,7.80,20.28,-1.49,0.28,22.00,-1.43,1.23,-1.53,-8.03,5.96,0.00,1.00,TRUE,FALSE,0.66,0.66,0.67,prot.2050,0.75,seq.5741.55,0.82,
RNASE4_45407,OID45407,RNASE4,P34096,7,0.07,0.00,16.87,-0.34,0.26,22.00,0.30,0.40,0.28,-1.18,4.81,0.00,0.99,TRUE,FALSE,0.50,0.49,0.50,prot.2509,0.33,seq.5644.60,0.38,
RNASE6_45408,OID45408,RNASE6,Q93091,7,0.07,0.00,9.82,-0.43,0.14,22.00,0.03,0.40,-0.01,-1.01,5.38,0.00,0.99,TRUE,TRUE,0.50,0.50,0.52,prot.4792,0.40,seq.5646.20,0.25,
RNASE9_41730,OID41730,RNASE9,P60153,2,0.14,85.02,32.79,-0.12,0.61,22.00,0.00,0.83,0.00,-6.66,3.19,0.00,0.98,FALSE,FALSE,0.04,0.03,0.04,,,seq.33487.95,0.03,
RNASEH2A_44187,OID44187,RNASEH2A,O75792,4,0.00,87.96,73.67,-0.11,0.88,22.00,-0.39,1.25,-0.20,-6.67,3.56,0.02,0.99,FALSE,FALSE,0.10,0.10,0.11,prot.1444,0.05,seq.28239.7,0.11,
RNASET2_45248,OID45248,RNASET2,O00584,6,1.11,5.77,13.41,0.23,0.22,21.00,0.47,0.33,0.46,-1.69,2.27,0.00,0.96,TRUE,FALSE,0.50,0.50,0.51,prot.1066,0.10,seq.16913.8,0.42,
RND3_41731,OID41731,RND3,P61587,2,0.14,92.96,78.24,0.20,1.74,22.00,-0.19,2.05,0.08,-6.57,8.85,0.00,0.11,FALSE,FALSE,0.01,0.00,0.01,,,seq.15439.21,-0.03,
RNF10_41732,OID41732,RNF10,Q8N5U6,2,0.14,60.98,39.91,0.31,0.50,22.00,0.97,0.80,0.90,-2.39,5.23,0.00,0.84,FALSE,FALSE,0.11,0.11,0.12,prot.7287,0.05,,,
RNF135_40568,OID40568,RNF135,Q8IUD6,1,0.00,61.24,62.94,0.37,0.96,22.00,0.84,1.29,0.91,-7.28,7.04,0.01,0.99,FALSE,FALSE,0.06,0.06,0.07,,,seq.25467.36,-0.03,
RNF141_41733,OID41733,RNF141,Q8WVD5,2,0.14,82.86,44.44,-0.46,1.66,22.00,0.40,1.32,0.40,-7.45,7.39,0.00,0.99,FALSE,FALSE,0.04,0.04,0.05,,,seq.23286.2,0.03,
RNF149_44188,OID44188,RNF149,Q8NC42,4,0.00,54.00,15.75,0.52,0.22,22.00,0.45,0.43,0.45,-1.08,2.91,0.00,1.00,FALSE,FALSE,0.18,0.17,0.19,,,seq.9773.15,0.06,
RNF168_44189,OID44189,RNF168,Q8IYW5,4,0.00,84.06,32.17,-0.25,0.52,22.00,-0.22,0.71,-0.21,-2.21,5.43,0.01,0.99,FALSE,FALSE,0.11,0.10,0.11,,,,,
RNF169_43016,OID43016,RNF169,Q8NCN4,3,0.00,44.05,31.30,-0.88,0.47,22.00,-0.39,0.94,-0.51,-3.50,7.20,0.03,0.96,FALSE,FALSE,0.11,0.11,0.11,,,,,
RNF17_40569,OID40569,RNF17,Q9BXT8,1,0.00,80.38,66.07,-2.00,0.96,22.00,-0.96,1.50,-0.95,-8.45,4.88,0.02,0.99,FALSE,FALSE,0.03,0.03,0.04,,,,,
RNF208_40570,OID40570,RNF208,Q9H0X6,1,0.00,90.54,280.73,-0.77,2.75,22.00,-0.36,2.55,-0.15,-7.33,8.93,0.09,0.00,FALSE,FALSE,0.02,0.02,0.02,,,,,
RNF212B_40571,OID40571,RNF212B,A8MTL3,1,0.00,74.74,379.60,0.33,2.24,22.00,0.43,2.56,0.47,-7.44,9.98,0.02,0.18,FALSE,FALSE,0.03,0.03,0.04,,,,,
RNF213_41734,OID41734,RNF213,Q63HN8,2,0.14,64.32,49.43,-0.92,0.80,22.00,-0.35,0.94,-0.38,-7.90,3.72,0.00,0.92,FALSE,FALSE,0.06,0.06,0.07,,,seq.31139.6,0.03,
RNF214_41735,OID41735,RNF214,Q8ND24,2,0.14,34.15,34.56,-1.28,0.54,22.00,-0.59,1.02,-0.69,-3.74,8.49,0.00,0.97,FALSE,FALSE,0.12,0.12,0.12,prot.4506,0.11,,,
RNF227_41736,OID41736,RNF227,A6NIN4,2,0.14,58.40,18.13,-1.47,0.26,22.00,-1.03,0.91,-1.25,-2.97,6.26,0.00,1.00,FALSE,FALSE,0.11,0.10,0.11,,,,,
RNF25_43017,OID43017,RNF25,Q96BH1,3,0.00,50.52,39.16,0.34,0.50,22.00,0.89,0.67,0.84,-1.37,5.49,0.01,0.97,FALSE,FALSE,0.20,0.19,0.21,,,seq.23637.55,0.13,
RNF31_43018,OID43018,RNF31,Q96EP0,3,0.00,83.23,274.39,0.37,2.67,22.00,-0.73,3.14,-0.23,-6.94,9.25,0.00,0.00,FALSE,FALSE,0.02,0.02,0.02,prot.4902,0.00,seq.23183.6,0.00,
RNF32_40572,OID40572,RNF32,Q9H0A6,1,0.00,73.14,52.39,0.63,0.88,22.00,0.20,1.21,0.14,-6.97,7.05,0.01,0.99,FALSE,FALSE,0.03,0.03,0.04,,,,,
RNF34_40573,OID40573,RNF34,Q969K3,1,0.00,78.91,218.27,-0.46,3.94,22.00,-0.68,3.30,-0.13,-6.74,8.76,0.00,0.00,FALSE,FALSE,0.01,0.00,0.01,,,seq.13386.248,0.00,
RNF38_40574,OID40574,RNF38,Q9H0F5,1,0.00,80.86,62.63,-1.15,1.64,22.00,-0.42,1.57,-0.24,-8.06,5.12,0.03,0.99,FALSE,FALSE,0.02,0.02,0.03,,,,,
RNF40_43020,OID43020,RNF40,O75150,3,0.00,89.77,17.29,0.24,0.24,22.00,0.15,0.34,0.14,-0.72,3.65,0.01,1.00,FALSE,FALSE,0.06,0.05,0.06,prot.1373,-0.04,,,
RNF41_43021,OID43021,RNF41,Q9H4P4,3,0.00,15.10,20.58,1.61,0.31,22.00,1.84,0.58,1.82,-0.48,6.33,0.01,0.99,FALSE,FALSE,0.34,0.34,0.35,,,seq.13411.21,0.16,
RNF43_43022,OID43022,RNF43,Q68DV7,3,0.00,69.73,41.89,-0.96,0.74,22.00,-0.43,1.08,-0.44,-8.43,6.21,0.01,1.00,FALSE,FALSE,0.04,0.03,0.04,,,seq.14120.2,-0.01,
RNF4_43019,OID43019,RNF4,P78317,3,0.00,61.52,127.20,-4.78,2.88,22.00,-2.77,2.87,-2.31,-8.88,7.96,0.00,0.00,FALSE,FALSE,0.04,0.04,0.04,,,seq.31531.12,0.03,
RNF5_44190,OID44190,RNF5,Q99942,4,0.00,32.92,23.45,1.53,0.34,22.00,1.84,0.62,1.84,-0.46,4.88,0.00,0.91,FALSE,FALSE,0.44,0.43,0.45,,,,,
RNPC3_41737,OID41737,RNPC3,Q96LT9,2,0.14,88.50,70.70,-2.65,2.38,22.00,-2.63,2.25,-1.95,-7.90,2.39,0.00,0.00,FALSE,FALSE,0.02,0.02,0.02,,,seq.12814.17,0.01,
ROBO1_44900,OID44900,ROBO1,Q9Y6N7,5,0.07,21.73,17.91,0.26,0.24,22.00,0.38,0.32,0.35,-0.52,1.71,0.00,1.00,FALSE,FALSE,0.42,0.42,0.43,,,seq.5740.17,0.46,
ROBO2_44901,OID44901,ROBO2,Q9HCK4,5,0.07,0.00,7.41,0.24,0.11,22.00,0.39,0.28,0.38,-0.57,1.46,0.00,0.99,FALSE,FALSE,0.53,0.53,0.54,,,seq.22578.17,0.61,
ROBO3_41738,OID41738,ROBO3,Q96MS0,2,0.14,46.20,65.05,-0.42,0.58,22.00,0.10,0.65,0.05,-1.62,4.08,0.00,1.00,FALSE,FALSE,0.08,0.08,0.09,,,seq.5117.14,-0.01,
ROBO4_44191,OID44191,ROBO4,Q8WZ75,4,0.00,3.27,14.15,0.03,0.20,22.00,0.39,0.25,0.40,-0.68,3.69,0.00,0.99,FALSE,FALSE,0.43,0.42,0.44,,,seq.9232.1,0.54,
ROR1_44902,OID44902,ROR1,Q01973,5,0.07,0.14,11.35,0.01,0.16,22.00,0.33,0.37,0.33,-0.88,2.08,0.00,1.00,TRUE,FALSE,0.57,0.57,0.58,,,seq.8474.6,0.71,
ROR2_40575,OID40575,ROR2,Q01974,1,0.00,83.65,186.44,0.92,2.61,22.00,1.33,2.66,0.23,-4.63,9.59,0.34,0.00,FALSE,FALSE,0.04,0.04,0.05,,,seq.7861.9,0.03,
RORA_40576,OID40576,RORA,P35398,1,0.00,80.17,134.62,1.56,3.17,22.00,1.98,3.33,1.21,-5.60,11.90,0.00,0.00,FALSE,FALSE,0.07,0.07,0.07,,,,,
RORB_43023,OID43023,RORB,Q92753,3,0.00,74.04,18.84,-0.13,0.26,22.00,-0.03,0.36,-0.05,-0.85,4.60,0.01,0.99,FALSE,FALSE,0.02,0.02,0.03,,,seq.12483.62,-0.04,
RP1_41739,OID41739,RP1,P56715,2,0.14,80.91,303.57,-0.58,2.83,22.00,-0.41,2.96,0.12,-6.53,7.76,0.00,0.00,FALSE,FALSE,0.02,0.01,0.02,,,,,
RP2_44192,OID44192,RP2,O75695,4,0.00,41.68,22.33,0.45,0.31,22.00,0.77,0.52,0.74,-1.04,4.40,0.01,0.86,FALSE,FALSE,0.33,0.33,0.33,prot.1438,0.36,seq.23391.20,0.17,
RPA2_43024,OID43024,RPA2,P15927,3,0.00,94.99,65.23,-0.55,1.80,22.00,-0.30,1.76,0.03,-6.96,7.35,0.06,0.05,FALSE,FALSE,0.04,0.04,0.05,prot.2130,0.06,seq.19264.6,0.05,
RPA4_43025,OID43025,RPA4,Q13156,3,0.00,51.43,33.49,-3.19,0.52,22.00,-2.28,1.33,-2.48,-5.35,5.92,0.02,0.96,FALSE,FALSE,0.03,0.03,0.04,,,seq.28645.50,0.00,
RPAIN_40577,OID40577,RPAIN,Q86UA6,1,0.00,80.45,90.64,-0.17,2.08,22.00,0.62,1.61,0.71,-6.89,6.81,0.02,0.97,FALSE,FALSE,0.02,0.02,0.02,,,seq.21219.7,-0.03,
RPAP2_40578,OID40578,RPAP2,Q8IXW5,1,0.00,82.81,58.05,-1.29,2.11,22.00,-0.34,1.68,-0.30,-7.75,8.14,0.03,1.00,FALSE,FALSE,0.03,0.03,0.04,,,,,
RPAP3_43026,OID43026,RPAP3,Q9H6T3,3,0.00,34.52,22.17,1.37,0.33,22.00,1.50,0.70,1.50,-1.77,4.85,0.01,0.99,FALSE,FALSE,0.44,0.44,0.44,prot.5499,0.52,,,
RPEL1_41740,OID41740,RPEL1,Q2QD12,2,0.14,73.80,38.06,-1.41,0.51,22.00,-0.96,1.25,-1.08,-5.39,6.26,0.00,0.99,FALSE,FALSE,0.10,0.09,0.10,,,,,
RPE_43027,OID43027,RPE,Q96AT9,3,0.00,29.44,29.19,1.83,0.41,22.00,2.15,0.74,2.11,-0.06,7.00,0.01,0.99,FALSE,FALSE,0.50,0.50,0.50,prot.4831,0.51,seq.12646.2,0.52,
RPF1_41741,OID41741,RPF1,Q9H9Y2,2,0.14,78.05,52.16,-0.84,0.78,22.00,-1.19,1.44,-1.17,-8.54,5.19,0.00,0.96,FALSE,FALSE,0.02,0.01,0.02,,,,,
RPGRIP1L_41742,OID41742,RPGRIP1L,Q68CZ1,2,0.14,79.93,76.62,-0.83,0.71,22.00,-0.36,1.01,-0.50,-3.38,8.80,0.00,0.94,FALSE,FALSE,0.02,0.02,0.03,,,,,
RPGR_43028,OID43028,RPGR,Q92834,3,0.00,66.53,298.29,-1.74,2.90,22.00,-1.57,3.05,-0.85,-7.12,9.05,0.00,0.00,FALSE,FALSE,0.03,0.02,0.03,,,seq.33759.30,0.03,
RPH3AL_41743,OID41743,RPH3AL,Q9UNE2,2,0.14,36.45,23.74,-0.25,0.39,22.00,-0.04,0.75,-0.20,-1.55,5.54,0.00,0.95,FALSE,FALSE,0.07,0.06,0.07,prot.6061,0.00,,,
RPH3A_43029,OID43029,RPH3A,Q9Y2J0,3,0.00,47.95,27.47,-1.30,0.49,22.00,-0.49,0.61,-0.45,-3.26,4.96,0.00,0.99,TRUE,FALSE,0.14,0.14,0.15,,,seq.32630.24,0.07,
RPL14_44193,OID44193,RPL14,P50914,4,0.00,54.63,20.26,-0.41,0.30,22.00,-0.15,0.48,-0.15,-2.33,2.28,0.00,0.99,FALSE,FALSE,0.26,0.26,0.27,prot.2795,0.32,,,
RPL5_40579,OID40579,RPL5,P46777,1,0.00,83.02,29.04,-1.11,0.38,22.00,-0.87,0.71,-0.93,-3.10,4.25,0.02,0.99,FALSE,FALSE,0.04,0.04,0.05,prot.2664,-0.02,seq.20999.12,0.02,
RPLP1_40580,OID40580,RPLP1,P05386,1,0.00,76.55,34.01,-0.24,0.55,22.00,-0.07,0.65,-0.11,-2.66,5.37,0.02,1.00,FALSE,FALSE,0.04,0.04,0.04,prot.1806,-0.01,,,
RPP30_41744,OID41744,RPP30,P78346,2,0.14,69.90,31.74,-0.48,0.58,22.00,0.21,1.02,0.16,-7.25,5.04,0.00,0.99,FALSE,FALSE,0.03,0.03,0.03,prot.7974,-0.47,seq.17511.10,0.01,
RPRD1A_41745,OID41745,RPRD1A,Q96P16,2,0.14,83.76,73.34,-2.30,2.32,22.00,-1.30,1.83,-1.00,-7.95,7.30,0.00,0.07,FALSE,FALSE,0.03,0.03,0.03,,,seq.13515.8,0.04,
RPRD1B_43030,OID43030,RPRD1B,Q9NQG5,3,0.00,35.84,26.07,0.40,0.37,22.00,0.59,0.57,0.56,-1.18,4.90,0.01,0.99,FALSE,FALSE,0.28,0.28,0.28,prot.7804,-0.05,seq.19126.4,0.33,
RPS10_43031,OID43031,RPS10,P46783,3,0.00,88.38,150.05,-0.39,1.35,22.00,0.17,1.47,0.22,-7.54,6.98,0.02,0.97,FALSE,FALSE,0.03,0.03,0.03,prot.2669,-0.05,seq.13011.20,0.02,
RPS12_41746,OID41746,RPS12,P25398,2,0.14,81.53,56.25,-5.62,0.87,22.00,-5.06,1.93,-5.04,-12.04,3.27,0.00,0.93,FALSE,FALSE,0.06,0.06,0.07,prot.2348,0.04,seq.21829.8,0.02,
RRAS_43032,OID43032,RRAS,P10301,3,0.00,68.89,40.01,-0.01,0.60,22.00,0.80,1.11,0.84,-7.65,5.58,0.01,0.99,FALSE,FALSE,0.32,0.31,0.32,prot.1978,0.47,seq.17742.2,0.29,
RRM2B_43034,OID43034,RRM2B,Q7LG56,3,0.00,47.88,53.77,2.47,0.65,22.00,2.28,0.81,2.26,-1.58,7.59,0.00,1.00,FALSE,FALSE,0.38,0.37,0.38,prot.6675,0.04,seq.8925.25,0.34,
RRM2_43033,OID43033,RRM2,P31350,3,0.00,47.11,23.88,0.35,0.36,22.00,0.62,0.71,0.58,-1.84,5.63,0.01,0.93,FALSE,FALSE,0.14,0.14,0.15,,,seq.17750.8,-0.04,
RRN3_41747,OID41747,RRN3,Q9NYV6,2,0.14,77.21,33.48,-0.11,0.44,22.00,-0.06,0.74,-0.11,-2.17,5.92,0.00,1.00,FALSE,FALSE,0.04,0.04,0.05,,,,,
RRP15_43036,OID43036,RRP15,Q9Y3B9,3,0.00,87.06,121.36,-3.51,2.63,22.00,-0.78,2.29,-0.60,-7.93,7.04,0.04,0.11,FALSE,FALSE,0.02,0.02,0.03,,,seq.32580.74,0.02,
RRP1_43035,OID43035,RRP1,P56182,3,0.00,21.43,24.75,-1.17,0.36,22.00,-0.90,1.00,-1.08,-3.05,4.77,0.02,1.00,FALSE,FALSE,0.14,0.14,0.15,,,,,
RRP7BP_40581,OID40581,RRP7BP,Q9NSQ0,1,0.00,76.90,54.19,-0.41,1.93,22.00,0.42,1.54,0.34,-7.53,7.74,0.01,0.88,FALSE,FALSE,0.03,0.03,0.03,,,seq.34832.8,0.00,
RSAD2_41749,OID41749,RSAD2,Q8WXG1,2,0.14,70.59,72.76,-0.23,0.89,22.00,0.10,1.06,0.12,-6.74,6.08,0.00,0.98,FALSE,FALSE,0.03,0.03,0.03,,,,,
RSPH4A_41750,OID41750,RSPH4A,Q5TD94,2,0.14,79.72,31.89,-1.72,0.48,22.00,-1.33,0.97,-1.42,-4.61,4.18,0.00,0.99,FALSE,FALSE,0.02,0.02,0.03,,,,,
RSPO1_44194,OID44194,RSPO1,Q2MKA7,4,0.00,9.05,15.22,1.10,0.22,22.00,1.51,0.43,1.48,0.35,4.47,0.00,0.83,TRUE,TRUE,0.49,0.48,0.50,,,seq.16614.27,0.59,
RSPO3_44195,OID44195,RSPO3,Q9BXY4,4,0.00,20.88,13.60,1.45,0.20,22.00,1.54,0.39,1.51,0.51,4.25,0.01,0.98,FALSE,FALSE,0.43,0.43,0.43,,,seq.8427.118,0.40,
RSRC1_41751,OID41751,RSRC1,Q96IZ7,2,0.14,58.82,47.96,-1.85,0.81,22.00,-0.64,1.51,-0.86,-8.62,7.06,0.00,0.98,FALSE,FALSE,0.04,0.04,0.05,,,,,
RSRP1_41752,OID41752,RSRP1,Q9BUV0,2,0.14,87.18,106.68,-2.46,2.65,22.00,-1.11,2.19,-0.72,-7.22,7.18,0.00,0.00,FALSE,FALSE,0.01,0.00,0.01,,,seq.9050.170,-0.01,
RTBDN_44196,OID44196,RTBDN,Q9BSG5,4,0.00,0.28,10.73,0.68,0.15,22.00,0.80,0.38,0.79,-0.56,4.39,0.00,0.96,FALSE,FALSE,0.36,0.36,0.37,,,seq.29490.91,0.25,
RTEL1_40582,OID40582,RTEL1,Q9NZ71,1,0.00,53.44,118.53,-1.47,2.32,22.00,0.14,2.96,0.28,-6.94,10.91,0.01,0.00,FALSE,FALSE,0.04,0.04,0.04,,,,,
RTF2_41753,OID41753,RTF2,Q9BY42,2,0.14,88.22,47.97,5.33,0.96,22.00,-1.32,2.35,-0.97,-7.53,6.81,0.00,0.00,FALSE,FALSE,0.01,0.01,0.01,,,seq.23534.27,-0.01,
RTKN2_43037,OID43037,RTKN2,Q8IZC4,3,0.00,94.36,56.56,-0.58,0.78,22.00,-0.35,0.94,-0.28,-7.34,5.91,0.01,0.99,FALSE,FALSE,0.02,0.02,0.03,,,,,
RTN4IP1_44197,OID44197,RTN4IP1,Q8WWV3,4,0.00,29.51,28.04,2.03,0.39,22.00,2.86,0.80,2.83,-1.16,7.52,0.01,1.00,FALSE,FALSE,0.53,0.52,0.53,prot.4682,0.40,seq.18180.58,0.52,
RTN4RL2_41754,OID41754,RTN4RL2,Q86UN3,2,0.14,37.28,26.33,0.12,0.40,22.00,0.24,0.70,0.16,-1.49,4.62,0.00,0.99,FALSE,FALSE,0.17,0.16,0.18,,,seq.28701.2,0.19,
RTN4R_44198,OID44198,RTN4R,Q9BZR6,4,0.00,14.68,15.94,0.58,0.24,22.00,0.83,0.42,0.86,-0.77,2.58,0.00,1.00,FALSE,FALSE,0.53,0.53,0.53,,,seq.5105.2,0.67,
RTP4_41755,OID41755,RTP4,Q96DX8,2,0.14,67.46,41.22,0.06,0.64,22.00,0.52,0.88,0.48,-2.50,6.04,0.00,0.99,FALSE,FALSE,0.12,0.12,0.12,prot.7578,0.00,seq.18315.38,0.22,
RUBCNL_41756,OID41756,RUBCNL,Q9H714,2,0.14,96.31,14.13,0.31,0.20,22.00,0.04,0.41,0.00,-1.28,2.52,0.00,0.98,FALSE,FALSE,0.17,0.16,0.18,,,,,
RUNDC3A_41757,OID41757,RUNDC3A,Q59EK9,2,0.14,53.03,165.54,-4.59,2.57,22.00,-2.76,2.84,-2.04,-7.45,8.18,0.00,0.00,FALSE,FALSE,0.01,0.01,0.01,,,,,
RUSC1_41758,OID41758,RUSC1,Q9BVN2,2,0.14,84.11,225.97,-0.14,2.07,22.00,-0.26,2.64,-0.01,-6.55,8.06,0.00,0.00,FALSE,FALSE,0.02,0.02,0.02,,,,,
RUVBL1_43038,OID43038,RUVBL1,Q9Y265,3,0.00,35.21,19.43,-3.26,0.28,22.00,-2.32,1.41,-2.59,-5.26,5.34,0.01,0.99,FALSE,FALSE,0.14,0.13,0.15,prot.6112,-0.02,seq.12365.108,-0.02,
RWDD1_44903,OID44903,RWDD1,Q9H446,5,0.07,0.00,12.07,1.50,0.17,22.00,1.84,0.52,1.81,-0.19,5.42,0.00,1.00,TRUE,FALSE,0.68,0.67,0.69,prot.5468,0.57,seq.21323.2,0.80,4
RWDD3_41759,OID41759,RWDD3,Q9Y3V2,2,0.14,63.34,39.76,-1.38,0.82,22.00,-1.52,1.61,-1.73,-10.18,7.17,0.00,0.99,FALSE,FALSE,0.03,0.03,0.03,,,seq.25859.42,0.00,
RYBP_43039,OID43039,RYBP,Q8N488,3,0.00,86.29,35.45,0.14,0.42,22.00,0.15,0.62,0.07,-1.65,7.19,0.02,0.99,FALSE,FALSE,0.04,0.04,0.05,,,seq.20969.114,0.02,
RYK_41760,OID41760,RYK,P34925,2,0.14,15.47,25.25,-0.91,0.31,22.00,-0.81,0.53,-0.88,-1.98,3.13,0.00,1.00,FALSE,FALSE,0.15,0.14,0.15,,,seq.5583.62,-0.02,
RYR1_43040,OID43040,RYR1,P21817,3,0.00,96.03,55.61,-0.49,0.99,22.00,-0.55,1.27,-0.36,-8.12,4.24,0.02,0.99,FALSE,FALSE,0.06,0.06,0.06,,,,,
S100A11_44904,OID44904,S100A11,P31949,5,0.07,0.84,8.33,-0.45,0.12,22.00,-0.33,0.31,-0.35,-1.62,2.99,0.00,1.00,TRUE,TRUE,0.46,0.46,0.48,prot.2482,0.35,seq.14011.17,0.19,
S100A12_44199,OID44199,S100A12,P80511,4,0.00,34.73,30.69,-0.47,0.50,22.00,-0.11,0.87,-0.15,-2.66,5.96,0.01,0.96,TRUE,FALSE,0.50,0.50,0.50,prot.3136,0.57,seq.5852.6,0.69,
S100A13_44200,OID44200,S100A13,Q99584,4,0.00,0.00,7.81,1.23,0.11,22.00,1.34,0.36,1.32,0.07,5.74,0.00,0.99,TRUE,FALSE,0.31,0.30,0.31,prot.6796,0.13,seq.7223.60,0.01,
S100A14_43041,OID43041,S100A14,Q9HCY8,3,0.00,57.06,15.61,1.08,0.23,22.00,-0.02,0.80,-0.07,-3.03,4.21,0.00,1.00,FALSE,FALSE,0.30,0.29,0.30,prot.5583,0.12,seq.17828.3,0.34,
S100A16_44201,OID44201,S100A16,Q96FQ6,4,0.00,10.02,22.00,0.50,0.26,22.00,-0.12,0.68,-0.19,-1.71,4.36,0.01,0.99,FALSE,FALSE,0.23,0.22,0.23,prot.4922,0.06,seq.17836.17,0.09,
S100A3_43042,OID43042,S100A3,P33764,3,0.00,77.38,53.38,-0.18,0.79,22.00,0.10,1.18,0.13,-7.44,6.89,0.01,1.00,FALSE,FALSE,0.07,0.07,0.08,prot.7905,,seq.15297.3,-0.02,
S100A4_44905,OID44905,S100A4,P26447,5,0.07,0.00,14.74,1.25,0.19,22.00,1.64,0.51,1.62,-0.82,4.60,0.00,0.59,TRUE,TRUE,0.54,0.54,0.55,prot.2367,0.54,seq.9750.7,0.29,
S100A5_41761,OID41761,S100A5,P33763,2,0.14,65.23,31.57,-2.05,0.50,22.00,-1.18,1.29,-1.39,-5.82,6.85,0.00,1.00,FALSE,FALSE,0.03,0.02,0.04,,,seq.15303.63,-0.05,
S100G_44202,OID44202,S100G,P29377,4,0.00,52.05,32.99,-0.62,0.49,22.00,-0.19,0.82,-0.23,-2.70,5.50,0.01,0.98,FALSE,FALSE,0.19,0.18,0.20,,,,,
S100P_44203,OID44203,S100P,P25815,4,0.00,28.60,17.40,-0.92,0.25,22.00,-0.96,0.48,-1.01,-2.21,2.72,0.01,0.97,TRUE,FALSE,0.39,0.38,0.39,prot.2358,0.44,seq.9926.4,0.02,
S100Z_41762,OID41762,S100Z,Q8WXG8,2,0.14,87.11,29.77,-0.32,0.47,22.00,-0.18,0.93,-0.26,-4.60,6.45,0.00,1.00,FALSE,FALSE,0.04,0.03,0.04,,,seq.18928.10,-0.03,
SAA4_45409,OID45409,SAA4,P35542,7,0.07,0.00,9.23,-0.79,0.14,22.00,-0.62,0.44,-0.61,-2.31,2.22,0.00,0.97,TRUE,TRUE,0.63,0.63,0.64,,,seq.15516.12,0.77,
SAFB2_44204,OID44204,SAFB2,Q14151,4,0.00,46.76,17.86,-0.16,0.26,22.00,-0.11,0.38,-0.15,-1.40,2.97,0.01,0.91,FALSE,FALSE,0.16,0.16,0.17,,,,,
SAGE1_40583,OID40583,SAGE1,Q9NXZ1,1,0.00,81.91,53.69,-0.47,0.97,22.00,0.04,1.04,0.04,-8.11,6.18,0.02,0.91,FALSE,FALSE,0.02,0.02,0.02,,,,,
SAG_43043,OID43043,SAG,P10523,3,0.00,93.04,43.55,-0.19,0.68,22.00,0.05,0.82,0.05,-7.21,6.94,0.01,0.99,FALSE,FALSE,0.04,0.04,0.05,,,seq.25461.3,0.05,
SALL4_41763,OID41763,SALL4,Q9UJQ4,2,0.14,75.54,47.73,-0.18,0.62,22.00,0.12,0.79,0.09,-3.13,4.46,0.00,0.64,FALSE,FALSE,0.03,0.02,0.03,,,seq.33010.29,0.00,
SAMD12_41764,OID41764,SAMD12,Q8N8I0,2,0.14,60.00,19.44,-0.22,0.29,22.00,-0.12,0.87,-0.29,-2.22,5.84,0.00,1.00,FALSE,FALSE,0.05,0.05,0.06,,,seq.22771.6,0.02,
SAMD13_41765,OID41765,SAMD13,Q5VXD3,2,0.14,83.00,82.97,-1.28,2.18,22.00,0.11,1.72,0.21,-6.70,7.83,0.00,0.86,FALSE,FALSE,0.02,0.02,0.02,,,,,
SAMD14_43044,OID43044,SAMD14,Q8IZD0,3,0.00,24.29,28.46,2.91,0.42,22.00,3.04,1.02,3.05,-1.35,7.40,0.01,0.95,FALSE,FALSE,0.55,0.54,0.56,prot.4374,0.73,,,
SAMD15_40584,OID40584,SAMD15,Q9P1V8,1,0.00,90.26,111.06,-0.65,2.36,22.00,-0.35,1.96,0.03,-7.22,7.08,0.06,0.39,FALSE,FALSE,0.02,0.02,0.02,,,seq.33257.194,0.02,
SAMD8_41766,OID41766,SAMD8,Q96LT4,2,0.14,48.50,23.52,-3.55,0.32,22.00,-2.44,1.42,-2.84,-4.94,5.92,0.00,0.93,FALSE,FALSE,0.15,0.14,0.15,,,,,
SAMD9L_44205,OID44205,SAMD9L,Q8IVG5,4,0.00,0.00,10.80,0.77,0.16,22.00,1.15,0.60,1.16,-1.33,4.72,0.01,0.97,TRUE,TRUE,0.40,0.40,0.41,prot.4319,0.44,,,
SANBR_41767,OID41767,SANBR,Q6NSI8,2,0.14,77.70,49.34,-4.10,0.68,22.00,-3.96,1.24,-4.03,-11.55,3.65,0.00,1.00,FALSE,FALSE,0.02,0.02,0.03,,,,,
SAP18_43045,OID43045,SAP18,O00422,3,0.00,88.52,50.29,-0.24,0.74,22.00,0.14,1.27,0.16,-6.89,6.48,0.02,1.00,FALSE,FALSE,0.04,0.04,0.04,prot.7390,-0.06,seq.12830.4,0.03,
SARG_44906,OID44906,SARG,Q9BW04,5,0.07,10.31,16.73,2.37,0.23,22.00,2.40,0.71,2.38,-0.40,5.81,0.00,0.74,FALSE,FALSE,0.64,0.63,0.64,prot.5273,0.73,seq.24950.21,0.66,
SART1_43046,OID43046,SART1,O43290,3,0.00,36.95,33.09,-1.10,0.47,22.00,-0.79,0.68,-0.78,-3.45,2.65,0.01,0.98,FALSE,FALSE,0.18,0.18,0.18,prot.7845,0.18,,,
SASH3_44206,OID44206,SASH3,O75995,4,0.00,0.00,11.83,1.23,0.17,22.00,1.43,0.52,1.40,-0.20,5.49,0.01,1.00,FALSE,FALSE,0.51,0.50,0.52,prot.1468,0.64,,,
SASS6_43047,OID43047,SASS6,Q6UVJ0,3,0.00,57.62,38.48,-0.78,0.59,22.00,-0.46,0.66,-0.48,-2.37,4.50,0.01,0.99,FALSE,FALSE,0.07,0.07,0.07,,,,,
SAT1_43048,OID43048,SAT1,P21673,3,0.00,75.57,34.27,-0.48,0.58,22.00,-0.54,0.91,-0.62,-3.00,6.81,0.02,0.77,FALSE,FALSE,0.06,0.06,0.06,,,seq.9859.180,-0.01,
SAT2_43049,OID43049,SAT2,Q96F10,3,0.00,14.54,24.77,0.52,0.38,22.00,0.70,0.93,0.65,-2.62,8.49,0.01,0.99,TRUE,TRUE,0.35,0.34,0.35,,,seq.12524.18,0.35,
SATB1_44207,OID44207,SATB1,Q01826,4,0.00,34.45,17.03,-0.33,0.25,22.00,-0.12,0.54,-0.19,-1.34,4.20,0.02,0.99,FALSE,FALSE,0.13,0.13,0.14,,,seq.13511.29,0.06,
SAV1_43050,OID43050,SAV1,Q9H4B6,3,0.00,35.91,34.02,-1.17,0.49,22.00,-0.85,0.88,-0.89,-4.39,5.77,0.01,0.95,FALSE,FALSE,0.24,0.24,0.24,prot.5479,0.37,,,
SBDS_41768,OID41768,SBDS,Q9Y3A5,2,0.14,66.20,46.24,0.47,0.80,22.00,0.71,1.28,0.66,-7.95,6.01,0.00,0.99,FALSE,FALSE,0.21,0.20,0.21,prot.6175,0.34,seq.3866.7,0.27,
SBF2_41769,OID41769,SBF2,Q86WG5,2,0.14,82.37,60.79,-0.28,0.97,22.00,0.01,1.21,0.02,-7.96,5.27,0.00,1.00,FALSE,FALSE,0.02,0.02,0.02,,,,,
SBSN_45249,OID45249,SBSN,Q6UWP8,6,1.11,21.67,20.51,-0.20,0.27,21.00,0.06,0.48,0.07,-2.93,1.98,0.00,1.00,TRUE,FALSE,0.40,0.39,0.40,prot.4055,0.35,seq.5724.58,-0.01,
SBSPON_43051,OID43051,SBSPON,Q8IVN8,3,0.00,0.00,12.73,0.90,0.18,22.00,1.15,0.70,1.02,-0.90,6.26,0.04,1.00,FALSE,FALSE,0.35,0.34,0.36,,,,,
SCAF11_40585,OID40585,SCAF11,Q99590,1,0.00,80.45,65.13,-0.54,1.31,22.00,0.04,1.40,0.20,-7.70,4.55,0.02,0.98,FALSE,FALSE,0.02,0.01,0.02,prot.6797,0.00,,,
SCAMP2_44208,OID44208,SCAMP2,O15127,4,0.00,18.51,31.62,2.53,0.44,22.00,2.97,0.75,2.97,-0.34,6.45,0.00,1.00,FALSE,FALSE,0.52,0.51,0.52,prot.1158,0.52,seq.29658.9,-0.03,
SCAMP3_44209,OID44209,SCAMP3,O14828,4,0.00,0.28,21.01,2.08,0.33,22.00,2.66,0.69,2.66,-0.09,6.03,0.00,1.00,FALSE,FALSE,0.55,0.54,0.55,prot.1122,0.59,seq.22017.1,0.20,4
SCARA5_44907,OID44907,SCARA5,Q6ZMJ2,5,0.07,0.00,7.43,0.45,0.11,22.00,0.42,0.36,0.41,-0.73,2.91,0.00,0.99,TRUE,FALSE,0.53,0.53,0.54,prot.7897,0.40,seq.10419.1,0.55,
SCARB1_43052,OID43052,SCARB1,Q8WTV0,3,0.00,61.73,37.01,1.38,0.52,22.00,0.57,1.37,0.39,-7.62,8.25,0.01,1.00,FALSE,FALSE,0.09,0.09,0.10,,,seq.20534.6,0.02,
SCARB2_44210,OID44210,SCARB2,Q14108,4,0.00,15.10,11.11,-0.13,0.16,22.00,0.26,0.37,0.22,-1.19,3.13,0.01,1.00,TRUE,FALSE,0.20,0.20,0.21,prot.206,0.00,seq.5100.53,-0.12,
SCARF1_45250,OID45250,SCARF1,Q14162,6,1.11,27.45,11.21,0.75,0.16,21.00,0.70,0.43,0.70,-2.46,3.21,0.00,1.00,TRUE,TRUE,0.52,0.52,0.53,prot.3492,0.35,seq.5129.12,0.58,
SCARF2_44908,OID44908,SCARF2,Q96GP6,5,0.07,2.30,10.19,0.54,0.15,22.00,0.36,0.41,0.35,-1.83,2.40,0.00,1.00,FALSE,FALSE,0.57,0.56,0.57,,,seq.8956.96,0.69,
SCEL_40586,OID40586,SCEL,O95171,1,0.00,81.42,27.90,0.03,0.38,22.00,0.06,0.42,0.02,-0.93,5.08,0.01,0.98,FALSE,FALSE,0.02,0.02,0.03,prot.1519,-0.02,seq.28237.80,-0.02,
SCG2_44211,OID44211,SCG2,P13521,4,0.00,0.00,12.85,0.59,0.18,22.00,0.72,0.41,0.69,-0.65,3.15,0.00,0.96,FALSE,FALSE,0.53,0.52,0.54,prot.2068,0.72,seq.26072.23,0.66,
SCG3_44909,OID44909,SCG3,Q8WXD2,5,0.07,8.64,12.03,0.00,0.17,22.00,0.62,0.48,0.64,-2.65,2.41,0.00,0.99,TRUE,FALSE,0.60,0.59,0.61,prot.4688,0.42,seq.7957.2,0.74,
SCGB1A1_44910,OID44910,SCGB1A1,P11684,5,0.07,53.41,13.37,0.41,0.19,22.00,0.69,0.76,0.72,-2.23,3.42,0.00,1.00,TRUE,FALSE,0.48,0.47,0.49,,,,,
SCGB2A2_43053,OID43053,SCGB2A2,Q13296,3,0.00,92.00,101.72,0.29,1.11,22.00,0.16,1.95,0.43,-8.09,5.86,0.05,0.27,FALSE,FALSE,0.06,0.06,0.07,,,,,
SCGB3A1_44911,OID44911,SCGB3A1,Q96QR1,5,0.07,4.87,10.75,0.29,0.15,22.00,-0.26,0.43,-0.27,-1.64,1.59,0.00,1.00,FALSE,FALSE,0.65,0.64,0.66,prot.5057,0.68,seq.6252.62,0.81,
SCGB3A2_44912,OID44912,SCGB3A2,Q96PL1,5,0.07,10.86,10.42,-0.78,0.16,22.00,-1.67,0.99,-1.73,-4.62,5.58,0.00,0.99,FALSE,FALSE,0.56,0.54,0.56,prot.5045,0.46,,,
SCGN_43054,OID43054,SCGN,O76038,3,0.00,18.23,14.20,0.53,0.21,22.00,0.59,0.54,0.55,-0.92,2.97,0.00,1.00,FALSE,FALSE,0.43,0.42,0.44,prot.8069,,seq.15305.7,0.58,
SCIN_43055,OID43055,SCIN,Q9Y6U3,3,0.00,86.36,22.23,0.09,0.31,22.00,0.07,0.60,0.02,-1.93,5.45,0.01,0.99,FALSE,FALSE,0.05,0.04,0.05,prot.6311,-0.21,seq.12684.5,-0.02,
SCLT1_44212,OID44212,SCLT1,Q96NL6,4,0.00,19.90,14.53,-0.03,0.21,22.00,0.40,0.80,0.31,-1.74,7.08,0.02,0.86,FALSE,FALSE,0.20,0.20,0.21,,,,,
SCLY_44213,OID44213,SCLY,Q96I15,4,0.00,58.94,15.23,1.14,0.22,22.00,0.86,0.73,0.86,-2.31,3.57,0.00,1.00,FALSE,FALSE,0.50,0.49,0.51,prot.6340,0.08,seq.21537.33,0.72,
SCN2A_44214,OID44214,SCN2A,Q99250,4,0.00,69.80,19.09,1.11,0.31,22.00,-0.10,0.63,-0.22,-1.50,4.98,0.04,1.00,FALSE,FALSE,0.07,0.07,0.08,,,seq.32141.1,-0.01,
SCN2B_43056,OID43056,SCN2B,O60939,3,0.00,71.47,60.23,-0.22,1.61,22.00,0.48,1.13,0.52,-7.36,5.96,0.01,0.99,FALSE,FALSE,0.01,0.00,0.01,,,seq.8353.15,-0.08,
SCN3A_43057,OID43057,SCN3A,Q9NY46,3,0.00,82.95,48.99,-0.37,0.79,22.00,-0.07,1.05,0.01,-7.97,4.21,0.01,0.99,FALSE,FALSE,0.05,0.05,0.05,,,,,
SCN3B_43058,OID43058,SCN3B,Q9NY72,3,0.00,94.29,27.59,-0.25,0.41,22.00,-0.17,0.73,-0.21,-2.70,8.06,0.02,0.99,FALSE,FALSE,0.04,0.04,0.04,,,seq.20516.11,0.01,
SCN4A_40587,OID40587,SCN4A,P35499,1,0.00,80.24,87.84,-2.43,2.24,22.00,-1.59,2.23,-1.12,-8.22,4.67,0.08,0.00,FALSE,FALSE,0.04,0.03,0.04,,,,,
SCN4B_44215,OID44215,SCN4B,Q8IWT1,4,0.00,16.84,11.08,0.71,0.15,22.00,0.45,0.47,0.44,-1.62,2.80,0.00,0.99,TRUE,FALSE,0.21,0.20,0.21,,,seq.7911.29,-0.03,
SCP2_43059,OID43059,SCP2,P22307,3,0.00,66.25,26.02,-0.49,0.36,22.00,-0.77,0.85,-0.85,-3.37,5.32,0.02,0.99,FALSE,FALSE,0.07,0.07,0.08,prot.2278,0.04,seq.24293.39,0.04,
SCPEP1_44216,OID44216,SCPEP1,Q9HB40,4,0.00,22.62,20.39,0.78,0.29,22.00,1.28,0.52,1.25,-0.59,3.90,0.00,0.67,TRUE,FALSE,0.46,0.46,0.47,prot.5551,0.47,seq.23203.3,0.54,
SCRG1_44913,OID44913,SCRG1,O75711,5,0.07,49.44,19.87,0.38,0.28,22.00,0.27,0.52,0.26,-1.75,3.42,0.00,1.00,FALSE,FALSE,0.23,0.22,0.23,,,seq.29491.55,0.02,
SCRIB_44217,OID44217,SCRIB,Q14160,4,0.00,13.15,16.31,0.12,0.24,22.00,0.65,0.69,0.56,-1.28,5.87,0.02,0.99,FALSE,FALSE,0.27,0.26,0.27,prot.3490,0.13,seq.32055.9,0.28,
SCRN1_44218,OID44218,SCRN1,Q12765,4,0.00,35.56,18.14,-0.71,0.26,22.00,-0.73,0.48,-0.75,-2.08,2.22,0.01,0.99,FALSE,FALSE,0.26,0.26,0.27,prot.3326,0.29,,,
SCT_43060,OID43060,SCT,P09683,3,0.00,73.07,46.43,0.51,0.66,22.00,0.06,1.08,0.13,-8.41,4.45,0.00,1.00,FALSE,FALSE,0.12,0.11,0.13,,,seq.3728.52,0.03,
SCUBE3_41770,OID41770,SCUBE3,Q8IX30,2,0.14,94.15,109.88,-1.04,2.19,22.00,-0.09,2.40,0.33,-6.53,8.08,0.00,0.00,FALSE,FALSE,0.03,0.02,0.03,prot.4341,-0.03,seq.16773.29,0.02,
SDC1_44914,OID44914,SDC1,P18827,5,0.07,0.00,9.08,-0.05,0.13,22.00,0.06,0.46,0.02,-1.51,4.88,0.00,0.98,FALSE,FALSE,0.51,0.50,0.52,prot.2192,0.49,,,
SDC3_40588,OID40588,SDC3,O75056,1,0.00,49.90,34.50,-0.01,0.45,22.00,0.32,0.55,0.35,-1.79,2.76,0.00,1.00,FALSE,FALSE,0.07,0.06,0.07,,,seq.16612.28,-0.06,
SDC4_44915,OID44915,SDC4,P31431,5,0.07,14.62,20.30,2.35,0.27,22.00,1.51,0.65,1.51,-1.28,4.66,0.00,0.99,TRUE,FALSE,0.65,0.64,0.65,prot.2469,0.81,,,
SDCCAG8_44219,OID44219,SDCCAG8,Q86SQ7,4,0.00,5.85,25.84,2.14,0.34,22.00,2.72,0.84,2.77,-1.70,6.54,0.01,0.99,TRUE,FALSE,0.27,0.26,0.27,prot.4215,-0.23,seq.32101.110,-0.08,
SDF2_44916,OID44916,SDF2,Q99470,5,0.07,96.94,20.27,0.34,0.34,22.00,-0.05,0.39,-0.03,-3.29,1.86,0.00,0.98,FALSE,FALSE,0.09,0.09,0.10,prot.5107,-0.02,seq.15333.11,-0.04,
SDHAF3_41772,OID41772,SDHAF3,Q9NRP4,2,0.14,70.38,101.36,-1.99,2.39,22.00,-1.98,2.64,-1.22,-6.61,9.81,0.00,0.00,FALSE,FALSE,0.01,0.01,0.01,,,seq.33978.77,-0.01,
SDHAF4_41773,OID41773,SDHAF4,Q5VUM1,2,0.14,68.85,22.57,0.29,0.33,22.00,0.57,0.48,0.54,-0.91,3.04,0.00,0.76,FALSE,FALSE,0.10,0.09,0.10,prot.3909,,seq.23627.3,0.02,
SDHA_41771,OID41771,SDHA,P31040,2,0.14,86.97,59.28,-0.81,1.62,22.00,-0.23,1.18,-0.15,-7.45,5.04,0.00,0.93,FALSE,FALSE,0.03,0.03,0.03,prot.2461,0.02,,,
SDHB_44220,OID44220,SDHB,P21912,4,0.00,28.04,24.05,-0.63,0.31,22.00,-0.69,0.92,-0.85,-2.88,4.23,0.02,1.00,FALSE,FALSE,0.28,0.28,0.28,prot.2264,0.29,seq.22773.69,0.19,
SDK2_44917,OID44917,SDK2,Q58EX2,5,0.07,51.04,26.57,-0.03,0.33,22.00,0.24,0.49,0.25,-1.48,2.75,0.00,0.99,TRUE,FALSE,0.47,0.47,0.48,prot.3796,-0.04,seq.31516.82,0.65,
SDR16C5_41774,OID41774,SDR16C5,Q8N3Y7,2,0.14,93.52,377.13,-2.23,2.85,22.00,-1.05,2.90,-0.33,-6.40,9.62,0.00,0.00,FALSE,FALSE,0.01,0.00,0.01,prot.4413,-0.11,seq.32683.66,0.01,
SDSL_41775,OID41775,SDSL,Q96GA7,2,0.14,88.22,59.27,-0.68,0.95,22.00,-0.13,1.61,-0.03,-7.42,8.34,0.00,0.99,FALSE,FALSE,0.02,0.02,0.03,prot.6771,-0.04,seq.17777.31,0.01,
SEC13_41776,OID41776,SEC13,P55735,2,0.14,17.42,17.27,1.52,0.24,22.00,1.76,0.76,1.71,-1.34,8.66,0.00,0.96,FALSE,FALSE,0.44,0.43,0.45,prot.2935,0.39,seq.14689.3,-0.09,
SEC14L2_41777,OID41777,SEC14L2,O76054,2,0.14,65.64,36.35,-1.02,0.57,22.00,-0.39,0.99,-0.45,-8.62,4.97,0.00,1.00,FALSE,FALSE,0.04,0.04,0.05,prot.1471,-0.04,seq.30349.19,0.03,
SEC31A_44221,OID44221,SEC31A,O94979,4,0.00,54.70,36.92,1.70,0.52,22.00,2.10,0.62,2.09,-0.66,4.65,0.00,0.99,FALSE,FALSE,0.42,0.41,0.42,,,,,
SECISBP2L_40589,OID40589,SECISBP2L,Q93073,1,0.00,84.97,127.61,-1.74,2.73,22.00,-0.83,2.62,-0.19,-6.69,5.85,0.00,0.00,FALSE,FALSE,0.00,0.00,0.00,prot.7146,-0.01,,,
SEL1L_44222,OID44222,SEL1L,Q9UBV2,4,0.00,5.57,9.82,-0.12,0.14,22.00,0.29,0.37,0.26,-0.69,3.09,0.01,0.99,FALSE,FALSE,0.22,0.21,0.23,prot.5907,0.13,seq.34646.120,-0.01,
SELENOH_43061,OID43061,SELENOH,Q8IZQ5,3,0.00,69.03,79.70,-3.40,1.83,22.00,-2.61,1.76,-2.33,-9.22,7.08,0.05,0.08,FALSE,FALSE,0.04,0.03,0.04,,,seq.17319.1,0.02,
SELENOO_43062,OID43062,SELENOO,Q9BVL4,3,0.00,77.11,11.62,-0.08,0.18,22.00,0.15,0.45,0.07,-0.82,4.35,0.03,1.00,FALSE,FALSE,0.12,0.11,0.13,,,,,
SELENOP_45488,OID45488,SELENOP,P49908,8,0.84,5.19,11.13,0.51,0.16,22.00,0.23,0.35,0.24,-1.22,5.16,0.00,0.99,FALSE,FALSE,0.50,0.49,0.50,,,seq.33030.6,0.48,
SELE_45251,OID45251,SELE,P16581,6,1.11,1.97,6.60,-0.74,0.10,21.00,0.04,0.62,0.05,-1.92,2.21,0.00,0.98,FALSE,FALSE,0.71,0.70,0.71,,,seq.3470.1,0.89,
SELL_45252,OID45252,SELL,P14151,6,1.11,1.97,10.95,0.12,0.15,21.00,0.17,0.25,0.17,-0.89,1.09,0.00,0.38,TRUE,TRUE,0.53,0.52,0.53,prot.2087,0.31,seq.4831.4,0.61,
SELP_45410,OID45410,SELP,P16109,7,0.07,3.13,12.53,-0.35,0.17,22.00,0.49,0.45,0.50,-1.05,2.35,0.00,1.00,FALSE,FALSE,0.60,0.59,0.60,,,seq.4154.57,0.72,
SEMA3A_40590,OID40590,SEMA3A,Q14563,1,0.00,83.23,217.56,-0.84,2.76,22.00,-0.47,3.34,-0.09,-5.80,7.25,0.00,0.00,FALSE,FALSE,0.01,0.01,0.01,,,seq.3222.11,0.00,
SEMA3F_44918,OID44918,SEMA3F,Q13275,5,0.07,0.00,10.43,0.71,0.15,22.00,0.77,0.32,0.76,-1.05,2.03,0.00,0.92,FALSE,FALSE,0.57,0.56,0.57,prot.3400,0.20,seq.35746.46,0.57,
SEMA3G_44919,OID44919,SEMA3G,Q9NS98,5,0.07,22.70,10.83,0.35,0.16,22.00,0.34,0.45,0.31,-1.90,4.45,0.00,0.98,FALSE,FALSE,0.32,0.32,0.33,prot.5692,0.05,seq.5628.21,-0.07,
SEMA4C_44224,OID44224,SEMA4C,Q9C0C4,4,0.00,20.95,21.65,0.17,0.31,22.00,0.05,0.40,0.04,-1.62,2.63,0.00,1.00,FALSE,FALSE,0.20,0.20,0.20,,,seq.7923.41,0.10,
SEMA4D_44920,OID44920,SEMA4D,Q92854,5,0.07,0.00,8.94,0.35,0.12,22.00,0.54,0.26,0.53,-0.56,3.33,0.00,0.99,FALSE,FALSE,0.41,0.40,0.42,prot.4759,0.26,seq.5737.61,0.23,
SEMA5A_40591,OID40591,SEMA5A,Q13591,1,0.00,37.16,47.94,0.47,0.49,22.00,0.19,1.02,0.07,-7.57,8.15,0.03,1.00,FALSE,FALSE,0.09,0.09,0.10,,,seq.13132.14,0.11,
SEMA6B_41778,OID41778,SEMA6B,Q9H3T3,2,0.14,70.66,51.45,-0.40,0.69,22.00,0.20,1.14,0.16,-7.34,6.69,0.00,1.00,FALSE,FALSE,0.05,0.05,0.05,,,seq.5121.3,0.08,
SEMA6C_44225,OID44225,SEMA6C,Q9H3T2,4,0.00,65.83,28.16,-1.93,0.41,22.00,-1.91,0.56,-1.92,-3.76,3.90,0.01,1.00,FALSE,FALSE,0.08,0.08,0.08,,,seq.7202.107,0.05,
SEMA6D_40592,OID40592,SEMA6D,Q8NFY4,1,0.00,75.85,31.60,-0.24,0.49,22.00,-0.25,0.58,-0.28,-2.38,3.58,0.01,0.99,FALSE,FALSE,0.07,0.07,0.07,,,seq.20530.2,0.08,
SEMA7A_45253,OID45253,SEMA7A,O75326,6,1.11,8.94,7.09,-0.17,0.10,21.00,0.22,0.36,0.21,-1.22,3.48,0.00,0.97,FALSE,FALSE,0.57,0.56,0.57,prot.1390,0.07,seq.7019.13,0.61,
SENP2_41779,OID41779,SENP2,Q9HC62,2,0.14,69.62,37.80,-0.30,0.53,22.00,0.12,0.77,0.09,-8.02,3.97,0.00,0.99,FALSE,FALSE,0.04,0.04,0.05,,,seq.21758.65,0.03,
SENP8_41780,OID41780,SENP8,Q96LD8,2,0.14,76.79,70.37,-1.03,1.16,22.00,-0.46,1.55,-0.40,-7.66,6.52,0.00,1.00,FALSE,FALSE,0.04,0.03,0.04,,,seq.20966.7,0.04,
SEPTIN10_41781,OID41781,SEPTIN10,Q9P0V9,2,0.14,77.77,44.85,0.38,0.60,22.00,0.54,0.78,0.48,-1.90,5.57,0.00,0.99,FALSE,FALSE,0.08,0.07,0.08,,,seq.12690.33,-0.01,
SEPTIN14_41782,OID41782,SEPTIN14,Q6ZU15,2,0.14,91.43,82.22,-0.90,2.21,22.00,-0.49,2.09,0.03,-6.64,4.57,0.00,0.00,FALSE,FALSE,0.03,0.03,0.03,,,seq.26797.7,0.04,
SEPTIN3_44226,OID44226,SEPTIN3,Q9UH03,4,0.00,12.39,19.05,1.25,0.24,22.00,0.19,0.94,0.11,-2.45,5.16,0.01,0.87,FALSE,FALSE,0.18,0.18,0.19,,,seq.18316.75,0.04,
SEPTIN7_43063,OID43063,SEPTIN7,Q16181,3,0.00,92.97,98.50,-1.03,2.44,22.00,0.08,2.23,0.49,-6.40,7.93,0.07,0.00,FALSE,FALSE,0.07,0.07,0.07,prot.3675,0.09,seq.29423.15,0.10,
SEPTIN8_44227,OID44227,SEPTIN8,Q92599,4,0.00,0.00,9.67,0.39,0.14,22.00,0.68,0.40,0.63,-0.48,3.21,0.01,0.99,FALSE,FALSE,0.29,0.29,0.30,,,seq.25801.4,0.24,
SEPTIN9_44228,OID44228,SEPTIN9,Q9UHD8,4,0.00,74.88,18.62,-0.09,0.28,22.00,-0.10,0.42,-0.11,-1.60,4.87,0.01,0.99,FALSE,FALSE,0.13,0.12,0.13,prot.5948,0.13,seq.33540.13,0.11,
SERF1A_SERF1B_41783,OID41783,SERF1A_SERF1B,O75920,2,0.14,62.51,21.24,1.55,0.33,22.00,-0.67,1.10,-0.82,-4.23,6.17,0.00,1.00,FALSE,FALSE,0.06,0.06,0.07,,,seq.7842.52,0.02,
SERPINA11_45254,OID45254,SERPINA11,Q86U17,6,1.11,2.18,14.88,0.45,0.24,21.00,1.40,0.88,1.52,-7.38,4.10,0.00,0.99,TRUE,TRUE,0.60,0.60,0.61,prot.4231,0.28,seq.9002.36,0.65,
SERPINA12_44921,OID44921,SERPINA12,Q8IW75,5,0.07,1.46,19.95,-3.48,0.28,22.00,-1.20,2.71,-2.22,-4.64,5.57,0.00,0.00,TRUE,FALSE,0.69,0.69,0.70,prot.4321,0.20,seq.6551.94,0.85,
SERPINA1_45489,OID45489,SERPINA1,P01009,8,0.84,6.46,10.47,-0.90,0.15,22.00,-0.85,0.22,-0.86,-1.80,0.55,0.00,0.99,FALSE,FALSE,0.35,0.35,0.36,prot.1644,0.22,seq.3580.25,0.21,
SERPINA3_45490,OID45490,SERPINA3,P01011,8,0.84,0.00,10.03,0.16,0.15,22.00,0.21,0.28,0.22,-0.99,1.33,0.00,1.00,TRUE,FALSE,0.50,0.50,0.51,prot.1645,0.49,seq.4153.11,0.49,
SERPINA4_45491,OID45491,SERPINA4,P29622,8,0.84,0.00,8.30,0.50,0.12,22.00,0.31,0.31,0.31,-1.09,4.86,0.00,0.91,TRUE,FALSE,0.60,0.59,0.61,prot.2421,0.57,seq.3449.58,0.70,
SERPINA5_45492,OID45492,SERPINA5,P05154,8,0.84,7.23,16.02,-4.00,0.27,22.00,-3.77,0.49,-3.80,-4.96,8.54,0.00,0.98,TRUE,TRUE,0.46,0.45,0.47,prot.1796,0.37,seq.3389.7,0.35,
SERPINA6_45493,OID45493,SERPINA6,P08185,8,0.84,5.54,13.76,0.45,0.20,22.00,0.14,0.30,0.13,-0.66,2.25,0.00,0.99,TRUE,FALSE,0.44,0.43,0.45,prot.1888,0.34,seq.4785.30,0.02,
SERPINA7_45494,OID45494,SERPINA7,P05543,8,0.84,20.70,15.14,-0.09,0.23,22.00,0.41,0.36,0.43,-1.64,1.99,0.00,0.97,TRUE,TRUE,0.50,0.49,0.51,prot.1812,0.52,seq.2706.69,0.53,
SERPINA9_44229,OID44229,SERPINA9,Q86WD7,4,0.00,1.46,10.26,-1.23,0.14,22.00,-0.23,0.77,-0.23,-3.15,2.56,0.00,0.73,TRUE,TRUE,0.38,0.38,0.38,,,seq.7266.4,0.27,
SERPINB1_45255,OID45255,SERPINB1,P30740,6,1.11,6.62,12.28,0.79,0.17,21.00,1.04,0.54,1.01,-0.79,4.58,0.00,0.99,FALSE,FALSE,0.60,0.59,0.60,prot.2456,0.54,seq.10737.96,0.56,
SERPINB4_44230,OID44230,SERPINB4,P48594,4,0.00,1.46,21.07,1.02,0.28,22.00,0.37,0.74,0.31,-1.71,4.84,0.01,1.00,FALSE,FALSE,0.26,0.26,0.27,prot.7635,-0.10,seq.15444.45,0.21,
SERPINB5_43064,OID43064,SERPINB5,P36952,3,0.00,92.21,40.81,-0.32,0.70,22.00,-0.35,1.01,-0.19,-7.22,1.92,0.02,1.00,FALSE,FALSE,0.02,0.01,0.02,prot.7563,-0.17,seq.15417.3,-0.04,
SERPINB6_44922,OID44922,SERPINB6,P35237,5,0.07,0.56,11.70,0.96,0.16,22.00,1.01,0.36,1.00,-0.30,3.58,0.00,0.95,TRUE,FALSE,0.30,0.29,0.31,,,seq.29772.27,-0.01,
SERPINB8_44231,OID44231,SERPINB8,P50452,4,0.00,20.18,9.37,-0.35,0.14,22.00,0.02,0.52,0.00,-1.68,2.84,0.00,0.99,TRUE,TRUE,0.45,0.44,0.45,prot.2782,0.00,seq.19130.81,0.57,
SERPINB9_44232,OID44232,SERPINB9,P50453,4,0.00,10.86,14.28,1.45,0.22,22.00,1.63,0.39,1.65,-0.17,4.36,0.00,1.00,FALSE,FALSE,0.52,0.51,0.53,prot.2783,0.55,seq.21221.67,0.66,
SERPINC1_45495,OID45495,SERPINC1,P01008,8,0.84,0.00,8.39,0.85,0.13,22.00,0.49,0.22,0.50,-0.53,1.27,0.00,1.00,FALSE,FALSE,0.40,0.40,0.40,prot.1643,0.25,seq.3344.60,0.17,
SERPIND1_45496,OID45496,SERPIND1,P05546,8,0.84,0.00,8.56,0.28,0.12,22.00,0.15,0.33,0.16,-1.03,1.59,0.00,0.99,FALSE,FALSE,0.62,0.62,0.63,prot.1813,0.12,seq.3316.58,0.81,
SERPINE1_45256,OID45256,SERPINE1,P05121,6,1.11,1.97,11.82,0.39,0.19,21.00,0.60,0.70,0.60,-2.38,3.06,0.00,0.94,FALSE,FALSE,0.74,0.73,0.74,prot.1794,0.78,seq.2925.9,0.88,
SERPINE2_44923,OID44923,SERPINE2,P07093,5,0.07,14.62,28.00,2.91,0.38,22.00,2.57,0.91,2.59,-0.43,6.05,0.00,0.99,TRUE,FALSE,0.70,0.69,0.71,prot.1845,0.86,seq.19154.41,0.82,
SERPINF1_45497,OID45497,SERPINF1,P36955,8,0.84,15.44,11.28,0.08,0.15,22.00,0.09,0.25,0.09,-0.68,4.38,0.00,0.88,TRUE,FALSE,0.52,0.51,0.52,prot.2565,0.26,seq.7735.17,0.57,
SERPINF2_45498,OID45498,SERPINF2,P08697,8,0.84,0.00,9.58,0.43,0.14,22.00,0.30,0.26,0.29,-1.00,3.76,0.00,1.00,TRUE,TRUE,0.44,0.43,0.44,prot.1913,-0.07,seq.3024.18,0.35,
SERPING1_45499,OID45499,SERPING1,P05155,8,0.84,0.00,7.10,0.00,0.10,22.00,-0.29,0.22,-0.29,-1.21,1.14,0.00,0.99,FALSE,FALSE,0.42,0.42,0.43,prot.1797,0.01,seq.4479.14,0.30,
SERPINH1_43065,OID43065,SERPINH1,P50454,3,0.00,46.35,57.85,2.56,0.78,22.00,3.21,1.28,3.30,-2.28,8.45,0.01,0.99,FALSE,FALSE,0.43,0.42,0.44,prot.2784,0.56,seq.10800.15,0.50,
SERPINI1_44924,OID44924,SERPINI1,Q99574,5,0.07,23.54,19.75,-0.70,0.28,22.00,-0.66,0.32,-0.65,-2.36,0.74,0.00,0.99,TRUE,FALSE,0.32,0.32,0.33,prot.7299,0.15,seq.29557.69,0.02,
SERPINI2_44233,OID44233,SERPINI2,O75830,4,0.00,0.28,11.27,-0.30,0.16,22.00,-0.06,0.90,-0.17,-2.10,3.76,0.00,0.99,FALSE,FALSE,0.21,0.21,0.22,,,seq.7117.21,-0.05,
SERTAD1_41784,OID41784,SERTAD1,Q9UHV2,2,0.14,84.95,43.07,-0.24,0.76,22.00,-0.09,0.89,-0.03,-7.72,4.49,0.00,0.99,FALSE,FALSE,0.02,0.02,0.02,,,,,
SERTAD2_40593,OID40593,SERTAD2,Q14140,1,0.00,91.09,184.16,0.90,3.55,22.00,0.84,3.50,0.60,-6.59,10.25,0.00,0.00,FALSE,FALSE,0.02,0.01,0.02,,,,,
SERTAD4_41785,OID41785,SERTAD4,Q9NUC0,2,0.14,78.61,75.67,-4.46,1.29,22.00,-3.13,1.91,-3.13,-10.35,5.39,0.00,0.99,FALSE,FALSE,0.02,0.02,0.02,,,,,
SESTD1_41786,OID41786,SESTD1,Q86VW0,2,0.14,72.61,41.31,0.92,0.78,22.00,0.99,1.28,1.05,-6.72,4.91,0.00,1.00,FALSE,FALSE,0.16,0.15,0.16,prot.4254,0.21,seq.31418.43,-0.06,
SETBP1_41787,OID41787,SETBP1,Q9Y6X0,2,0.14,62.58,26.79,0.24,0.34,22.00,0.01,0.93,-0.20,-1.63,7.97,0.00,0.94,FALSE,FALSE,0.04,0.04,0.04,prot.6315,0.00,seq.24471.2,-0.01,
SETD5_41788,OID41788,SETD5,Q9C0A6,2,0.14,71.85,73.57,-0.39,0.92,22.00,0.38,1.87,0.40,-6.95,6.97,0.00,0.99,FALSE,FALSE,0.04,0.04,0.04,,,,,
SETD7_40594,OID40594,SETD7,Q8WTS6,1,0.00,85.53,64.75,-0.16,0.91,22.00,-0.15,1.00,0.00,-7.64,2.55,0.01,0.99,FALSE,FALSE,0.05,0.04,0.05,,,,,
SETMAR_44234,OID44234,SETMAR,Q53H47,4,0.00,0.00,6.80,0.58,0.10,22.00,0.30,0.39,0.29,-1.31,2.14,0.01,1.00,TRUE,TRUE,0.29,0.29,0.29,,,seq.12462.36,0.12,
SEZ6L2_44236,OID44236,SEZ6L2,Q6UXD5,4,0.00,4.94,10.43,0.07,0.15,22.00,0.27,0.36,0.25,-0.94,2.95,0.00,0.99,TRUE,TRUE,0.22,0.22,0.23,,,seq.3867.49,-0.01,
SEZ6L_44925,OID44925,SEZ6L,Q9BYH1,5,0.07,0.00,13.63,0.16,0.20,22.00,0.53,0.37,0.52,-1.46,2.20,0.00,0.99,FALSE,FALSE,0.57,0.56,0.58,prot.618,0.50,seq.19563.3,0.67,
SEZ6_44235,OID44235,SEZ6,Q53EL9,4,0.00,21.92,13.79,0.01,0.20,22.00,0.30,0.39,0.28,-0.90,3.17,0.01,0.99,FALSE,FALSE,0.23,0.22,0.24,,,seq.34134.43,0.12,
SF3B3_40595,OID40595,SF3B3,Q15393,1,0.00,58.94,179.32,1.65,2.68,22.00,1.96,3.16,1.18,-5.54,8.50,0.00,0.00,FALSE,FALSE,0.10,0.09,0.10,prot.6623,0.10,seq.31027.1,0.04,
SF3B4_44237,OID44237,SF3B4,Q15427,4,0.00,51.64,27.48,0.08,0.40,22.00,0.23,0.68,0.22,-2.59,3.96,0.01,1.00,FALSE,FALSE,0.19,0.19,0.20,prot.3625,0.18,seq.13449.25,-0.04,
SFRP1_44238,OID44238,SFRP1,Q8N474,4,0.00,10.30,11.98,1.87,0.18,22.00,1.34,0.50,1.30,-0.08,6.20,0.01,1.00,TRUE,FALSE,0.55,0.55,0.56,prot.4418,0.59,seq.3221.54,0.68,
SFRP4_44926,OID44926,SFRP4,Q6FHJ7,5,0.07,0.00,9.28,1.23,0.13,22.00,0.90,0.51,0.93,-1.39,2.28,0.00,0.99,FALSE,FALSE,0.69,0.69,0.70,prot.3961,0.79,seq.17447.52,0.87,
SFTPA2_43066,OID43066,SFTPA2,Q8IWL1,3,0.00,43.15,23.67,0.02,0.33,22.00,0.48,0.87,0.44,-2.03,3.38,0.00,0.99,TRUE,TRUE,0.16,0.16,0.16,,,seq.33696.14,-0.04,
SFTPD_44927,OID44927,SFTPD,P35247,5,0.07,0.07,6.97,0.37,0.10,22.00,0.09,0.67,0.07,-2.15,3.15,0.00,1.00,TRUE,FALSE,0.72,0.71,0.72,prot.2524,0.86,seq.19590.46,0.64,
SGCG_41789,OID41789,SGCG,Q13326,2,0.14,67.25,149.02,0.19,1.40,22.00,0.21,2.13,0.46,-6.29,7.68,0.00,0.02,FALSE,FALSE,0.04,0.03,0.04,,,,,
SGF29_43067,OID43067,SGF29,Q96ES7,3,0.00,38.90,32.85,0.37,0.45,22.00,0.81,0.73,0.76,-1.50,7.57,0.02,0.72,FALSE,FALSE,0.27,0.26,0.27,prot.7294,0.20,seq.26292.45,0.38,
SGK1_40596,OID40596,SGK1,O00141,1,0.00,91.44,96.79,-0.87,2.49,22.00,-0.47,2.08,0.09,-6.40,3.43,0.09,0.00,FALSE,FALSE,0.03,0.03,0.03,,,seq.21144.160,0.00,
SGSH_44928,OID44928,SGSH,P51688,5,0.07,8.29,19.74,0.19,0.30,22.00,0.14,0.64,0.16,-2.66,3.33,0.00,0.99,TRUE,TRUE,0.56,0.56,0.57,,,seq.21766.50,0.66,
SGTA_44929,OID44929,SGTA,O43765,5,0.07,0.14,21.06,1.88,0.28,22.00,2.19,0.56,2.17,0.08,5.46,0.00,0.80,FALSE,FALSE,0.65,0.65,0.65,prot.378,0.68,seq.3868.8,0.71,1
SH2B3_43068,OID43068,SH2B3,Q9UQQ2,3,0.00,45.86,36.03,1.28,0.50,22.00,1.21,0.80,1.19,-2.09,6.36,0.01,0.99,FALSE,FALSE,0.31,0.31,0.32,prot.6095,0.31,seq.22019.21,0.06,
SH2D1A_44239,OID44239,SH2D1A,O60880,4,0.00,33.40,21.17,0.58,0.30,22.00,1.08,0.59,1.07,-0.72,3.63,0.00,0.98,TRUE,TRUE,0.40,0.39,0.41,,,seq.4567.82,0.41,
SH2D3C_40597,OID40597,SH2D3C,Q8N5H7,1,0.00,80.51,25.84,0.25,0.42,22.00,0.24,0.59,0.24,-2.15,3.53,0.01,0.99,FALSE,FALSE,0.02,0.02,0.03,,,seq.12704.26,-0.05,
SH2D4B_41790,OID41790,SH2D4B,Q5SQS7,2,0.14,60.70,28.82,8.63,0.36,22.00,0.56,1.80,0.10,-3.23,9.98,0.00,1.00,FALSE,FALSE,0.09,0.09,0.09,,,,,
SH2D7_41791,OID41791,SH2D7,A6NKC9,2,0.14,88.99,65.88,-0.33,0.89,22.00,-0.18,1.32,-0.13,-7.32,6.38,0.00,1.00,FALSE,FALSE,0.01,0.01,0.01,,,seq.34219.7,0.01,
SH3BGRL2_43069,OID43069,SH3BGRL2,Q9UJC5,3,0.00,44.68,28.20,0.72,0.42,22.00,1.02,1.17,0.82,-2.53,8.65,0.03,0.91,FALSE,FALSE,0.19,0.19,0.20,prot.5985,0.14,seq.19113.66,0.20,
SH3BP1_44240,OID44240,SH3BP1,Q9Y3L3,4,0.00,82.19,35.48,0.62,0.59,22.00,-0.71,0.98,-0.67,-8.18,4.25,0.01,0.93,FALSE,FALSE,0.08,0.08,0.09,prot.6194,0.07,,,
SH3BP5L_43071,OID43071,SH3BP5L,Q7L8J4,3,0.00,24.29,23.96,1.29,0.35,22.00,1.87,0.76,1.80,-0.23,8.12,0.02,0.99,FALSE,FALSE,0.41,0.40,0.42,prot.4151,0.28,seq.34772.10,0.45,
SH3BP5_43070,OID43070,SH3BP5,O60239,3,0.00,23.73,27.09,1.48,0.36,22.00,0.97,1.15,0.94,-3.16,6.81,0.00,0.80,TRUE,FALSE,0.31,0.31,0.31,prot.1293,0.20,seq.23662.10,0.23,
SH3D19_43072,OID43072,SH3D19,Q5HYK7,3,0.00,77.24,28.45,0.39,0.39,22.00,0.39,0.48,0.38,-1.22,4.59,0.01,0.98,FALSE,FALSE,0.10,0.10,0.10,,,,,
SH3D21_41792,OID41792,SH3D21,A4FU49,2,0.14,80.91,207.89,0.05,1.88,22.00,0.64,1.94,0.68,-6.57,7.84,0.00,0.49,FALSE,FALSE,0.04,0.03,0.04,,,,,
SH3GL1_41793,OID41793,SH3GL1,Q99961,2,0.14,58.82,46.41,0.23,0.79,22.00,1.00,1.02,1.11,-3.69,4.94,0.00,0.99,FALSE,FALSE,0.20,0.20,0.21,prot.5162,0.30,seq.33093.34,0.17,
SH3GL3_43073,OID43073,SH3GL3,Q99963,3,0.00,83.99,116.44,-0.05,1.42,22.00,0.41,1.78,0.62,-7.07,5.58,0.04,0.83,FALSE,FALSE,0.07,0.06,0.07,,,seq.18318.98,0.09,
SH3GLB2_44241,OID44241,SH3GLB2,Q9NR46,4,0.00,19.62,59.78,1.17,0.48,22.00,1.57,0.79,1.51,-0.84,5.53,0.01,0.86,TRUE,FALSE,0.56,0.55,0.57,prot.615,0.37,seq.18222.34,0.77,
SH3PXD2B_44242,OID44242,SH3PXD2B,A1X283,4,0.00,1.95,15.80,0.83,0.24,22.00,1.31,0.96,1.29,-1.24,5.86,0.00,0.99,TRUE,FALSE,0.60,0.59,0.61,prot.510,0.75,seq.25297.11,0.86,
SHANK1_41794,OID41794,SHANK1,Q9Y566,2,0.14,69.06,19.09,0.18,0.28,22.00,0.10,0.51,0.08,-3.45,3.12,0.00,0.92,FALSE,FALSE,0.09,0.08,0.09,,,seq.13256.21,0.03,
SHBG_45411,OID45411,SHBG,P04278,7,0.07,0.00,9.84,0.40,0.14,22.00,0.41,0.69,0.39,-2.33,3.47,0.00,1.00,FALSE,FALSE,0.77,0.76,0.77,,,seq.4929.55,0.94,
SHC1_43074,OID43074,SHC1,P29353,3,0.00,74.11,23.67,-0.21,0.35,22.00,0.18,0.87,-0.01,-1.94,6.50,0.05,0.99,FALSE,FALSE,0.07,0.06,0.07,prot.2414,0.02,seq.5272.55,0.05,
SHC3_43075,OID43075,SHC3,Q92529,3,0.00,67.78,43.12,-0.36,0.80,22.00,-0.04,0.68,-0.02,-4.03,3.86,0.00,1.00,FALSE,FALSE,0.09,0.08,0.09,,,,,
SHD_43076,OID43076,SHD,Q96IW2,3,0.00,73.70,50.44,-1.43,0.84,22.00,-0.96,1.46,-1.07,-8.84,7.28,0.02,0.97,FALSE,FALSE,0.00,0.00,0.01,,,seq.23554.2,-0.03,
SHE_40598,OID40598,SHE,Q5VZ18,1,0.00,84.55,253.83,-2.58,3.02,22.00,-1.40,3.09,-0.40,-6.48,8.43,0.00,0.00,FALSE,FALSE,0.01,0.01,0.01,,,seq.31627.18,0.01,
SHH_44243,OID44243,SHH,Q15465,4,0.00,99.72,8.95,1.75,0.13,22.00,1.06,0.70,1.13,-1.65,6.51,0.00,0.42,FALSE,FALSE,0.20,0.19,0.21,prot.6626,0.05,seq.2743.5,-0.01,
SHISA5_45257,OID45257,SHISA5,Q8N114,6,1.11,21.53,12.74,-0.05,0.17,21.00,0.17,0.38,0.16,-1.92,2.82,0.00,0.98,FALSE,FALSE,0.33,0.33,0.34,,,seq.34666.63,0.24,
SHMT1_44930,OID44930,SHMT1,P34896,5,0.07,0.63,13.24,2.02,0.20,22.00,1.76,0.89,1.79,-0.97,5.53,0.00,0.99,TRUE,TRUE,0.72,0.70,0.72,prot.2510,0.83,seq.12334.25,0.73,
SHMT2_44931,OID44931,SHMT2,P34897,5,0.07,0.00,32.42,2.43,0.45,22.00,2.65,0.81,2.65,-1.10,7.67,0.00,0.99,FALSE,FALSE,0.63,0.63,0.64,prot.2511,0.65,seq.12691.44,0.64,4
SHOC1_41795,OID41795,SHOC1,Q5VXU9,2,0.14,70.45,59.31,-1.63,1.56,22.00,-0.73,1.50,-0.71,-7.90,5.94,0.00,0.96,FALSE,FALSE,0.02,0.02,0.03,,,,,
SHOX2_41797,OID41797,SHOX2,O60902,2,0.14,66.34,82.30,-1.44,2.08,22.00,-0.20,1.94,-0.13,-7.77,6.89,0.00,0.98,FALSE,FALSE,0.01,0.01,0.02,,,,,
SHOX_41796,OID41796,SHOX,O15266,2,0.14,49.13,26.57,-0.40,0.50,22.00,-0.59,1.43,-0.85,-4.72,7.36,0.00,0.99,FALSE,FALSE,0.03,0.03,0.03,,,seq.24711.21,0.01,
SHPK_43077,OID43077,SHPK,Q9UHJ6,3,0.00,74.11,23.90,-0.40,0.34,22.00,0.08,0.79,-0.06,-2.40,4.78,0.03,0.99,FALSE,FALSE,0.04,0.04,0.04,prot.5956,0.00,,,
SHPRH_43078,OID43078,SHPRH,Q149N8,3,0.00,69.59,27.62,-0.63,0.39,22.00,-0.32,0.77,-0.45,-2.08,5.65,0.03,0.99,FALSE,FALSE,0.06,0.06,0.07,,,,,
SHROOM1_41798,OID41798,SHROOM1,Q2M3G4,2,0.14,79.72,75.84,0.12,1.62,22.00,0.10,1.91,0.47,-6.60,6.10,0.00,0.01,FALSE,FALSE,0.02,0.02,0.02,,,seq.32064.41,0.00,
SHROOM2_41799,OID41799,SHROOM2,Q13796,2,0.14,71.57,18.62,0.50,0.28,22.00,-0.17,1.01,-0.41,-2.52,6.80,0.00,0.97,FALSE,FALSE,0.10,0.09,0.10,,,,,
SHROOM3_41800,OID41800,SHROOM3,Q8TF72,2,0.14,65.30,32.93,-0.09,0.46,22.00,0.07,0.66,0.00,-3.06,3.80,0.00,0.99,FALSE,FALSE,0.04,0.04,0.05,prot.4637,,,,
SHROOM4_41801,OID41801,SHROOM4,Q9ULL8,2,0.14,78.40,43.48,0.15,0.62,22.00,0.07,0.99,0.12,-7.56,6.70,0.00,0.99,FALSE,FALSE,0.10,0.10,0.10,prot.6037,0.15,,,
SIAE_44932,OID44932,SIAE,Q9HAT2,5,0.07,0.14,12.34,1.13,0.17,22.00,0.57,0.45,0.58,-2.51,3.65,0.00,1.00,TRUE,TRUE,0.54,0.53,0.54,prot.5544,0.45,seq.9263.57,0.55,
SIGLEC10_44244,OID44244,SIGLEC10,Q96LC7,4,0.00,12.25,8.30,-0.19,0.12,22.00,0.49,0.37,0.48,-1.35,2.24,0.00,1.00,TRUE,TRUE,0.51,0.49,0.51,,,seq.26332.62,0.62,
SIGLEC15_43079,OID43079,SIGLEC15,Q6ZMC9,3,0.00,68.34,39.68,-0.13,0.58,22.00,0.34,0.95,0.30,-7.20,5.44,0.01,0.99,FALSE,FALSE,0.06,0.06,0.06,,,seq.10847.1,0.04,
SIGLEC1_44933,OID44933,SIGLEC1,Q9BZZ2,5,0.07,48.89,14.25,-0.70,0.20,22.00,0.21,0.60,0.22,-6.52,2.49,0.00,0.99,TRUE,TRUE,0.44,0.44,0.45,,,seq.4464.10,0.50,
SIGLEC5_45258,OID45258,SIGLEC5,O15389,6,1.11,24.42,17.02,0.21,0.26,21.00,-0.88,2.71,-0.05,-10.63,2.57,0.00,0.00,TRUE,FALSE,0.71,0.69,0.72,prot.7237,-0.02,seq.16792.4,0.91,
SIGLEC6_44245,OID44245,SIGLEC6,O43699,4,0.00,9.88,12.87,0.29,0.17,22.00,0.61,0.46,0.60,-1.47,5.26,0.01,0.99,TRUE,FALSE,0.35,0.34,0.36,,,seq.2741.22,0.36,
SIGLEC7_44934,OID44934,SIGLEC7,Q9Y286,5,0.07,0.00,8.23,0.16,0.12,22.00,0.19,0.33,0.19,-1.49,1.58,0.00,0.99,FALSE,FALSE,0.58,0.57,0.58,,,seq.2742.68,0.70,
SIGLEC8_44246,OID44246,SIGLEC8,Q9NYZ4,4,0.00,13.36,12.39,0.75,0.18,22.00,0.35,0.54,0.34,-1.56,3.02,0.00,0.97,TRUE,FALSE,0.25,0.23,0.26,prot.8000,,seq.7864.3,0.06,
SIGLEC9_44247,OID44247,SIGLEC9,Q9Y336,4,0.00,14.34,9.75,-0.05,0.14,22.00,0.16,0.38,0.17,-1.29,2.26,0.00,0.95,TRUE,TRUE,0.43,0.41,0.43,prot.6167,0.09,seq.3007.7,0.58,
SIK3_40599,OID40599,SIK3,Q9Y2K2,1,0.00,80.51,96.78,-0.02,0.87,22.00,0.04,1.28,0.06,-7.32,8.01,0.02,1.00,FALSE,FALSE,0.05,0.05,0.05,,,,,
SIKE1_41802,OID41802,SIKE1,Q9BRV8,2,0.14,79.58,49.02,0.53,0.80,22.00,0.87,1.01,0.89,-3.30,7.37,0.00,1.00,FALSE,FALSE,0.13,0.12,0.13,prot.5201,0.15,,,
SIL1_44248,OID44248,SIL1,Q9H173,4,0.00,1.18,5.93,-0.77,0.09,22.00,-0.38,0.42,-0.39,-2.25,2.54,0.02,1.00,TRUE,TRUE,0.29,0.28,0.29,prot.5421,0.22,seq.21338.44,0.08,
SIM1_41803,OID41803,SIM1,P81133,2,0.14,66.13,43.65,-0.41,0.61,22.00,0.18,1.02,0.05,-3.23,6.24,0.00,0.99,FALSE,FALSE,0.03,0.03,0.03,,,,,
SIMC1_41804,OID41804,SIMC1,Q8NDZ2,2,0.14,93.87,214.48,-0.97,3.27,22.00,-0.25,2.88,-0.08,-6.90,12.51,0.00,0.00,FALSE,FALSE,0.02,0.01,0.02,,,,,
SIN3B_41805,OID41805,SIN3B,O75182,2,0.14,87.53,38.86,-2.05,0.56,22.00,-1.33,1.17,-1.47,-8.94,5.03,0.00,0.94,FALSE,FALSE,0.04,0.03,0.04,,,,,
SIPA1_43080,OID43080,SIPA1,Q96FS4,3,0.00,11.62,27.20,-0.27,0.40,22.00,0.14,0.63,0.11,-1.81,4.13,0.01,0.99,FALSE,FALSE,0.22,0.22,0.22,prot.4923,0.33,,,
SIRPA_45259,OID45259,SIRPA,P78324,6,1.11,5.77,6.87,-0.24,0.10,21.00,0.09,0.38,0.10,-1.40,1.59,0.00,0.60,TRUE,TRUE,0.61,0.60,0.62,prot.3116,,seq.5430.66,0.72,
SIRPB1_44935,OID44935,SIRPB1,O00241,5,0.07,0.63,12.31,-0.78,0.17,22.00,0.16,0.47,0.15,-1.72,2.73,0.00,1.00,TRUE,FALSE,0.50,0.50,0.51,,,seq.6247.9,0.42,
SIRPG_41806,OID41806,SIRPG,Q9P1W8,2,0.14,53.45,32.95,-0.21,0.51,22.00,0.61,0.72,0.55,-2.51,5.00,0.00,0.99,TRUE,TRUE,0.18,0.18,0.19,,,seq.9241.40,0.16,
SIRT1_43081,OID43081,SIRT1,Q96EB6,3,0.00,89.28,30.55,0.87,0.43,22.00,0.81,0.64,0.86,-1.67,5.03,0.00,1.00,FALSE,FALSE,0.10,0.10,0.10,,,seq.19823.75,-0.01,
SIRT2_44249,OID44249,SIRT2,Q8IXJ6,4,0.00,0.97,14.96,1.84,0.22,22.00,2.48,0.73,2.44,-1.32,6.78,0.01,0.94,FALSE,FALSE,0.60,0.59,0.60,prot.4344,0.68,seq.23031.6,0.24,
SIRT3_40600,OID40600,SIRT3,Q9NTG7,1,0.00,82.12,29.93,-0.29,0.49,22.00,0.06,0.83,-0.04,-2.52,4.86,0.02,0.78,FALSE,FALSE,0.06,0.05,0.06,prot.5702,0.02,seq.17495.141,-0.09,
SIRT5_43082,OID43082,SIRT5,Q9NXA8,3,0.00,62.00,35.72,-0.66,0.49,22.00,-0.11,1.31,-0.27,-3.34,7.59,0.01,0.94,FALSE,FALSE,0.08,0.07,0.08,prot.5773,0.01,seq.12461.8,0.00,
SIRT6_40601,OID40601,SIRT6,Q8N6T7,1,0.00,47.88,44.16,-0.51,0.43,22.00,-0.30,0.62,-0.37,-2.05,4.84,0.01,1.00,FALSE,FALSE,0.10,0.09,0.10,,,seq.21833.6,0.00,
SIT1_43083,OID43083,SIT1,Q9Y3P8,3,0.00,34.79,31.81,0.83,0.47,22.00,1.18,0.67,1.19,-1.14,3.88,0.00,0.82,FALSE,FALSE,0.28,0.28,0.29,prot.6196,0.33,seq.11194.6,-0.05,
SKA1_41807,OID41807,SKA1,Q96BD8,2,0.14,81.39,39.50,-0.44,0.63,22.00,-0.32,1.03,-0.34,-7.53,5.24,0.00,1.00,FALSE,FALSE,0.04,0.04,0.04,,,seq.21370.45,0.04,
SKAP1_44250,OID44250,SKAP1,Q86WV1,4,0.00,21.50,17.44,0.09,0.26,22.00,0.48,0.66,0.46,-1.78,2.91,0.00,0.99,FALSE,FALSE,0.27,0.27,0.28,prot.4269,0.15,,,
SKAP2_44936,OID44936,SKAP2,O75563,5,0.07,0.97,23.13,3.53,0.36,22.00,3.82,0.86,3.87,-1.09,6.77,0.00,1.00,FALSE,FALSE,0.66,0.65,0.66,prot.1426,0.69,seq.32651.41,0.75,4
SKIC2_43084,OID43084,SKIC2,Q15477,3,0.00,87.96,49.33,-0.10,0.89,22.00,0.11,0.79,0.10,-2.75,4.06,0.01,1.00,FALSE,FALSE,0.05,0.05,0.06,prot.3629,0.04,,,
SKIL_41808,OID41808,SKIL,P12757,2,0.14,63.76,31.72,-1.17,0.46,22.00,-0.80,0.84,-0.88,-2.88,7.57,0.00,1.00,FALSE,FALSE,0.04,0.03,0.04,,,seq.14670.1,0.01,
SKOR1_41809,OID41809,SKOR1,P84550,2,0.14,81.88,59.63,-1.09,1.67,22.00,-0.67,1.44,-0.55,-7.94,8.14,0.00,1.00,FALSE,FALSE,0.01,0.01,0.01,,,,,
SLA2_44251,OID44251,SLA2,Q9H6Q3,4,0.00,19.62,32.81,1.28,0.41,22.00,1.63,0.79,1.59,-0.97,8.42,0.00,1.00,FALSE,FALSE,0.53,0.52,0.54,prot.5497,0.66,seq.28253.7,0.62,
SLAMF1_43085,OID43085,SLAMF1,Q13291,3,0.00,14.41,23.37,-0.58,0.35,22.00,0.22,0.50,0.21,-1.84,3.60,0.00,0.98,FALSE,FALSE,0.23,0.22,0.23,,,seq.7953.20,0.22,
SLAMF6_43086,OID43086,SLAMF6,Q96DU3,3,0.00,56.85,67.74,-0.10,1.83,22.00,0.54,1.08,0.63,-6.92,4.85,0.01,0.99,FALSE,FALSE,0.11,0.11,0.12,prot.4893,0.09,seq.5128.53,0.10,
SLAMF7_44252,OID44252,SLAMF7,Q9NQ25,4,0.00,6.26,12.63,-1.40,0.19,22.00,-0.21,0.63,-0.20,-2.31,4.20,0.00,0.99,TRUE,FALSE,0.51,0.50,0.52,,,seq.5487.7,0.77,
SLAMF8_43087,OID43087,SLAMF8,Q9P0V8,3,0.00,47.74,24.96,-1.06,0.38,22.00,-0.02,0.69,0.01,-4.82,4.97,0.01,0.99,TRUE,TRUE,0.14,0.13,0.14,,,seq.8994.65,0.06,
SLC12A1_40602,OID40602,SLC12A1,Q13621,1,0.00,90.26,380.51,-1.38,2.96,22.00,-0.97,2.76,-0.23,-6.88,6.75,0.00,0.00,FALSE,FALSE,0.02,0.02,0.02,,,,,
SLC12A2_43088,OID43088,SLC12A2,P55011,3,0.00,72.09,41.80,-2.02,0.84,22.00,-1.56,0.95,-1.57,-5.47,4.63,0.02,1.00,FALSE,FALSE,0.13,0.13,0.14,prot.2910,0.18,,,
SLC12A9_41810,OID41810,SLC12A9,Q9BXP2,2,0.14,72.13,41.86,0.11,0.62,22.00,0.41,0.80,0.33,-2.27,4.80,0.00,0.99,FALSE,FALSE,0.04,0.04,0.04,prot.5305,0.01,,,
SLC13A1_44253,OID44253,SLC13A1,Q9BZW2,4,0.00,61.45,16.18,-1.74,0.23,22.00,-1.00,1.06,-1.26,-3.06,7.22,0.06,0.99,FALSE,FALSE,0.17,0.16,0.18,,,,,
SLC13A2_41811,OID41811,SLC13A2,Q13183,2,0.14,76.03,42.04,-0.28,0.62,22.00,0.09,1.13,0.03,-7.85,7.19,0.00,1.00,FALSE,FALSE,0.02,0.02,0.03,,,,,
SLC16A1_43089,OID43089,SLC16A1,P53985,3,0.00,0.00,13.08,0.39,0.19,22.00,0.72,0.45,0.70,-0.71,3.69,0.01,0.99,FALSE,FALSE,0.35,0.34,0.35,prot.2881,0.33,seq.32793.2,-0.13,
SLC19A1_41812,OID41812,SLC19A1,P41440,2,0.14,62.37,27.08,0.18,0.44,22.00,0.21,0.93,0.09,-2.69,6.72,0.00,1.00,FALSE,FALSE,0.07,0.07,0.07,,,,,
SLC1A4_43090,OID43090,SLC1A4,P43007,3,0.00,79.54,327.84,-1.01,3.38,22.00,-0.62,3.27,-0.12,-6.58,7.94,0.00,0.00,FALSE,FALSE,0.02,0.02,0.02,prot.2635,0.03,seq.31321.198,0.00,
SLC27A4_43091,OID43091,SLC27A4,Q6P1M0,3,0.00,63.74,40.12,0.18,0.65,22.00,0.91,0.80,0.89,-2.43,7.97,0.01,1.00,FALSE,FALSE,0.28,0.27,0.29,prot.3995,0.41,,,
SLC28A1_43092,OID43092,SLC28A1,O00337,3,0.00,54.14,14.69,0.68,0.20,22.00,-0.55,1.22,-0.80,-3.24,6.37,0.03,1.00,FALSE,FALSE,0.18,0.17,0.18,,,,,
SLC34A3_43093,OID43093,SLC34A3,Q8N130,3,0.00,76.41,55.77,-1.28,0.96,22.00,-0.72,1.42,-0.75,-8.35,7.20,0.02,0.99,FALSE,FALSE,0.05,0.04,0.05,,,seq.30539.3,0.06,
SLC38A10_44937,OID44937,SLC38A10,Q9HBR0,5,0.07,1.81,12.09,0.79,0.15,22.00,1.11,0.38,1.09,-0.25,3.59,0.00,0.94,TRUE,TRUE,0.28,0.27,0.28,prot.5564,0.06,,,
SLC39A14_43094,OID43094,SLC39A14,Q15043,3,0.00,56.37,22.32,0.30,0.33,22.00,0.71,0.45,0.70,-0.77,3.73,0.00,0.96,FALSE,FALSE,0.22,0.21,0.22,,,,,
SLC39A5_44254,OID44254,SLC39A5,Q6ZMH5,4,0.00,0.00,10.74,0.44,0.16,22.00,0.56,0.77,0.55,-2.27,9.12,0.01,0.96,FALSE,FALSE,0.20,0.19,0.20,,,seq.27575.13,0.04,
SLC40A1_43095,OID43095,SLC40A1,Q9NP59,3,0.00,68.89,23.54,1.21,0.36,22.00,0.13,0.99,-0.05,-2.47,8.15,0.03,0.99,FALSE,FALSE,0.09,0.09,0.09,prot.5596,0.06,,,
SLC44A4_43096,OID43096,SLC44A4,Q53GD3,3,0.00,86.92,44.30,-0.21,0.62,22.00,-0.04,0.85,-0.09,-3.11,7.33,0.02,0.99,FALSE,FALSE,0.02,0.01,0.02,,,seq.30430.56,-0.02,
SLC4A1_45260,OID45260,SLC4A1,P02730,6,1.11,3.66,81.71,2.08,1.22,21.00,2.22,1.62,2.38,-1.37,7.02,0.00,0.00,FALSE,FALSE,0.42,0.41,0.42,prot.1720,0.45,,,
SLC51B_43097,OID43097,SLC51B,Q86UW2,3,0.00,19.49,15.50,-0.55,0.21,22.00,-0.49,0.89,-0.65,-2.40,5.75,0.02,0.99,FALSE,FALSE,0.21,0.20,0.22,,,,,
SLC5A5_41813,OID41813,SLC5A5,Q92911,2,0.14,57.07,21.63,-1.04,0.30,22.00,-0.68,0.59,-0.74,-2.45,4.24,0.00,0.85,FALSE,FALSE,0.08,0.07,0.08,,,seq.12826.5,-0.01,
SLIRP_43098,OID43098,SLIRP,Q9GZT3,3,0.00,63.74,30.98,-0.17,0.40,22.00,-0.07,0.93,-0.18,-2.71,6.86,0.01,0.99,FALSE,FALSE,0.06,0.05,0.06,prot.5384,0.02,seq.34018.182,-0.03,
SLIT2_43099,OID43099,SLIT2,O94813,3,0.00,28.53,24.66,-0.07,0.32,22.00,0.19,0.49,0.17,-1.17,3.60,0.01,1.00,FALSE,FALSE,0.25,0.25,0.25,prot.1485,0.29,seq.18930.28,0.15,
SLITRK1_44255,OID44255,SLITRK1,Q96PX8,4,0.00,0.00,11.33,0.23,0.16,22.00,0.57,0.37,0.55,-1.01,2.14,0.00,0.99,FALSE,FALSE,0.51,0.50,0.51,,,seq.15539.15,0.70,
SLITRK2_44256,OID44256,SLITRK2,Q9H156,4,0.00,3.76,11.56,0.69,0.17,22.00,0.66,0.42,0.66,-0.97,2.50,0.00,0.99,TRUE,TRUE,0.52,0.51,0.52,,,seq.21385.5,0.69,
SLITRK5_41815,OID41815,SLITRK5,O94991,2,0.14,41.05,17.83,0.25,0.27,22.00,0.44,0.55,0.39,-1.35,3.23,0.00,1.00,FALSE,FALSE,0.39,0.38,0.40,,,seq.4568.17,0.61,
SLITRK6_44257,OID44257,SLITRK6,Q9H5Y7,4,0.00,5.08,12.44,0.25,0.18,22.00,0.46,0.41,0.44,-0.89,3.28,0.00,0.93,FALSE,FALSE,0.45,0.44,0.46,,,seq.16916.19,0.63,
SLK_43100,OID43100,SLK,Q9H2G2,3,0.00,90.05,66.42,-1.71,1.46,22.00,-0.51,1.54,-0.50,-8.23,6.50,0.03,0.62,FALSE,FALSE,0.07,0.07,0.07,prot.5444,0.10,,,
SLMAP_44258,OID44258,SLMAP,Q14BN4,4,0.00,0.07,37.30,3.21,0.49,22.00,3.81,0.84,3.83,-0.45,6.92,0.01,0.78,FALSE,FALSE,0.51,0.51,0.52,prot.3560,0.53,seq.7191.32,0.36,4
SLPI_45261,OID45261,SLPI,P03973,6,1.11,5.77,15.64,-0.43,0.24,21.00,0.12,0.49,0.12,-1.71,4.74,0.00,1.00,FALSE,FALSE,0.58,0.58,0.59,prot.1747,0.53,seq.4413.3,0.51,
SLURP1_45262,OID45262,SLURP1,P55000,6,1.11,17.95,139.40,0.20,0.75,21.00,0.12,0.56,0.08,-2.45,4.21,0.00,0.96,TRUE,TRUE,0.22,0.21,0.23,prot.2906,0.01,,,
SLX4IP_41816,OID41816,SLX4IP,Q5VYV7,2,0.14,74.77,17.23,0.41,0.25,22.00,0.03,0.60,-0.07,-1.74,4.08,0.00,0.98,FALSE,FALSE,0.11,0.11,0.12,,,,,
SMAD1_43101,OID43101,SMAD1,Q15797,3,0.00,59.92,29.63,1.74,0.40,22.00,2.18,0.84,2.22,-2.43,5.65,0.00,0.77,FALSE,FALSE,0.46,0.45,0.46,prot.3659,0.55,seq.9838.4,0.46,
SMAD2_43102,OID43102,SMAD2,Q15796,3,0.00,92.48,72.63,0.06,1.98,22.00,0.35,2.02,0.82,-6.99,4.71,0.05,0.05,FALSE,FALSE,0.10,0.09,0.10,prot.3658,0.14,seq.10364.6,0.09,
SMAD3_44259,OID44259,SMAD3,P84022,4,0.00,65.83,44.78,0.17,0.62,22.00,0.55,0.90,0.60,-3.87,4.55,0.00,1.00,TRUE,FALSE,0.30,0.29,0.30,prot.6581,0.39,seq.10363.13,0.37,
SMAD5_44260,OID44260,SMAD5,Q99717,4,0.00,0.14,8.35,0.70,0.12,22.00,0.70,0.26,0.71,-1.45,6.24,0.01,1.00,FALSE,FALSE,0.26,0.25,0.27,prot.5136,0.06,seq.21478.20,0.11,
SMAP1_40603,OID40603,SMAP1,Q8IYB5,1,0.00,31.59,42.32,-2.64,0.58,22.00,-2.12,0.77,-2.16,-4.54,3.42,0.01,0.99,FALSE,FALSE,0.28,0.27,0.28,prot.4354,0.33,seq.11649.3,0.37,
SMARCA1_41817,OID41817,SMARCA1,P28370,2,0.14,63.90,78.36,-0.26,1.80,22.00,0.04,2.52,0.50,-6.36,7.68,0.00,0.00,FALSE,FALSE,0.02,0.02,0.02,,,seq.31059.5,0.00,
SMARCA2_43103,OID43103,SMARCA2,P51531,3,0.00,65.62,28.32,0.15,0.45,22.00,0.38,0.77,0.30,-1.49,5.01,0.02,0.91,FALSE,FALSE,0.10,0.10,0.10,prot.2814,0.08,seq.33304.66,-0.02,
SMARCA4_41818,OID41818,SMARCA4,P51532,2,0.14,43.41,14.06,0.36,0.20,22.00,0.66,0.49,0.62,-1.48,4.07,0.00,0.95,FALSE,FALSE,0.26,0.25,0.27,,,,,
SMC3_43104,OID43104,SMC3,Q9UQE7,3,0.00,93.39,35.27,0.05,0.44,22.00,0.20,0.78,0.14,-2.39,6.86,0.02,1.00,FALSE,FALSE,0.03,0.03,0.03,prot.6092,-0.02,seq.14324.52,-0.04,
SMC4_41819,OID41819,SMC4,Q9NTJ3,2,0.14,66.62,112.70,-0.73,1.21,22.00,0.11,1.12,0.00,-6.06,7.42,0.00,0.99,FALSE,FALSE,0.03,0.03,0.03,prot.5703,0.02,,,
SMC5_40604,OID40604,SMC5,Q8IY18,1,0.00,82.19,59.71,-1.46,2.07,22.00,-0.37,1.80,-0.28,-8.21,7.61,0.04,0.99,FALSE,FALSE,-0.02,-0.02,-0.02,prot.7604,-0.11,,,
SMC6_40605,OID40605,SMC6,Q96SB8,1,0.00,71.26,98.68,-3.59,2.41,22.00,-3.10,2.78,-2.30,-8.07,5.43,0.00,0.00,FALSE,FALSE,0.02,0.02,0.02,,,,,
SMCO2_41820,OID41820,SMCO2,A6NFE2,2,0.14,77.77,146.09,-0.48,1.22,22.00,-0.24,1.69,-0.09,-7.49,6.03,0.00,0.99,FALSE,FALSE,0.00,0.00,0.00,,,seq.7925.18,-0.02,
SMCO3_41821,OID41821,SMCO3,A2RU48,2,0.14,71.57,54.46,-3.25,0.76,22.00,-4.34,2.06,-3.96,-10.48,2.31,0.00,0.00,FALSE,FALSE,0.01,0.01,0.01,,,seq.33662.121,0.00,
SMCP_43105,OID43105,SMCP,P49901,3,0.00,80.79,78.58,-2.11,1.64,22.00,-1.28,1.75,-1.28,-8.79,6.21,0.04,0.97,FALSE,FALSE,0.04,0.03,0.04,,,,,
SMG6_40606,OID40606,SMG6,Q86US8,1,0.00,43.77,111.84,-2.76,2.39,22.00,-1.19,3.01,-0.55,-7.52,7.55,0.00,0.00,FALSE,FALSE,0.06,0.06,0.06,,,,,
SMG7_40607,OID40607,SMG7,Q92540,1,0.00,85.94,58.77,0.15,0.83,22.00,0.16,1.49,0.24,-7.66,5.40,0.02,1.00,FALSE,FALSE,0.04,0.04,0.04,prot.4716,0.03,,,
SMNDC1_44261,OID44261,SMNDC1,O75940,4,0.00,49.34,21.13,-1.60,0.30,22.00,-1.54,0.51,-1.56,-3.02,1.65,0.01,0.97,FALSE,FALSE,0.27,0.27,0.28,,,seq.17805.35,0.34,
SMOC1_44262,OID44262,SMOC1,Q9H4F8,4,0.00,0.00,11.78,0.42,0.16,22.00,0.81,0.33,0.79,-0.34,3.38,0.00,0.99,TRUE,FALSE,0.54,0.53,0.54,prot.5482,0.68,seq.5694.57,0.35,
SMOC2_44939,OID44939,SMOC2,Q9H3U7,5,0.07,9.05,9.94,0.68,0.14,22.00,0.31,0.40,0.32,-1.45,2.54,0.00,0.99,TRUE,FALSE,0.62,0.61,0.63,prot.5464,0.36,seq.15635.4,0.73,
SMOX_41822,OID41822,SMOX,Q9NWM0,2,0.14,64.32,36.90,3.77,0.50,22.00,1.23,1.12,1.19,-6.78,7.99,0.00,1.00,FALSE,FALSE,0.20,0.19,0.21,prot.5747,0.13,,,
SMPD1_44940,OID44940,SMPD1,P17405,5,0.07,6.82,10.61,0.62,0.15,22.00,-0.26,0.56,-0.26,-1.91,3.04,0.00,0.93,TRUE,TRUE,0.68,0.67,0.69,prot.7026,0.13,seq.10818.36,0.81,
SMPD3_43106,OID43106,SMPD3,Q9NY59,3,0.00,89.63,86.54,-0.86,2.24,22.00,-0.77,1.80,-0.45,-7.70,4.44,0.05,0.23,FALSE,FALSE,0.03,0.02,0.03,prot.7756,-0.06,seq.33532.50,-0.01,
SMPDL3A_44941,OID44941,SMPDL3A,Q92484,5,0.07,11.42,9.48,0.69,0.14,22.00,-0.65,0.78,-0.60,-3.45,2.55,0.00,1.00,TRUE,FALSE,0.74,0.73,0.74,prot.7292,0.15,seq.14086.11,0.90,
SMPDL3B_44263,OID44263,SMPDL3B,Q92485,4,0.00,79.75,19.06,-0.25,0.32,22.00,0.01,0.55,-0.07,-1.45,6.11,0.06,0.96,FALSE,FALSE,0.10,0.09,0.10,prot.7428,0.05,seq.31328.49,0.01,
SMS_43107,OID43107,SMS,P52788,3,0.00,76.48,43.90,-1.53,0.82,22.00,-1.35,1.03,-1.34,-9.10,4.37,0.02,0.99,FALSE,FALSE,0.14,0.14,0.14,prot.2855,0.25,seq.18179.56,0.00,
SMTNL2_40608,OID40608,SMTNL2,Q2TAL5,1,0.00,73.70,202.85,-6.51,1.89,22.00,-4.63,2.91,-5.43,-8.58,6.03,0.00,0.00,FALSE,FALSE,0.01,0.01,0.01,,,,,
SMTN_44264,OID44264,SMTN,P53814,4,0.00,1.32,26.48,2.65,0.44,22.00,2.95,0.91,2.99,-0.70,6.32,0.00,0.86,FALSE,FALSE,0.59,0.58,0.59,prot.2880,0.51,seq.12546.1,0.71,4
SMURF1_41823,OID41823,SMURF1,Q9HCE7,2,0.14,51.22,22.10,-0.71,0.34,22.00,-0.36,0.68,-0.49,-1.66,4.82,0.00,1.00,FALSE,FALSE,0.08,0.08,0.09,,,seq.11557.3,0.02,
SMURF2_40609,OID40609,SMURF2,Q9HAU4,1,0.00,83.79,94.40,-2.55,2.71,22.00,-0.96,2.21,-0.84,-8.42,7.56,0.04,0.73,FALSE,FALSE,0.02,0.02,0.02,,,seq.13985.12,0.00,
SMYD3_41824,OID41824,SMYD3,Q9H7B4,2,0.14,38.47,26.83,0.93,0.35,22.00,1.52,0.68,1.46,-0.44,4.31,0.00,0.96,FALSE,FALSE,0.39,0.39,0.40,prot.5504,0.45,,,
SNAP23_44942,OID44942,SNAP23,O00161,5,0.07,17.90,20.36,3.20,0.28,22.00,3.20,0.76,3.22,-0.94,6.73,0.00,1.00,FALSE,FALSE,0.61,0.61,0.62,prot.1012,0.66,seq.20241.9,-0.11,4
SNAP25_43108,OID43108,SNAP25,P60880,3,0.00,57.41,34.00,1.07,0.48,22.00,0.64,0.65,0.66,-1.69,2.76,0.00,0.96,FALSE,FALSE,0.14,0.14,0.15,,,seq.13105.7,0.01,
SNAP29_44943,OID44943,SNAP29,O95721,5,0.07,0.28,20.99,3.42,0.31,22.00,3.69,0.74,3.72,-0.43,7.90,0.00,1.00,FALSE,FALSE,0.64,0.63,0.64,prot.1568,0.63,seq.12357.41,0.37,4
SNAP91_41825,OID41825,SNAP91,O60641,2,0.14,73.59,202.08,0.46,3.56,22.00,1.27,3.45,1.17,-7.03,11.04,0.00,0.04,FALSE,FALSE,0.07,0.07,0.07,,,,,
SNAPIN_44265,OID44265,SNAPIN,O95295,4,0.00,22.27,17.21,0.59,0.25,22.00,0.67,0.36,0.64,-0.23,2.65,0.00,0.99,FALSE,FALSE,0.30,0.30,0.31,prot.1530,0.26,seq.6975.52,0.04,
SNCAIP_41826,OID41826,SNCAIP,Q9Y6H5,2,0.14,67.74,20.59,-0.75,0.32,22.00,-0.18,1.08,-0.36,-3.68,6.88,0.00,1.00,FALSE,FALSE,0.05,0.05,0.06,,,seq.25095.1,0.00,
SNCA_44944,OID44944,SNCA,P37840,5,0.07,44.43,42.47,4.40,0.56,22.00,4.23,1.39,4.21,-1.09,9.43,0.00,0.99,FALSE,FALSE,0.55,0.54,0.55,prot.2575,0.46,seq.8458.16,0.59,
SNCG_44266,OID44266,SNCG,O76070,4,0.00,1.32,16.66,-0.53,0.23,22.00,-0.09,0.97,-0.02,-3.43,3.26,0.00,0.76,TRUE,TRUE,0.27,0.26,0.28,,,seq.19630.2,0.06,
SNED1_44267,OID44267,SNED1,Q8TER0,4,0.00,47.04,15.87,0.24,0.23,22.00,0.13,0.40,0.12,-1.49,3.05,0.01,0.99,FALSE,FALSE,0.25,0.24,0.25,prot.4629,0.22,,,
SNRK_41827,OID41827,SNRK,Q9NRH2,2,0.14,78.95,37.83,1.06,0.54,22.00,0.97,0.90,1.00,-4.53,5.36,0.00,0.99,FALSE,FALSE,0.16,0.15,0.16,prot.5662,0.14,,,
SNRPB2_44268,OID44268,SNRPB2,P08579,4,0.00,54.07,32.31,-1.46,0.45,22.00,-1.12,0.54,-1.14,-3.02,2.09,0.00,0.98,FALSE,FALSE,0.25,0.25,0.26,prot.7778,0.06,seq.17364.8,0.34,
SNRPD2_41828,OID41828,SNRPD2,P62316,2,0.14,71.01,29.40,0.69,0.47,22.00,-0.08,0.91,-0.07,-4.59,4.39,0.00,0.98,FALSE,FALSE,0.18,0.18,0.18,prot.6573,0.32,seq.17823.40,0.27,
SNTN_40610,OID40610,SNTN,A6NMZ2,1,0.00,71.47,93.50,-2.80,2.55,22.00,-1.11,2.72,-0.66,-7.97,9.76,0.00,0.00,FALSE,FALSE,0.01,0.01,0.01,,,seq.21009.28,0.01,
SNU13_43109,OID43109,SNU13,P55769,3,0.00,69.45,29.14,-1.88,0.43,22.00,-1.73,0.58,-1.76,-3.63,2.86,0.01,0.99,FALSE,FALSE,0.13,0.13,0.13,,,seq.13602.6,0.18,
SNX18_44269,OID44269,SNX18,Q96RF0,4,0.00,55.46,29.49,2.40,0.42,22.00,1.49,1.23,1.40,-2.82,8.17,0.02,0.92,FALSE,FALSE,0.25,0.24,0.25,prot.5062,0.14,seq.30473.28,0.16,
SNX19_41829,OID41829,SNX19,Q92543,2,0.14,80.42,204.03,-0.22,3.60,22.00,0.09,3.02,0.32,-6.08,9.91,0.00,0.00,FALSE,FALSE,0.02,0.02,0.02,,,seq.34309.156,0.04,
SNX29_44271,OID44271,SNX29,Q8TEQ0,4,0.00,0.21,28.68,3.73,0.48,22.00,3.91,0.95,4.00,-2.19,7.35,0.01,0.99,FALSE,FALSE,0.48,0.48,0.49,prot.4626,0.50,,,4
SNX2_44270,OID44270,SNX2,O60749,4,0.00,6.89,26.80,1.90,0.42,22.00,1.40,0.77,1.35,-1.66,6.41,0.01,0.99,FALSE,FALSE,0.40,0.39,0.40,prot.1337,0.42,,,
SNX33_44272,OID44272,SNX33,Q8WV41,4,0.00,28.74,12.46,0.19,0.18,22.00,0.18,0.44,0.17,-1.19,2.76,0.01,0.99,FALSE,FALSE,0.17,0.17,0.18,,,seq.33120.15,-0.01,
SNX5_44273,OID44273,SNX5,Q9Y5X3,4,0.00,65.55,20.60,0.37,0.30,22.00,0.60,0.46,0.58,-0.90,3.80,0.01,0.99,FALSE,FALSE,0.31,0.30,0.32,prot.6262,0.44,seq.18327.6,0.42,
SNX9_44946,OID44946,SNX9,Q9Y5X1,5,0.07,0.00,12.00,1.65,0.16,22.00,2.04,0.48,2.01,0.48,5.77,0.00,0.94,FALSE,FALSE,0.63,0.62,0.63,,,seq.26017.24,0.66,4
SOD1_45412,OID45412,SOD1,P00441,7,0.07,4.25,22.77,1.29,0.26,22.00,1.70,0.54,1.62,0.36,5.67,0.00,1.00,FALSE,FALSE,0.57,0.56,0.57,prot.1620,0.26,seq.2794.60,0.56,
SOD2_45263,OID45263,SOD2,P04179,6,1.11,2.60,9.59,0.45,0.14,21.00,0.16,0.51,0.15,-2.66,3.72,0.00,0.88,FALSE,FALSE,0.40,0.39,0.41,prot.1758,0.23,seq.5008.51,0.01,
SOD3_45413,OID45413,SOD3,P08294,7,0.07,0.21,8.54,0.44,0.12,22.00,0.84,0.99,0.55,-2.08,4.44,0.00,0.00,TRUE,FALSE,0.69,0.68,0.69,prot.1896,0.59,seq.8463.2,0.77,
SOHLH2_41830,OID41830,SOHLH2,Q9NX45,2,0.14,85.51,81.49,-0.94,1.89,22.00,0.31,1.66,0.46,-6.87,8.02,0.00,0.91,FALSE,FALSE,0.01,0.01,0.01,,,seq.31686.16,-0.01,
SORBS1_43110,OID43110,SORBS1,Q9BX66,3,0.00,77.24,24.86,0.05,0.35,22.00,0.25,0.58,0.22,-1.49,6.43,0.01,0.99,FALSE,FALSE,0.10,0.10,0.10,prot.7908,0.11,,,
SORCS1_41831,OID41831,SORCS1,Q8WY21,2,0.14,11.64,12.99,0.83,0.19,22.00,1.04,0.50,0.98,-0.04,4.23,0.00,0.94,FALSE,FALSE,0.45,0.45,0.45,,,seq.15636.49,0.51,
SORCS2_43111,OID43111,SORCS2,Q96PQ0,3,0.00,72.72,40.44,1.09,0.61,22.00,1.64,0.73,1.70,-1.14,4.52,0.00,0.99,TRUE,FALSE,0.14,0.14,0.14,,,seq.4569.52,-0.05,
SORCS3_41832,OID41832,SORCS3,Q9UPU3,2,0.14,74.01,37.24,-0.85,0.62,22.00,-0.54,1.16,-0.60,-7.05,6.44,0.00,0.99,FALSE,FALSE,0.02,0.02,0.03,,,seq.15637.38,0.03,
SORD_44274,OID44274,SORD,Q00796,4,0.00,1.04,15.39,2.12,0.21,22.00,0.64,1.12,0.62,-7.16,4.43,0.00,0.98,FALSE,FALSE,0.60,0.60,0.61,prot.3184,0.74,seq.15447.45,0.76,
SORT1_44947,OID44947,SORT1,Q99523,5,0.07,0.00,11.75,0.39,0.17,22.00,0.30,0.37,0.28,-1.10,2.15,0.00,0.96,TRUE,FALSE,0.40,0.39,0.41,prot.5113,0.25,seq.11300.32,-0.02,
SOSTDC1_43112,OID43112,SOSTDC1,Q6X4U4,3,0.00,19.28,23.55,-0.31,0.34,22.00,-0.11,0.74,-0.07,-4.05,3.67,0.01,0.95,FALSE,FALSE,0.10,0.09,0.11,,,seq.8237.56,-0.03,
SOST_44948,OID44948,SOST,Q9BQB4,5,0.07,0.00,10.59,1.28,0.14,22.00,0.70,0.52,0.71,-1.28,4.61,0.00,1.00,FALSE,FALSE,0.67,0.67,0.68,prot.5180,0.75,seq.13101.60,0.73,
SOWAHA_43113,OID43113,SOWAHA,Q2M3V2,3,0.00,66.18,82.13,-1.51,2.04,22.00,-0.48,2.23,-0.20,-7.52,8.25,0.06,0.02,FALSE,FALSE,0.02,0.02,0.02,,,,,
SOWAHB_41833,OID41833,SOWAHB,A6NEL2,2,0.14,96.59,38.15,-0.03,0.61,22.00,-0.12,1.03,-0.16,-8.16,8.28,0.00,0.97,FALSE,FALSE,0.03,0.02,0.03,,,,,
SOWAHC_44275,OID44275,SOWAHC,Q53LP3,4,0.00,9.39,9.92,0.48,0.14,22.00,0.43,0.48,0.40,-0.76,3.58,0.01,0.92,FALSE,FALSE,0.00,0.00,0.02,prot.7691,-0.46,,,
SOX13_41834,OID41834,SOX13,Q9UN79,2,0.14,62.09,89.75,-1.67,2.09,22.00,-0.28,2.28,-0.12,-7.59,8.98,0.00,0.05,FALSE,FALSE,0.01,0.01,0.01,,,seq.30324.160,-0.02,
SOX14_43114,OID43114,SOX14,O95416,3,0.00,79.26,28.12,-1.41,0.46,22.00,-1.12,0.69,-1.19,-3.18,5.68,0.02,0.97,FALSE,FALSE,0.02,0.02,0.02,,,seq.28469.16,0.01,
SOX2_43115,OID43115,SOX2,P48431,3,0.00,97.36,87.84,0.07,1.12,22.00,-0.12,1.38,0.10,-7.37,2.87,0.03,0.99,FALSE,FALSE,0.02,0.02,0.03,,,seq.18294.26,0.03,
SOX30_41835,OID41835,SOX30,O94993,2,0.14,87.80,31.32,-0.06,0.48,22.00,0.09,0.62,0.07,-2.88,3.19,0.00,0.99,FALSE,FALSE,0.03,0.03,0.03,,,,,
SOX4_41836,OID41836,SOX4,Q06945,2,0.14,56.24,28.01,-1.30,0.37,22.00,-0.75,1.10,-1.01,-3.20,6.15,0.00,0.91,FALSE,FALSE,0.04,0.04,0.05,,,seq.28594.228,0.04,
SOX6_40611,OID40611,SOX6,P35712,1,0.00,68.82,51.87,0.32,0.60,22.00,0.67,0.95,0.61,-3.27,7.07,0.02,0.98,FALSE,FALSE,0.07,0.07,0.08,prot.7651,-0.09,seq.24929.26,0.06,
SOX7_40612,OID40612,SOX7,Q9BT81,1,0.00,88.24,92.74,-0.35,2.24,22.00,-0.24,1.95,-0.09,-7.84,6.68,0.04,0.69,FALSE,FALSE,0.01,0.00,0.01,,,seq.33413.121,-0.01,
SOX8_41837,OID41837,SOX8,P57073,2,0.14,83.69,25.65,-1.18,0.38,22.00,-1.03,0.72,-1.13,-3.09,5.85,0.00,1.00,FALSE,FALSE,0.04,0.04,0.04,,,seq.28575.12,0.06,
SOX9_43116,OID43116,SOX9,P48436,3,0.00,56.02,48.61,0.75,0.87,22.00,0.69,0.77,0.73,-3.12,4.59,0.00,0.99,FALSE,FALSE,0.06,0.06,0.07,,,seq.25468.5,0.00,
SP140_41838,OID41838,SP140,Q13342,2,0.14,93.17,46.84,0.06,0.62,22.00,-0.23,0.77,-0.21,-3.61,2.58,0.00,1.00,FALSE,FALSE,0.02,0.02,0.03,,,seq.35282.1,-0.02,
SP3_41839,OID41839,SP3,Q02447,2,0.14,83.48,86.32,-2.01,2.31,22.00,-1.01,2.29,-0.57,-7.15,6.37,0.00,0.00,FALSE,FALSE,0.01,0.01,0.01,,,,,
SP7_41840,OID41840,SP7,Q8TDD2,2,0.14,80.98,54.44,-0.25,0.81,22.00,0.09,1.08,0.04,-7.68,8.31,0.00,0.85,FALSE,FALSE,0.02,0.02,0.02,,,,,
SPA17_43117,OID43117,SPA17,Q15506,3,0.00,27.42,24.46,-0.80,0.34,22.00,-0.59,0.66,-0.63,-2.42,3.23,0.01,1.00,TRUE,FALSE,0.12,0.12,0.12,,,seq.18242.8,0.01,
SPACA5_43118,OID43118,SPACA5,Q96QH8,3,0.00,37.30,20.18,1.43,0.39,22.00,0.37,0.59,0.34,-1.71,4.67,0.01,0.97,TRUE,FALSE,0.14,0.14,0.15,,,seq.6494.60,0.00,
SPACA7_40613,OID40613,SPACA7,Q96KW9,1,0.00,88.73,72.82,-0.50,1.54,22.00,0.09,1.54,0.22,-7.01,6.30,0.03,0.99,FALSE,FALSE,0.02,0.02,0.02,,,,,
SPAG16_41841,OID41841,SPAG16,Q8N0X2,2,0.14,97.42,50.91,-0.13,0.88,22.00,0.27,0.98,0.30,-6.45,5.27,0.00,1.00,FALSE,FALSE,0.01,0.00,0.01,,,seq.25844.7,-0.04,
SPAG1_43119,OID43119,SPAG1,Q07617,3,0.00,33.26,20.71,0.14,0.29,22.00,0.31,0.73,0.23,-1.75,5.76,0.02,1.00,TRUE,FALSE,0.21,0.20,0.21,,,,,
SPAG5_41842,OID41842,SPAG5,Q96R06,2,0.14,82.44,128.26,-1.32,1.90,22.00,-0.62,2.47,-0.11,-6.75,10.63,0.00,0.00,FALSE,FALSE,0.01,0.01,0.01,,,,,
SPAG7_41843,OID41843,SPAG7,O75391,2,0.14,88.22,35.41,-0.24,0.55,22.00,-0.08,0.64,-0.13,-2.20,5.59,0.00,0.98,FALSE,FALSE,0.04,0.04,0.04,,,seq.21289.36,0.03,
SPAG8_41844,OID41844,SPAG8,Q99932,2,0.14,90.31,26.75,-0.01,0.39,22.00,0.08,0.57,0.02,-1.35,3.99,0.00,1.00,FALSE,FALSE,0.04,0.04,0.04,,,,,
SPAG9_44949,OID44949,SPAG9,O60271,5,0.07,19.08,19.88,1.00,0.27,22.00,1.17,0.51,1.14,-0.49,5.12,0.00,0.99,FALSE,FALSE,0.49,0.49,0.50,prot.1300,0.52,,,
SPANXB1_41845,OID41845,SPANXB1,Q9NS25,2,0.14,73.24,47.70,-0.55,0.68,22.00,0.14,1.20,0.01,-2.94,8.25,0.00,1.00,FALSE,FALSE,0.04,0.04,0.04,,,,,
SPANXN2_40614,OID40614,SPANXN2,Q5MJ10,1,0.00,93.46,54.96,-0.26,0.85,22.00,-0.14,0.86,-0.09,-7.51,2.75,0.01,0.99,FALSE,FALSE,0.03,0.03,0.03,,,seq.35041.3,0.04,
SPARCL1_45414,OID45414,SPARCL1,Q14515,7,0.07,0.00,8.65,-0.05,0.12,22.00,0.41,0.37,0.44,-1.03,2.30,0.00,1.00,TRUE,TRUE,0.61,0.60,0.61,prot.3522,0.46,seq.4467.49,0.63,
SPARC_44950,OID44950,SPARC,P09486,5,0.07,10.58,14.25,1.30,0.21,22.00,1.14,0.59,1.14,-0.59,3.63,0.00,0.95,FALSE,FALSE,0.68,0.67,0.69,prot.1935,0.55,seq.3043.49,0.80,
SPART_44951,OID44951,SPART,Q8N0X7,5,0.07,42.76,40.86,1.85,0.44,22.00,1.98,0.65,1.99,-1.10,5.38,0.00,0.43,FALSE,FALSE,0.52,0.52,0.53,prot.4381,0.45,seq.11161.5,0.64,
SPAST_43120,OID43120,SPAST,Q9UBP0,3,0.00,23.59,16.24,0.95,0.26,22.00,1.55,0.86,1.44,-0.72,7.95,0.01,0.99,FALSE,FALSE,0.43,0.42,0.43,prot.245,0.53,seq.10870.32,0.48,
SPATA18_43121,OID43121,SPATA18,Q8TC71,3,0.00,43.56,25.29,0.80,0.34,22.00,0.33,0.93,0.20,-1.68,6.34,0.02,1.00,FALSE,FALSE,0.06,0.05,0.06,,,seq.32620.66,-0.06,
SPATA19_40615,OID40615,SPATA19,Q7Z5L4,1,0.00,92.28,250.86,2.48,1.83,22.00,0.49,2.83,0.58,-6.56,10.27,0.02,0.00,FALSE,FALSE,0.03,0.03,0.04,,,,,
SPATA1_41846,OID41846,SPATA1,Q5VX52,2,0.14,81.88,56.91,-2.41,1.48,22.00,-2.01,1.55,-1.94,-9.07,5.22,0.00,0.99,FALSE,FALSE,0.01,0.01,0.02,,,,,
SPATA21_41847,OID41847,SPATA21,Q7Z572,2,0.14,82.23,80.22,-7.15,1.44,22.00,-5.89,2.09,-5.75,-12.42,1.59,0.00,0.20,FALSE,FALSE,0.03,0.03,0.04,,,,,
SPATA24_40616,OID40616,SPATA24,Q86W54,1,0.00,93.04,38.42,0.19,0.60,22.00,0.04,0.79,0.04,-6.42,4.63,0.01,0.99,FALSE,FALSE,0.04,0.04,0.04,,,seq.24422.36,0.07,
SPATA2L_43122,OID43122,SPATA2L,Q8IUW3,3,0.00,27.70,25.90,0.09,0.32,22.00,-0.72,1.24,-0.74,-6.10,3.08,0.00,0.92,FALSE,FALSE,0.14,0.14,0.15,prot.6694,-0.01,,,
SPATA33_40617,OID40617,SPATA33,Q96N06,1,0.00,75.43,42.02,0.54,0.61,22.00,0.06,1.69,-0.10,-8.44,10.92,0.03,0.99,FALSE,FALSE,0.05,0.04,0.05,,,seq.23270.14,0.03,
SPATA3_41848,OID41848,SPATA3,Q8NHX4,2,0.14,86.13,62.37,-2.06,1.62,22.00,-1.22,1.66,-1.08,-8.39,4.59,0.00,0.99,FALSE,FALSE,0.01,0.01,0.01,,,seq.34949.35,0.00,
SPATA6L_41850,OID41850,SPATA6L,Q8N4H0,2,0.14,67.11,37.94,-4.23,0.52,22.00,-3.30,1.38,-3.55,-8.60,5.58,0.00,0.99,FALSE,FALSE,0.04,0.04,0.05,,,,,
SPATA7_41851,OID41851,SPATA7,Q9P0W8,2,0.14,79.72,37.61,1.82,0.50,22.00,0.42,1.23,0.30,-4.54,6.10,0.00,1.00,FALSE,FALSE,0.04,0.04,0.05,,,,,
SPATC1_41852,OID41852,SPATC1,Q76KD6,2,0.14,76.93,57.65,-1.04,0.79,22.00,-0.89,1.42,-0.90,-8.32,6.00,0.00,1.00,FALSE,FALSE,0.02,0.02,0.02,,,,,
SPATS1_41853,OID41853,SPATS1,Q496A3,2,0.14,63.34,194.10,-0.31,2.84,22.00,0.92,3.47,0.51,-5.80,11.38,0.00,0.00,FALSE,FALSE,0.02,0.02,0.02,,,,,
SPATS2_40618,OID40618,SPATS2,Q86XZ4,1,0.00,57.76,30.96,0.19,0.42,22.00,0.17,0.83,0.05,-3.65,6.67,0.03,0.99,FALSE,FALSE,0.05,0.04,0.05,,,,,
SPDL1_41854,OID41854,SPDL1,Q96EA4,2,0.14,80.28,51.21,-0.03,0.85,22.00,0.59,0.96,0.51,-5.48,7.03,0.00,1.00,FALSE,FALSE,0.04,0.04,0.05,,,seq.23671.11,0.02,
SPECC1_40619,OID40619,SPECC1,Q5M775,1,0.00,39.94,113.34,3.97,2.69,22.00,4.18,2.71,5.14,-0.63,12.56,0.00,0.00,FALSE,FALSE,0.22,0.21,0.22,prot.385,0.23,seq.21360.27,-0.03,
SPEF1_41855,OID41855,SPEF1,Q9Y4P9,2,0.14,74.84,228.11,0.25,2.14,22.00,0.37,3.10,0.24,-5.22,10.35,0.00,0.00,FALSE,FALSE,0.01,0.01,0.01,,,seq.12876.39,-0.01,
SPEN_41856,OID41856,SPEN,Q96T58,2,0.14,91.50,68.45,2.02,0.89,22.00,-0.65,1.79,-0.55,-7.69,9.30,0.00,0.93,FALSE,FALSE,0.02,0.02,0.02,prot.5094,-0.02,,,
SPESP1_44952,OID44952,SPESP1,Q6UW49,5,0.07,18.31,14.02,0.01,0.21,22.00,0.20,0.70,0.15,-1.97,3.34,0.00,0.99,FALSE,FALSE,0.40,0.39,0.41,,,,,
SPG21_40620,OID40620,SPG21,Q9NZD8,1,0.00,81.14,280.06,-3.86,2.63,22.00,-2.92,2.94,-2.09,-7.60,9.76,0.00,0.00,FALSE,FALSE,0.02,0.02,0.03,prot.5815,0.03,seq.11122.97,-0.01,
SPINK1_45264,OID45264,SPINK1,P00995,6,1.11,2.25,8.45,-0.14,0.12,21.00,-0.10,0.62,-0.19,-2.03,3.57,0.00,1.00,TRUE,FALSE,0.51,0.50,0.52,prot.7720,,seq.8243.55,0.30,
SPINK2_44953,OID44953,SPINK2,P20155,5,0.07,4.53,11.73,0.13,0.17,22.00,0.30,0.44,0.29,-1.17,2.04,0.00,0.81,TRUE,FALSE,0.44,0.44,0.45,,,seq.13405.61,0.25,
SPINK4_44276,OID44276,SPINK4,O60575,4,0.00,0.28,14.86,-1.11,0.20,22.00,-0.38,0.89,-0.48,-2.26,3.16,0.00,0.77,TRUE,FALSE,0.46,0.45,0.47,,,seq.19213.1,0.45,
SPINK5_45265,OID45265,SPINK5,Q9NQ38,6,1.11,1.97,9.18,-0.20,0.14,21.00,0.13,0.43,0.13,-1.65,2.68,0.00,0.99,TRUE,TRUE,0.60,0.60,0.61,prot.5621,0.59,seq.8028.22,0.64,
SPINK6_44277,OID44277,SPINK6,Q6UWN8,4,0.00,0.00,10.21,0.51,0.15,22.00,0.22,0.69,0.25,-2.24,2.71,0.00,0.11,TRUE,FALSE,0.57,0.57,0.58,,,seq.5731.1,0.66,
SPINK7_44954,OID44954,SPINK7,P58062,5,0.07,0.42,8.70,0.01,0.13,22.00,-0.21,0.84,-0.12,-6.44,3.86,0.00,0.99,TRUE,FALSE,0.71,0.70,0.72,,,seq.10974.20,0.84,
SPINK8_43123,OID43123,SPINK8,P0C7L1,3,0.00,74.74,84.79,-1.42,2.07,22.00,-0.62,2.09,-0.27,-7.29,5.26,0.07,0.01,TRUE,TRUE,0.05,0.05,0.05,,,seq.7962.11,-0.04,
SPINT1_45266,OID45266,SPINT1,O43278,6,1.11,31.10,12.01,-0.24,0.17,21.00,0.01,0.39,-0.02,-2.10,4.01,0.00,0.99,FALSE,FALSE,0.49,0.48,0.50,prot.7707,-0.01,seq.2828.82,0.45,
SPINT2_44955,OID44955,SPINT2,O43291,5,0.07,0.00,8.73,0.97,0.12,22.00,1.16,0.34,1.13,-0.15,3.35,0.00,0.99,TRUE,FALSE,0.47,0.47,0.48,prot.1221,0.20,seq.2843.13,0.42,
SPINT3_44278,OID44278,SPINT3,P49223,4,0.00,23.73,13.90,1.70,0.20,22.00,-2.44,3.61,-4.13,-11.24,3.53,0.00,0.00,TRUE,TRUE,0.51,0.51,0.53,,,seq.7926.13,0.69,9
SPIRE2_43124,OID43124,SPIRE2,Q8WWL2,3,0.00,55.46,34.05,-0.48,0.44,22.00,0.03,1.11,-0.14,-2.84,6.29,0.02,1.00,FALSE,FALSE,0.06,0.05,0.06,,,seq.31035.50,0.04,
SPN_41857,OID41857,SPN,P16150,2,0.14,13.24,25.50,0.03,0.36,22.00,0.74,0.80,0.63,-0.92,6.87,0.00,1.00,FALSE,FALSE,0.19,0.19,0.20,prot.2136,0.10,seq.12873.11,-0.01,
SPOCK1_44279,OID44279,SPOCK1,Q08629,4,0.00,0.00,10.55,1.47,0.17,22.00,0.74,0.35,0.73,-0.31,2.03,0.00,1.00,FALSE,FALSE,0.51,0.50,0.52,prot.76,0.55,seq.11487.4,0.20,
SPON1_44956,OID44956,SPON1,Q9HCB6,5,0.07,3.83,10.89,0.32,0.16,22.00,0.52,0.37,0.52,-0.69,2.39,0.00,1.00,TRUE,FALSE,0.60,0.60,0.61,prot.5571,0.59,seq.4297.62,0.65,
SPON2_44957,OID44957,SPON2,Q9BUD6,5,0.07,0.00,11.01,-0.26,0.15,22.00,0.12,0.41,0.11,-1.38,1.82,0.00,0.99,FALSE,FALSE,0.63,0.62,0.64,prot.5237,0.37,seq.8099.42,0.68,
SPOUT1_41858,OID41858,SPOUT1,Q5T280,2,0.14,83.14,72.74,-3.99,1.33,22.00,-4.49,2.18,-3.90,-10.14,3.69,0.00,0.00,FALSE,FALSE,0.02,0.02,0.02,,,seq.34788.9,0.02,
SPP1_45267,OID45267,SPP1,P10451,6,1.11,7.60,6.67,0.12,0.10,21.00,0.58,0.51,0.55,-1.90,3.26,0.00,0.77,FALSE,FALSE,0.68,0.68,0.68,prot.1981,0.83,seq.13113.7,0.63,
SPRED2_43125,OID43125,SPRED2,Q7Z698,3,0.00,61.17,49.67,1.32,0.66,22.00,1.58,0.91,1.59,-1.92,4.77,0.00,0.96,FALSE,FALSE,0.21,0.21,0.22,prot.4197,0.06,seq.35349.42,0.04,
SPRING1_43126,OID43126,SPRING1,Q9H741,3,0.00,66.25,57.28,0.20,0.76,22.00,0.55,0.75,0.55,-2.70,6.12,0.01,0.99,FALSE,FALSE,0.11,0.10,0.11,,,seq.29509.11,0.08,
SPRR1B_43127,OID43127,SPRR1B,P22528,3,0.00,70.29,40.83,0.10,0.69,22.00,-0.33,1.33,-0.42,-7.73,9.73,0.02,0.94,FALSE,FALSE,0.06,0.05,0.06,prot.2282,0.02,,,
SPRR3_44280,OID44280,SPRR3,Q9UBC9,4,0.00,0.00,10.85,-0.31,0.15,22.00,0.55,0.71,0.48,-1.44,4.40,0.00,0.97,FALSE,FALSE,0.21,0.20,0.23,prot.5883,0.04,seq.35206.43,0.02,
SPRTN_41859,OID41859,SPRTN,Q9H040,2,0.14,80.28,22.15,3.49,0.31,22.00,-0.49,1.77,-0.36,-7.49,6.03,0.00,0.86,FALSE,FALSE,0.13,0.12,0.14,,,,,
SPRY2_43128,OID43128,SPRY2,O43597,3,0.00,38.41,30.46,-0.09,0.46,22.00,0.31,0.70,0.27,-1.95,5.46,0.01,0.97,FALSE,FALSE,0.20,0.20,0.22,prot.1253,0.31,seq.31329.74,0.06,
SPTBN2_43129,OID43129,SPTBN2,O15020,3,0.00,36.81,27.87,0.12,0.38,22.00,0.20,0.65,0.18,-2.19,4.88,0.01,0.99,FALSE,FALSE,0.17,0.17,0.17,prot.6941,0.15,,,
SPTBN4_41860,OID41860,SPTBN4,Q9H254,2,0.14,78.40,89.04,-1.00,2.18,22.00,-0.53,2.32,-0.11,-6.60,5.83,0.00,0.00,FALSE,FALSE,0.02,0.02,0.02,,,seq.35449.100,0.03,
SPTBN5_41861,OID41861,SPTBN5,Q9NRC6,2,0.14,94.29,74.42,-0.61,1.64,22.00,-0.57,2.17,-0.11,-6.69,7.52,0.00,0.00,FALSE,FALSE,0.02,0.02,0.02,prot.5658,,,,
SPTLC1_44281,OID44281,SPTLC1,O15269,4,0.00,4.24,22.81,0.29,0.32,22.00,0.80,0.52,0.75,-0.71,5.36,0.01,0.97,TRUE,TRUE,0.39,0.39,0.40,prot.1179,0.42,seq.7886.26,0.23,
SPZ1_40621,OID40621,SPZ1,Q9BXG8,1,0.00,85.53,37.00,0.00,0.53,22.00,0.14,0.57,0.15,-2.07,5.29,0.00,0.87,FALSE,FALSE,0.04,0.04,0.04,,,,,
SRBD1_41862,OID41862,SRBD1,Q8N5C6,2,0.14,91.71,74.68,-2.13,2.34,22.00,-0.73,1.53,-0.73,-8.13,8.59,0.00,0.99,FALSE,FALSE,0.02,0.01,0.02,,,,,
SRCIN1_43130,OID43130,SRCIN1,Q9C0H9,3,0.00,60.61,36.03,-1.85,0.47,22.00,-1.08,1.11,-1.28,-3.68,8.39,0.03,1.00,FALSE,FALSE,0.04,0.04,0.04,,,,,
SRC_44958,OID44958,SRC,P12931,5,0.07,0.00,17.04,3.08,0.24,22.00,3.25,0.76,3.30,-1.00,6.36,0.00,0.99,FALSE,FALSE,0.66,0.65,0.66,prot.2057,0.67,seq.5488.74,0.68,4
SRFBP1_41863,OID41863,SRFBP1,Q8NEF9,2,0.14,84.88,65.63,-0.96,1.74,22.00,-0.46,1.81,-0.24,-7.36,5.06,0.00,0.56,FALSE,FALSE,0.00,0.00,0.00,,,seq.22431.164,-0.04,
SRGAP2B_40622,OID40622,SRGAP2B,P0DMP2,1,0.00,68.06,110.83,-2.81,2.74,22.00,-0.79,2.58,-0.10,-7.23,6.57,0.03,0.00,FALSE,FALSE,0.01,0.01,0.01,,,seq.34954.25,0.00,
SRGAP2_43131,OID43131,SRGAP2,O75044,3,0.00,79.61,54.51,-0.22,0.86,22.00,0.06,0.94,0.11,-6.76,5.32,0.01,0.99,FALSE,FALSE,0.06,0.06,0.06,prot.1356,0.09,seq.25091.83,0.08,
SRGAP3_41864,OID41864,SRGAP3,O43295,2,0.14,82.58,87.63,-1.58,2.20,22.00,0.42,1.50,0.56,-6.75,5.46,0.00,0.92,FALSE,FALSE,0.04,0.04,0.04,,,,,
SRP14_44282,OID44282,SRP14,P37108,4,0.00,46.28,25.63,-0.73,0.37,22.00,-0.52,0.51,-0.53,-2.42,2.79,0.00,0.99,FALSE,FALSE,0.24,0.23,0.25,prot.2568,0.34,seq.17510.7,0.08,
SRPK2_44283,OID44283,SRPK2,P78362,4,0.00,27.70,15.06,0.58,0.22,22.00,0.69,0.50,0.66,-0.66,4.02,0.01,0.90,FALSE,FALSE,0.31,0.31,0.31,prot.6576,0.29,seq.21435.143,0.10,
SRPRA_41865,OID41865,SRPRA,P08240,2,0.14,69.76,54.92,0.70,0.88,22.00,1.46,1.36,1.37,-6.58,9.19,0.00,0.86,FALSE,FALSE,0.21,0.21,0.23,prot.1892,0.27,seq.28586.100,0.28,
SRPRB_41866,OID41866,SRPRB,Q9Y5M8,2,0.14,88.36,37.47,-0.18,0.53,22.00,-0.03,0.62,-0.08,-2.24,4.78,0.00,0.99,FALSE,FALSE,0.01,0.01,0.02,prot.6249,-0.03,,,
SRPX_44959,OID44959,SRPX,P78539,5,0.07,0.14,9.28,-0.26,0.13,22.00,0.05,0.47,0.03,-2.19,3.02,0.00,1.00,FALSE,FALSE,0.65,0.64,0.66,prot.3130,0.79,,,
SRRT_41867,OID41867,SRRT,Q9BXP5,2,0.14,80.84,85.42,-1.19,2.28,22.00,-0.78,2.05,-0.40,-7.43,6.87,0.00,0.01,FALSE,FALSE,0.03,0.03,0.03,prot.5306,0.03,seq.24970.117,0.05,
SRY_41868,OID41868,SRY,Q05066,2,0.14,76.45,79.07,-6.66,2.13,22.00,-4.03,1.91,-4.05,-11.55,5.66,0.00,0.53,FALSE,FALSE,NA,NA,NA,,,seq.25957.5,0.01,
SSBP1_43133,OID43133,SSBP1,Q04837,3,0.00,76.41,27.82,1.52,0.43,22.00,0.12,0.70,0.09,-3.33,5.21,0.01,1.00,FALSE,FALSE,0.08,0.08,0.09,prot.3245,0.05,seq.18253.8,0.03,
SSB_43132,OID43132,SSB,P05455,3,0.00,83.23,39.40,-1.08,0.80,22.00,-0.51,0.98,-0.60,-4.48,5.32,0.02,0.99,FALSE,FALSE,0.09,0.08,0.09,prot.1811,0.16,seq.13526.5,0.08,
SSC4D_44960,OID44960,SSC4D,Q8WTU2,5,0.07,0.00,8.17,-0.30,0.12,22.00,0.80,1.49,0.81,-4.67,5.15,0.00,0.97,TRUE,FALSE,0.75,0.74,0.75,prot.4642,0.96,,,
SSC5D_45415,OID45415,SSC5D,A1L4H1,7,0.07,0.00,13.16,0.88,0.20,22.00,0.51,0.54,0.54,-1.66,2.34,0.00,1.00,TRUE,FALSE,0.54,0.53,0.54,prot.509,0.50,,,
SSH2_41869,OID41869,SSH2,Q76I76,2,0.14,66.27,28.44,0.08,0.40,22.00,0.35,0.71,0.30,-3.62,5.03,0.00,0.98,FALSE,FALSE,0.09,0.09,0.10,,,seq.35332.3,0.11,
SSH3_43134,OID43134,SSH3,Q8TE77,3,0.00,57.69,19.24,0.36,0.26,22.00,0.30,0.45,0.26,-1.00,6.44,0.01,0.99,FALSE,FALSE,0.12,0.11,0.12,prot.4619,0.09,seq.29959.109,-0.03,
SSNA1_44284,OID44284,SSNA1,O43805,4,0.00,51.15,39.62,0.38,0.58,22.00,0.86,0.69,0.84,-1.36,4.62,0.00,0.99,FALSE,FALSE,0.32,0.31,0.32,prot.6999,0.16,seq.23242.2,0.37,
SSR1_41870,OID41870,SSR1,P43307,2,0.14,55.68,47.87,-0.03,0.62,22.00,0.67,1.09,0.56,-3.02,6.47,0.00,1.00,FALSE,FALSE,0.09,0.09,0.10,,,seq.8106.15,0.10,
SSTR3_41871,OID41871,SSTR3,P32745,2,0.14,75.33,42.87,0.64,0.61,22.00,0.41,0.99,0.35,-3.78,5.54,0.00,0.99,FALSE,FALSE,0.06,0.06,0.07,,,,,
SSUH2_41872,OID41872,SSUH2,Q9Y2M2,2,0.14,73.73,49.66,-0.77,0.81,22.00,-0.67,1.01,-0.77,-3.50,6.48,0.00,0.99,FALSE,FALSE,0.02,0.02,0.02,,,,,
SSX5_41873,OID41873,SSX5,O60225,2,0.14,85.09,43.54,-3.98,0.96,22.00,-3.47,1.06,-3.59,-7.51,4.52,0.00,1.00,FALSE,FALSE,0.02,0.02,0.03,,,,,
ST13P5_41874,OID41874,ST13P5,Q8NFI4,2,0.14,83.07,39.96,-0.75,0.54,22.00,-0.23,1.10,-0.27,-8.27,4.32,0.00,0.99,FALSE,FALSE,0.03,0.03,0.03,,,seq.34819.148,0.04,
ST13_44961,OID44961,ST13,P50502,5,0.07,0.00,27.62,2.26,0.31,22.00,2.53,0.60,2.47,0.67,5.41,0.00,0.99,FALSE,FALSE,0.60,0.60,0.60,prot.2786,0.49,seq.18387.7,0.60,1
ST3GAL1_44285,OID44285,ST3GAL1,Q11201,4,0.00,11.00,12.37,0.67,0.18,22.00,0.36,0.46,0.32,-1.27,4.36,0.01,0.99,FALSE,FALSE,0.29,0.29,0.30,prot.3325,0.19,seq.5657.28,0.28,
ST6GAL1_45268,OID45268,ST6GAL1,P15907,6,1.11,16.40,15.66,-0.12,0.22,21.00,-0.05,0.38,-0.05,-2.63,1.10,0.00,0.71,FALSE,FALSE,0.50,0.49,0.50,prot.2128,0.53,seq.6035.2,-0.16,
ST6GAL2_40624,OID40624,ST6GAL2,Q96JF0,1,0.00,71.33,53.34,-0.68,0.79,22.00,0.30,1.14,0.20,-3.84,7.84,0.02,1.00,FALSE,FALSE,0.05,0.04,0.05,prot.4982,0.02,seq.21737.20,0.06,
ST8SIA1_43135,OID43135,ST8SIA1,Q92185,3,0.00,65.55,41.87,0.34,0.58,22.00,0.42,0.82,0.39,-2.14,8.21,0.02,0.98,FALSE,FALSE,0.09,0.08,0.09,,,seq.21663.149,0.07,
ST8SIA6_40625,OID40625,ST8SIA6,P61647,1,0.00,68.13,49.33,-3.17,0.64,22.00,-2.71,0.87,-2.72,-7.19,2.94,0.01,0.99,FALSE,FALSE,0.05,0.04,0.05,,,seq.6930.95,0.02,
STAB2_45269,OID45269,STAB2,Q8WWQ8,6,1.11,1.97,10.32,0.10,0.14,21.00,0.31,0.35,0.33,-1.90,1.82,0.00,0.99,TRUE,FALSE,0.43,0.42,0.43,prot.4681,0.22,seq.3399.31,0.14,
STAC2_40627,OID40627,STAC2,Q6ZMT1,1,0.00,85.32,190.36,0.08,3.80,22.00,0.98,3.59,0.39,-6.22,12.44,0.00,0.00,FALSE,FALSE,0.02,0.01,0.02,,,seq.33213.21,0.01,
STAC3_40628,OID40628,STAC3,Q96MF2,1,0.00,82.81,170.08,1.20,2.74,22.00,1.65,3.13,0.53,-5.43,9.10,0.00,0.00,FALSE,FALSE,0.03,0.03,0.03,,,seq.35091.163,0.01,
STAC_40626,OID40626,STAC,Q99469,1,0.00,79.96,109.92,-0.55,1.57,22.00,0.51,1.85,0.52,-7.66,10.72,0.03,0.99,FALSE,FALSE,0.00,0.00,0.01,,,seq.25125.7,-0.06,
STAG1_41875,OID41875,STAG1,Q8WVM7,2,0.14,85.51,60.53,-0.25,0.92,22.00,0.07,1.13,0.08,-7.66,5.24,0.00,0.86,FALSE,FALSE,0.02,0.02,0.02,prot.4664,0.02,,,
STAG3_41876,OID41876,STAG3,Q9UJ98,2,0.14,80.35,61.67,0.46,0.74,22.00,0.63,1.13,0.60,-3.41,7.52,0.00,0.86,FALSE,FALSE,0.07,0.07,0.08,,,,,
STAM2_41877,OID41877,STAM2,O75886,2,0.14,88.50,47.46,-0.05,0.85,22.00,0.15,1.12,0.22,-6.96,5.71,0.00,0.95,FALSE,FALSE,0.05,0.05,0.05,prot.1455,0.08,seq.33126.21,0.04,
STAMBP_44287,OID44287,STAMBP,O95630,4,0.00,28.04,18.94,1.79,0.25,22.00,1.98,0.55,1.94,-0.18,4.99,0.01,0.95,FALSE,FALSE,0.55,0.54,0.55,prot.437,0.52,seq.19187.21,0.62,
STAM_44286,OID44286,STAM,Q92783,4,0.00,61.38,38.87,0.39,0.55,22.00,0.62,0.65,0.59,-1.77,4.81,0.00,0.89,FALSE,FALSE,0.27,0.27,0.28,prot.4749,0.27,seq.31645.8,0.38,
STAP2_40629,OID40629,STAP2,Q9UGK3,1,0.00,85.25,119.13,-1.13,2.77,22.00,-0.69,2.72,0.01,-6.71,9.42,0.00,0.00,FALSE,FALSE,0.00,0.00,0.00,prot.7894,-0.20,seq.29717.12,-0.02,
STARD10_41879,OID41879,STARD10,Q9Y365,2,0.14,78.19,26.22,-0.21,0.39,22.00,0.33,0.77,0.28,-2.59,4.04,0.00,1.00,FALSE,FALSE,0.20,0.19,0.20,prot.6168,0.24,seq.23569.53,0.39,
STARD13_41880,OID41880,STARD13,Q9Y3M8,2,0.14,65.37,88.65,-1.44,1.87,22.00,-0.09,2.07,-0.07,-7.52,7.92,0.00,0.98,FALSE,FALSE,0.03,0.03,0.04,prot.7199,-0.02,seq.31509.26,0.04,
STARD3_41881,OID41881,STARD3,Q14849,2,0.14,83.34,57.25,-0.43,1.17,22.00,0.07,1.31,0.08,-7.25,5.15,0.00,1.00,FALSE,FALSE,0.03,0.03,0.03,,,,,
STARD8_41882,OID41882,STARD8,Q92502,2,0.14,81.81,35.39,0.01,0.49,22.00,0.07,0.54,0.02,-2.11,4.01,0.00,0.98,FALSE,FALSE,0.04,0.04,0.04,,,,,
STARD9_40630,OID40630,STARD9,Q9P2P6,1,0.00,84.55,56.96,-1.04,0.89,22.00,-0.67,1.43,-0.55,-8.34,5.97,0.02,0.99,FALSE,FALSE,0.04,0.03,0.04,prot.6880,0.01,,,
STAR_41878,OID41878,STAR,P49675,2,0.14,72.89,57.67,-0.82,1.34,22.00,-0.03,1.76,0.03,-7.12,8.42,0.00,0.92,FALSE,FALSE,0.00,0.00,0.00,,,seq.10085.25,-0.05,
STAT1_40631,OID40631,STAT1,P42224,1,0.00,80.58,89.47,-0.94,2.63,22.00,-0.61,2.07,-0.07,-6.99,2.79,0.09,0.02,FALSE,FALSE,0.04,0.04,0.04,prot.326,0.02,seq.10370.21,0.04,
STAT2_44288,OID44288,STAT2,P52630,4,0.00,11.27,16.20,1.10,0.24,22.00,1.16,0.59,1.14,-1.17,4.28,0.00,0.99,FALSE,FALSE,0.30,0.30,0.32,,,seq.30631.22,0.17,
STAT5B_44289,OID44289,STAT5B,P51692,4,0.00,21.78,46.66,2.30,0.56,22.00,2.88,1.01,2.85,-1.44,8.36,0.01,1.00,FALSE,FALSE,0.52,0.51,0.52,prot.2829,0.55,seq.16551.14,0.13,
STAU1_43136,OID43136,STAU1,O95793,3,0.00,35.91,45.36,-1.90,0.78,22.00,-0.70,1.23,-0.87,-3.80,8.05,0.03,0.91,FALSE,FALSE,0.16,0.16,0.17,prot.1576,0.16,seq.12471.47,0.19,
STC1_44962,OID44962,STC1,P52823,5,0.07,0.07,13.68,1.04,0.19,22.00,1.20,0.54,1.15,-0.55,3.79,0.00,0.99,FALSE,FALSE,0.61,0.60,0.61,prot.2858,0.45,seq.4930.21,0.68,
STC2_45270,OID45270,STC2,O76061,6,1.11,1.97,9.02,0.95,0.13,21.00,1.08,0.36,1.07,-2.42,2.17,0.00,1.00,FALSE,FALSE,0.61,0.61,0.61,prot.1472,0.21,seq.35098.22,0.69,
STEAP1_40632,OID40632,STEAP1,Q9UHE8,1,0.00,68.34,84.79,-0.01,2.10,22.00,0.96,1.33,1.09,-7.13,5.45,0.01,0.74,FALSE,FALSE,0.06,0.05,0.06,,,seq.28456.19,-0.01,
STEAP4_43137,OID43137,STEAP4,Q687X5,3,0.00,65.69,26.66,2.08,0.40,22.00,0.48,1.31,0.29,-8.14,8.04,0.02,0.90,FALSE,FALSE,0.16,0.16,0.17,prot.6972,0.13,seq.28762.3,-0.01,
STEEP1_40633,OID40633,STEEP1,Q9H5V9,1,0.00,93.81,195.11,0.44,3.22,22.00,-0.22,3.33,-0.05,-7.36,13.26,0.00,0.00,FALSE,FALSE,0.02,0.02,0.02,,,,,
STIP1_45271,OID45271,STIP1,P31948,6,1.11,7.95,14.54,0.82,0.22,21.00,1.05,0.45,1.01,-0.56,3.69,0.00,0.90,FALSE,FALSE,0.57,0.57,0.58,prot.2481,0.54,seq.5489.18,0.68,
STK11IP_41883,OID41883,STK11IP,Q8N1F8,2,0.14,75.47,44.55,-0.98,0.83,22.00,-0.50,0.93,-0.49,-8.16,6.20,0.00,0.99,FALSE,FALSE,0.03,0.03,0.03,prot.6710,0.02,,,
STK11_44290,OID44290,STK11,Q15831,4,0.00,35.00,25.34,1.59,0.40,22.00,2.04,0.70,2.06,-1.40,5.31,0.00,0.69,FALSE,FALSE,0.34,0.33,0.34,prot.3665,0.14,,,
STK17A_41884,OID41884,STK17A,Q9UEE5,2,0.14,91.85,51.29,-0.18,0.64,22.00,-0.08,1.10,-0.04,-7.47,5.60,0.00,0.93,FALSE,FALSE,0.03,0.03,0.03,prot.5919,0.01,,,
STK24_43138,OID43138,STK24,Q9Y6E0,3,0.00,40.15,42.54,-5.53,0.77,22.00,-4.74,0.83,-4.72,-7.53,-0.14,0.01,0.68,FALSE,FALSE,0.38,0.38,0.39,prot.6295,0.59,seq.12617.2,0.56,
STK26_41885,OID41885,STK26,Q9P289,2,0.14,94.29,70.58,-0.58,1.34,22.00,-0.84,2.29,-0.29,-6.42,5.87,0.00,0.00,FALSE,FALSE,0.04,0.04,0.04,,,seq.31507.28,0.04,
STK32B_40634,OID40634,STK32B,Q9NY57,1,0.00,91.86,63.92,-1.61,1.15,22.00,-1.06,1.71,-0.88,-8.74,5.16,0.04,0.98,FALSE,FALSE,0.02,0.01,0.02,,,seq.32729.199,0.02,
STK32C_41886,OID41886,STK32C,Q86UX6,2,0.14,55.26,36.39,0.25,0.52,22.00,0.55,0.96,0.45,-2.67,7.60,0.00,0.99,FALSE,FALSE,0.13,0.12,0.13,prot.7919,0.17,seq.31608.334,-0.06,
STK33_41887,OID41887,STK33,Q9BYT3,2,0.14,64.25,36.57,-0.52,0.53,22.00,0.37,0.87,0.23,-1.65,6.94,0.00,0.99,FALSE,FALSE,0.07,0.07,0.07,,,,,
STK35_40635,OID40635,STK35,Q8TDR2,1,0.00,69.73,35.97,-0.26,0.54,22.00,0.00,0.75,-0.04,-2.17,5.48,0.02,0.99,FALSE,FALSE,0.04,0.04,0.04,,,,,
STK36_41888,OID41888,STK36,Q9NRP7,2,0.14,70.38,124.57,-2.18,2.42,22.00,-0.44,2.70,0.16,-6.62,9.02,0.00,0.00,FALSE,FALSE,0.01,0.01,0.02,,,,,
STK39_41889,OID41889,STK39,Q9UEW8,2,0.14,65.30,41.98,5.88,0.52,22.00,2.24,1.07,2.23,-1.57,7.18,0.00,0.64,FALSE,FALSE,0.37,0.36,0.38,prot.5922,0.42,seq.28274.111,0.11,
STK4_44963,OID44963,STK4,Q13043,5,0.07,7.24,19.78,2.26,0.27,22.00,2.41,0.67,2.40,-0.50,6.12,0.00,0.62,FALSE,FALSE,0.63,0.62,0.64,prot.3364,0.70,seq.22847.18,0.30,
STMN2_40636,OID40636,STMN2,Q93045,1,0.00,81.42,199.31,1.09,2.20,22.00,0.88,2.70,0.17,-6.26,6.71,0.33,0.00,FALSE,FALSE,0.01,0.01,0.01,,,seq.10900.272,-0.01,
STMN4_41890,OID41890,STMN4,Q9H169,2,0.14,71.99,54.53,-1.06,0.90,22.00,-0.24,1.17,-0.33,-7.72,7.14,0.00,1.00,FALSE,FALSE,0.03,0.03,0.03,,,seq.6267.51,0.03,
STOML2_43139,OID43139,STOML2,Q9UJZ1,3,0.00,89.91,75.67,-1.51,0.88,22.00,-1.15,1.57,-1.05,-8.40,5.88,0.03,1.00,FALSE,FALSE,0.03,0.03,0.03,prot.5996,0.03,seq.26126.8,-0.01,
STON1_40637,OID40637,STON1,Q9Y6Q2,1,0.00,77.52,111.58,-0.97,2.16,22.00,-0.76,2.07,-0.36,-7.74,5.90,0.07,0.10,FALSE,FALSE,0.05,0.04,0.05,prot.6310,0.09,seq.30442.35,0.10,
STOX2_41891,OID41891,STOX2,Q9P2F5,2,0.14,82.02,45.56,-0.50,0.67,22.00,0.00,1.29,-0.09,-7.70,7.81,0.00,0.84,FALSE,FALSE,0.02,0.02,0.02,,,,,
STPG1_41892,OID41892,STPG1,Q5TH74,2,0.14,51.15,46.37,-0.06,0.62,22.00,0.12,1.49,-0.08,-3.81,7.93,0.00,0.68,FALSE,FALSE,0.05,0.05,0.06,,,,,
STRA8_40638,OID40638,STRA8,Q7Z7C7,1,0.00,68.68,24.34,-0.36,0.36,22.00,-0.01,0.97,-0.16,-2.22,11.58,0.03,0.99,FALSE,FALSE,0.05,0.05,0.05,,,seq.34991.25,0.03,
STRN_44964,OID44964,STRN,O43815,5,0.07,8.01,17.14,0.61,0.25,22.00,1.22,0.57,1.22,-0.56,4.75,0.00,0.62,FALSE,FALSE,0.53,0.52,0.53,prot.1273,0.51,seq.29129.11,0.60,
STX12_40639,OID40639,STX12,Q86Y82,1,0.00,78.22,57.18,-3.89,0.84,22.00,-2.57,1.75,-2.70,-10.31,7.70,0.04,0.99,FALSE,FALSE,0.08,0.08,0.09,prot.4286,0.08,seq.10418.36,0.12,
STX16_43140,OID43140,STX16,O14662,3,0.00,74.81,54.06,0.64,0.94,22.00,1.01,1.06,1.06,-6.71,5.63,0.01,0.90,FALSE,FALSE,0.20,0.19,0.20,prot.1101,0.25,seq.26029.12,0.09,
STX17_41893,OID41893,STX17,P56962,2,0.14,17.28,26.15,1.46,0.39,22.00,1.52,0.70,1.51,-1.02,4.75,0.00,1.00,FALSE,FALSE,0.43,0.41,0.43,prot.2954,0.48,seq.21649.12,0.31,
STX1B_43141,OID43141,STX1B,P61266,3,0.00,71.26,46.32,-6.84,0.81,22.00,-6.09,1.05,-6.09,-13.78,1.32,0.02,0.81,FALSE,FALSE,0.04,0.04,0.04,,,seq.6966.144,-0.01,
STX2_40640,OID40640,STX2,P32856,1,0.00,94.78,52.81,0.08,1.04,22.00,0.13,1.27,0.26,-7.57,4.28,0.02,0.96,FALSE,FALSE,0.04,0.04,0.04,prot.6546,-0.02,seq.7738.299,0.06,
STX3_44291,OID44291,STX3,Q13277,4,0.00,20.32,30.41,0.03,0.50,22.00,0.21,0.45,0.23,-1.57,4.07,0.02,0.99,FALSE,FALSE,0.10,0.10,0.11,prot.7068,0.01,seq.7186.111,-0.05,
STX4_44292,OID44292,STX4,Q12846,4,0.00,0.00,15.37,0.58,0.22,22.00,1.25,0.53,1.25,-0.63,4.11,0.00,0.99,FALSE,FALSE,0.49,0.48,0.50,prot.3337,0.54,seq.10668.5,0.63,
STX5_43142,OID43142,STX5,Q13190,3,0.00,93.95,56.48,0.22,0.79,22.00,0.60,0.96,0.60,-3.30,7.94,0.00,1.00,FALSE,FALSE,0.14,0.14,0.15,prot.3389,0.23,seq.32566.18,0.04,
STX6_43143,OID43143,STX6,O43752,3,0.00,58.25,44.49,0.61,0.69,22.00,0.90,0.86,0.89,-1.79,7.55,0.01,0.77,FALSE,FALSE,0.24,0.24,0.24,prot.1268,0.22,seq.10945.11,0.25,
STX7_44293,OID44293,STX7,O15400,4,0.00,58.80,29.63,1.50,0.44,22.00,1.86,0.63,1.87,-1.42,4.90,0.00,0.99,TRUE,FALSE,0.43,0.42,0.43,prot.1190,0.39,seq.8274.64,0.47,
STX8_44294,OID44294,STX8,Q9UNK0,4,0.00,8.28,25.68,1.86,0.39,22.00,2.11,0.68,2.13,-0.18,6.02,0.00,1.00,FALSE,FALSE,0.56,0.55,0.56,prot.6065,0.48,seq.10903.50,0.67,
STXBP1_44295,OID44295,STXBP1,P61764,4,0.00,32.57,33.32,2.58,0.50,22.00,2.77,0.76,2.77,-0.49,5.87,0.00,0.42,FALSE,FALSE,0.56,0.55,0.56,prot.3021,0.69,seq.32590.10,0.50,
STXBP3_43144,OID43144,STXBP3,O00186,3,0.00,82.12,46.01,0.14,0.71,22.00,0.44,0.91,0.55,-7.32,4.11,0.01,0.97,FALSE,FALSE,0.08,0.08,0.08,prot.1017,0.11,seq.33158.135,0.02,
STXBP4_40641,OID40641,STXBP4,Q6ZWJ1,1,0.00,84.76,44.00,0.04,0.54,22.00,-0.06,0.48,-0.06,-1.65,2.94,0.01,0.99,FALSE,FALSE,0.02,0.02,0.02,,,seq.24904.121,-0.04,
STXBP5L_43145,OID43145,STXBP5L,Q9Y2K9,3,0.00,52.54,27.66,-3.04,0.41,22.00,-2.67,1.27,-2.94,-5.83,3.91,0.04,1.00,FALSE,FALSE,0.07,0.07,0.07,,,,,
SUCLA2_41894,OID41894,SUCLA2,Q9P2R7,2,0.14,74.22,50.07,0.04,0.61,22.00,0.41,0.82,0.30,-1.43,5.79,0.00,0.99,FALSE,FALSE,0.09,0.09,0.09,prot.5877,0.08,seq.34285.68,0.11,
SUFU_40642,OID40642,SUFU,Q9UMX1,1,0.00,38.27,240.34,1.63,1.58,22.00,0.13,2.82,0.48,-7.19,9.06,0.01,0.00,FALSE,FALSE,0.04,0.04,0.04,,,seq.17468.1,-0.02,
SUGP1_44296,OID44296,SUGP1,Q8IWZ8,4,0.00,70.08,58.37,-3.68,1.43,22.00,-3.08,1.28,-2.87,-9.21,0.69,0.03,0.98,FALSE,FALSE,0.09,0.09,0.09,,,seq.30485.7,0.06,
SUGT1_43146,OID43146,SUGT1,Q9Y2Z0,3,0.00,21.22,19.84,1.86,0.28,22.00,2.21,0.70,2.19,-0.54,5.87,0.01,0.94,FALSE,FALSE,0.56,0.56,0.56,prot.6158,0.65,seq.17818.22,0.63,
SULF2_41895,OID41895,SULF2,Q8IWU5,2,0.14,85.64,56.66,-0.09,0.89,22.00,0.55,1.45,0.53,-7.45,7.98,0.00,0.99,FALSE,FALSE,0.03,0.03,0.03,prot.4334,-0.02,seq.8305.18,-0.01,
SULT1A1_44965,OID44965,SULT1A1,P50225,5,0.07,0.28,15.06,3.85,0.22,22.00,4.01,0.87,4.08,-0.24,7.50,0.00,0.99,FALSE,FALSE,0.67,0.66,0.67,prot.2774,0.72,seq.21227.18,0.64,
SULT1C2_40643,OID40643,SULT1C2,O00338,1,0.00,60.40,31.86,-2.65,0.45,22.00,-2.09,0.97,-2.16,-7.60,3.92,0.01,0.71,TRUE,FALSE,0.15,0.15,0.15,,,seq.17811.78,0.05,
SULT1E1_40644,OID40644,SULT1E1,P49888,1,0.00,85.80,63.06,0.10,0.70,22.00,0.03,0.96,0.12,-7.86,2.56,0.01,0.99,FALSE,FALSE,0.03,0.03,0.03,,,seq.9878.3,-0.03,
SULT2A1_44297,OID44297,SULT2A1,Q06520,4,0.00,18.58,16.79,-3.07,0.23,22.00,-2.79,0.83,-2.89,-4.75,1.62,0.01,0.99,FALSE,FALSE,0.47,0.46,0.49,prot.7064,0.44,seq.9829.91,0.64,
SUMF1_43147,OID43147,SUMF1,Q8NBK3,3,0.00,64.16,69.76,-1.59,2.04,22.00,-0.14,1.63,-0.21,-8.02,7.25,0.02,0.99,FALSE,FALSE,0.04,0.04,0.04,prot.6722,0.01,seq.6941.11,-0.03,
SUMF2_44966,OID44966,SUMF2,Q8NBJ7,5,0.07,0.21,9.15,0.34,0.14,22.00,0.70,0.61,0.72,-3.46,2.68,0.00,0.96,TRUE,TRUE,0.72,0.71,0.72,prot.944,,seq.26793.1,0.86,
SUMO1_41896,OID41896,SUMO1,P63165,2,0.14,29.34,17.27,-0.33,0.25,22.00,-0.18,0.48,-0.23,-1.85,2.47,0.00,1.00,FALSE,FALSE,0.27,0.27,0.28,,,,,
SUOX_44298,OID44298,SUOX,P51687,4,0.00,33.40,14.32,0.20,0.20,22.00,0.36,0.96,0.26,-1.82,4.89,0.00,0.99,FALSE,FALSE,0.26,0.25,0.27,,,seq.18324.61,0.15,
SUPT20H_41897,OID41897,SUPT20H,Q8NEM7,2,0.14,73.52,52.59,0.49,0.75,22.00,-0.05,1.42,-0.07,-7.43,6.59,0.00,0.91,FALSE,FALSE,0.04,0.04,0.05,,,,,
SURF2_43148,OID43148,SURF2,Q15527,3,0.00,64.58,33.24,-0.58,0.48,22.00,0.08,0.99,-0.07,-2.29,5.83,0.02,0.99,FALSE,FALSE,0.07,0.07,0.07,,,seq.31305.16,0.09,
SUSD1_43149,OID43149,SUSD1,Q6UWL2,3,0.00,6.05,22.45,3.00,0.32,22.00,3.08,0.57,3.13,-0.35,5.80,0.01,1.00,FALSE,FALSE,0.47,0.46,0.48,prot.4052,0.56,seq.9582.93,-0.04,
SUSD2_45272,OID45272,SUSD2,Q9UGT4,6,1.11,2.04,7.60,0.80,0.11,21.00,0.06,0.41,0.04,-1.65,1.95,0.00,0.99,TRUE,FALSE,0.41,0.40,0.41,prot.5938,0.22,,,
SUSD4_44299,OID44299,SUSD4,Q5VX71,4,0.00,7.65,14.23,-0.41,0.20,22.00,0.22,0.59,0.15,-0.95,5.23,0.02,1.00,TRUE,FALSE,0.22,0.21,0.22,,,seq.29975.98,0.09,
SUSD5_44967,OID44967,SUSD5,O60279,5,0.07,4.60,10.33,0.39,0.15,22.00,0.34,0.45,0.35,-1.12,2.38,0.00,1.00,TRUE,FALSE,0.62,0.61,0.62,prot.1301,0.59,seq.34726.216,0.81,
SV2A_44300,OID44300,SV2A,Q7L0J3,4,0.00,4.18,24.87,1.43,0.38,22.00,2.27,0.90,2.23,-0.88,8.59,0.01,0.99,FALSE,FALSE,0.46,0.45,0.46,prot.4131,0.50,seq.12880.1,-0.08,
SWAP70_44301,OID44301,SWAP70,Q9UH65,4,0.00,49.13,27.00,0.26,0.41,22.00,0.26,0.54,0.22,-1.37,4.10,0.01,1.00,TRUE,TRUE,0.31,0.31,0.32,prot.7185,0.10,seq.13552.7,0.38,
SYAP1_44968,OID44968,SYAP1,Q96A49,5,0.07,65.81,130.18,2.66,2.87,22.00,2.84,2.74,3.13,-5.11,8.54,0.00,0.00,FALSE,FALSE,0.20,0.20,0.21,prot.4816,0.13,seq.23409.83,0.18,
SYCE1L_43150,OID43150,SYCE1L,A8MT33,3,0.00,79.61,35.82,-0.25,0.56,22.00,0.13,0.94,0.01,-3.95,6.52,0.03,0.99,TRUE,TRUE,0.06,0.05,0.06,,,seq.24412.1,-0.02,
SYCP3_41898,OID41898,SYCP3,Q8IZU3,2,0.14,90.66,37.42,0.65,0.56,22.00,-0.33,1.29,-0.18,-7.82,5.39,0.00,1.00,FALSE,FALSE,0.02,0.02,0.03,,,seq.31884.27,-0.01,
SYF2_43151,OID43151,SYF2,O95926,3,0.00,41.54,40.85,-0.50,0.77,22.00,0.19,1.12,0.02,-3.29,8.87,0.02,0.96,FALSE,FALSE,0.13,0.13,0.13,,,seq.19438.68,0.13,
SYK_41899,OID41899,SYK,P43405,2,0.14,30.94,33.71,3.08,0.48,22.00,3.24,0.90,3.27,-1.37,7.29,0.00,1.00,FALSE,FALSE,0.52,0.52,0.53,prot.2643,0.63,seq.11378.37,0.58,
SYMPK_40645,OID40645,SYMPK,Q92797,1,0.00,69.10,30.04,-0.65,0.50,22.00,-0.12,0.73,-0.23,-2.02,6.06,0.03,0.99,FALSE,FALSE,0.04,0.04,0.04,,,,,
SYNE3_41900,OID41900,SYNE3,Q6ZMZ3,2,0.14,74.98,35.03,-0.45,0.54,22.00,0.12,0.82,-0.01,-1.54,8.05,0.00,0.99,FALSE,FALSE,0.06,0.05,0.06,,,,,
SYNGAP1_43152,OID43152,SYNGAP1,Q96PV0,3,0.00,76.62,55.37,-0.93,1.62,22.00,-0.27,1.14,-0.27,-8.27,5.84,0.02,0.99,FALSE,FALSE,0.04,0.03,0.04,,,,,
SYNM_43153,OID43153,SYNM,O15061,3,0.00,25.26,22.92,0.10,0.32,22.00,0.35,0.71,0.28,-1.56,5.00,0.01,0.81,FALSE,FALSE,0.12,0.12,0.12,prot.6449,0.03,,,
SYT1_44302,OID44302,SYT1,P21579,4,0.00,6.33,13.01,-0.07,0.18,22.00,0.28,0.42,0.27,-1.23,2.87,0.01,0.99,FALSE,FALSE,0.27,0.26,0.28,,,seq.21328.2,0.23,
SYTL1_41901,OID41901,SYTL1,Q8IYJ3,2,0.14,61.39,115.50,-2.15,2.30,22.00,-1.62,2.31,-0.98,-7.16,4.08,0.00,0.00,FALSE,FALSE,0.00,0.00,0.00,prot.7422,-0.01,seq.12892.10,-0.02,
SYTL2_41902,OID41902,SYTL2,Q9HCH5,2,0.14,72.47,51.42,-5.62,0.80,22.00,-4.63,1.12,-4.69,-9.95,2.54,0.00,1.00,FALSE,FALSE,0.03,0.02,0.03,,,seq.24309.14,-0.02,
SYTL3_40646,OID40646,SYTL3,Q4VX76,1,0.00,72.09,36.98,3.89,0.53,22.00,-0.60,1.89,-0.60,-8.43,7.97,0.03,1.00,FALSE,FALSE,0.03,0.03,0.03,,,seq.33215.2,0.00,
SYTL4_44969,OID44969,SYTL4,Q96C24,5,0.07,33.57,34.15,2.89,0.46,22.00,3.40,1.15,3.42,-2.83,8.57,0.00,0.99,FALSE,FALSE,0.57,0.56,0.58,prot.4857,0.70,seq.9090.9,0.63,
TAB2_43154,OID43154,TAB2,Q9NYJ8,3,0.00,30.76,35.40,2.09,0.60,22.00,1.97,0.81,2.02,-1.12,4.99,0.00,0.99,FALSE,FALSE,0.34,0.34,0.35,prot.5789,0.28,,,
TACC2_41903,OID41903,TACC2,O95359,2,0.14,87.46,46.22,-0.28,0.65,22.00,-0.10,0.92,-0.10,-4.70,5.40,0.00,1.00,FALSE,FALSE,0.03,0.03,0.04,,,,,
TACC3_44303,OID44303,TACC3,Q9Y6A5,4,0.00,3.06,19.96,2.44,0.30,22.00,2.99,0.82,3.00,-1.30,6.85,0.01,0.99,TRUE,FALSE,0.56,0.55,0.56,prot.6289,0.52,seq.22027.13,0.62,
TACSTD2_44304,OID44304,TACSTD2,P09758,4,0.00,37.79,8.60,0.68,0.12,22.00,0.30,0.34,0.30,-0.87,1.67,0.00,0.90,TRUE,TRUE,0.34,0.33,0.34,prot.7595,0.28,seq.14034.22,0.06,
TADA3_44305,OID44305,TADA3,O75528,4,0.00,33.61,22.56,1.07,0.31,22.00,1.22,0.76,1.22,-2.71,7.26,0.01,0.99,FALSE,FALSE,0.33,0.33,0.34,prot.7744,0.28,seq.23551.15,0.16,
TAF11_41904,OID41904,TAF11,Q15544,2,0.14,89.69,38.04,-0.18,0.65,22.00,0.34,0.80,0.24,-2.21,4.87,0.00,0.98,FALSE,FALSE,0.05,0.04,0.05,,,,,
TAF5L_43155,OID43155,TAF5L,O75529,3,0.00,95.89,21.28,-0.65,0.31,22.00,0.23,0.64,0.22,-1.54,5.82,0.02,1.00,FALSE,FALSE,0.09,0.08,0.09,,,,,
TAFA1_41905,OID41905,TAFA1,Q7Z5A9,2,0.14,56.93,23.82,1.06,0.34,22.00,0.11,0.68,0.06,-2.13,3.88,0.00,0.99,TRUE,FALSE,0.13,0.12,0.14,,,seq.5753.21,0.04,
TAFA3_41906,OID41906,TAFA3,Q7Z5A8,2,0.14,81.05,43.17,-1.47,0.64,22.00,-0.63,1.13,-0.83,-4.84,7.90,0.00,0.99,FALSE,FALSE,0.02,0.02,0.02,,,seq.7839.99,0.01,
TAFA5_44306,OID44306,TAFA5,Q7Z5A7,4,0.00,0.00,8.86,0.75,0.13,22.00,1.16,0.46,1.14,-0.28,3.64,0.01,1.00,TRUE,FALSE,0.41,0.40,0.41,prot.7750,0.01,seq.5609.92,0.37,
TAGLN3_43156,OID43156,TAGLN3,Q9UI15,3,0.00,79.82,33.41,-0.28,0.51,22.00,0.14,0.86,0.09,-3.33,5.77,0.03,0.99,FALSE,FALSE,0.01,0.01,0.01,,,seq.17775.8,-0.03,
TALDO1_45273,OID45273,TALDO1,P37837,6,1.11,2.04,8.45,0.46,0.13,21.00,0.62,0.41,0.60,-1.03,3.55,0.00,0.94,FALSE,FALSE,0.48,0.47,0.49,prot.2574,0.42,seq.11347.9,0.37,
TANC1_41907,OID41907,TANC1,Q9C0D5,2,0.14,89.90,100.24,-1.55,2.13,22.00,-0.48,2.09,-0.21,-6.65,8.40,0.00,0.01,FALSE,FALSE,0.02,0.02,0.02,,,,,
TANK_43157,OID43157,TANK,Q92844,3,0.00,83.79,64.85,-0.09,2.01,22.00,0.85,1.75,1.04,-6.69,7.05,0.03,0.97,FALSE,FALSE,0.07,0.07,0.07,prot.4757,0.05,seq.14013.11,0.05,
TAP1_43158,OID43158,TAP1,Q03518,3,0.00,74.67,235.43,-0.52,2.89,22.00,0.25,3.20,0.49,-6.96,9.53,0.00,0.00,FALSE,FALSE,0.06,0.06,0.06,prot.3235,0.06,,,
TARBP2_43159,OID43159,TARBP2,Q15633,3,0.00,21.29,20.97,1.40,0.32,22.00,1.57,0.61,1.57,-0.95,4.97,0.00,0.99,FALSE,FALSE,0.47,0.47,0.48,prot.3637,0.38,seq.12781.2,0.57,
TARDBP_41908,OID41908,TARDBP,Q13148,2,0.14,85.85,62.82,0.33,1.00,22.00,0.43,0.84,0.44,-2.47,3.17,0.00,1.00,FALSE,FALSE,0.09,0.09,0.09,prot.3378,0.11,seq.12046.51,0.04,
TARM1_43160,OID43160,TARM1,B6A8C7,3,0.00,76.90,43.94,1.17,1.30,22.00,-1.28,1.92,-1.31,-9.42,6.01,0.03,0.99,FALSE,FALSE,0.02,0.02,0.02,,,seq.34648.29,-0.01,
TARS3_41909,OID41909,TARS3,A2RTX5,2,0.14,88.71,71.75,-2.55,1.81,22.00,-2.11,1.73,-1.78,-8.42,5.14,0.00,0.03,FALSE,FALSE,0.03,0.03,0.03,prot.515,0.05,,,
TAX1BP1_44307,OID44307,TAX1BP1,Q86VP1,4,0.00,0.00,17.70,0.35,0.24,22.00,1.15,0.59,1.13,-0.92,4.65,0.00,0.75,FALSE,FALSE,0.21,0.21,0.22,,,seq.12721.4,-0.03,
TBC1D13_41910,OID41910,TBC1D13,Q9NVG8,2,0.14,40.70,33.94,1.80,0.58,22.00,2.33,1.40,2.40,-4.71,8.86,0.00,0.94,TRUE,TRUE,0.31,0.30,0.32,prot.5728,0.29,seq.21163.21,0.29,
TBC1D17_43162,OID43162,TBC1D17,Q9HA65,3,0.00,17.19,29.07,0.93,0.36,22.00,1.46,0.62,1.38,-0.03,5.04,0.01,1.00,TRUE,TRUE,0.33,0.33,0.34,prot.5539,0.31,,,
TBC1D22B_41911,OID41911,TBC1D22B,Q9NU19,2,0.14,46.55,24.25,-0.30,0.40,22.00,-0.37,0.76,-0.44,-2.55,4.55,0.00,0.97,FALSE,FALSE,0.15,0.14,0.15,prot.7504,0.11,seq.21381.73,0.05,
TBC1D23_44308,OID44308,TBC1D23,Q9NUY8,4,0.00,0.77,20.71,2.06,0.30,22.00,2.40,0.75,2.42,-0.61,5.54,0.00,0.99,TRUE,FALSE,0.59,0.58,0.59,prot.5722,0.65,,,
TBC1D28_41912,OID41912,TBC1D28,Q2M2D7,2,0.14,65.37,23.87,1.60,0.34,22.00,-0.04,1.24,-0.18,-8.09,10.70,0.00,1.00,FALSE,FALSE,0.05,0.04,0.05,,,seq.22799.17,0.02,
TBC1D2_43163,OID43163,TBC1D2,Q9BYX2,3,0.00,59.29,36.31,0.01,0.60,22.00,-0.10,0.86,-0.06,-8.18,3.37,0.01,0.99,TRUE,FALSE,0.14,0.13,0.14,prot.5333,,seq.34294.13,0.04,
TBC1D31_41913,OID41913,TBC1D31,Q96DN5,2,0.14,77.84,22.63,-0.33,0.32,22.00,-0.20,0.51,-0.26,-1.56,3.97,0.00,1.00,FALSE,FALSE,0.06,0.06,0.06,,,,,
TBC1D32_41914,OID41914,TBC1D32,Q96NH3,2,0.14,82.44,96.35,-1.34,2.50,22.00,-0.21,2.33,0.34,-6.22,6.81,0.00,0.00,FALSE,FALSE,0.01,0.01,0.01,,,,,
TBCA_44970,OID44970,TBCA,O75347,5,0.07,45.54,29.38,2.08,0.34,22.00,2.60,0.77,2.56,-0.28,7.13,0.00,0.87,FALSE,FALSE,0.51,0.50,0.51,prot.696,0.52,seq.12501.10,0.28,
TBCB_44310,OID44310,TBCB,Q99426,4,0.00,0.84,20.00,4.08,0.29,22.00,4.42,0.86,4.44,0.64,8.76,0.01,0.98,FALSE,FALSE,0.65,0.64,0.66,,,seq.17686.27,0.79,4
TBCC_44311,OID44311,TBCC,Q15814,4,0.00,10.65,15.03,-0.03,0.22,22.00,0.34,0.58,0.34,-1.81,3.75,0.00,0.99,FALSE,FALSE,0.41,0.41,0.42,prot.3662,0.42,seq.21326.28,0.57,
TBCK_40647,OID40647,TBCK,Q8TEA7,1,0.00,69.94,39.80,-0.42,0.65,22.00,0.16,1.14,0.12,-8.39,7.38,0.02,0.99,FALSE,FALSE,0.03,0.03,0.03,prot.4620,0.02,,,
TBL1X_43164,OID43164,TBL1X,O60907,3,0.00,30.76,18.71,1.61,0.28,22.00,2.10,0.75,2.11,-0.90,7.01,0.00,0.95,FALSE,FALSE,0.20,0.18,0.22,,,seq.28771.26,-0.16,
TBPL2_40648,OID40648,TBPL2,Q6SJ96,1,0.00,90.05,42.62,0.09,0.60,22.00,0.03,0.48,0.03,-1.46,2.66,0.01,0.97,FALSE,FALSE,0.05,0.04,0.05,,,,,
TBR1_43165,OID43165,TBR1,Q16650,3,0.00,72.79,27.85,-0.41,0.38,22.00,0.10,1.30,-0.13,-3.94,8.25,0.04,0.99,FALSE,FALSE,0.04,0.03,0.04,,,,,
TBX22_40649,OID40649,TBX22,Q9Y458,1,0.00,85.11,115.44,-4.21,2.53,22.00,-3.21,2.46,-2.48,-8.58,2.95,0.00,0.00,FALSE,FALSE,0.00,0.00,0.01,,,seq.11146.4,-0.01,
TBX2_41915,OID41915,TBX2,Q13207,2,0.14,86.83,61.70,-0.49,1.62,22.00,-0.04,1.59,0.05,-6.94,6.77,0.00,0.98,FALSE,FALSE,0.01,0.01,0.02,,,,,
TCEA2_41916,OID41916,TCEA2,Q15560,2,0.14,85.71,43.23,0.09,0.68,22.00,0.02,0.96,0.01,-6.83,4.40,0.00,0.99,FALSE,FALSE,0.05,0.05,0.05,,,seq.13481.24,0.08,
TCEAL1_41917,OID41917,TCEAL1,Q15170,2,0.14,72.40,42.77,0.09,0.72,22.00,0.82,0.99,0.74,-3.12,8.38,0.00,0.90,FALSE,FALSE,0.08,0.08,0.08,,,seq.20924.85,0.02,
TCEANC2_43166,OID43166,TCEANC2,Q96MN5,3,0.00,86.64,15.37,-0.05,0.22,22.00,0.00,0.40,-0.03,-0.85,5.80,0.02,1.00,FALSE,FALSE,0.07,0.06,0.07,,,seq.28534.20,0.03,
TCERG1_44312,OID44312,TCERG1,O14776,4,0.00,5.29,12.85,-2.10,0.19,22.00,-1.93,0.56,-1.99,-3.33,2.02,0.01,0.99,FALSE,FALSE,0.22,0.22,0.23,prot.7939,0.07,,,
TCF25_41918,OID41918,TCF25,Q9BQ70,2,0.14,55.68,25.51,1.09,0.39,22.00,1.73,0.86,1.66,-1.11,7.54,0.00,0.99,FALSE,FALSE,0.29,0.29,0.30,prot.6798,0.22,,,
TCHHL1_41920,OID41920,TCHHL1,Q5QJ38,2,0.14,86.69,51.02,-0.33,0.76,22.00,0.29,1.08,0.22,-3.61,7.24,0.00,0.99,FALSE,FALSE,0.03,0.02,0.03,,,,,
TCHH_41919,OID41919,TCHH,Q07283,2,0.14,38.54,16.63,-1.95,0.27,22.00,-3.07,1.22,-3.32,-5.87,3.41,0.00,1.00,FALSE,FALSE,0.24,0.23,0.24,,,,,
TCHP_41921,OID41921,TCHP,Q9BT92,2,0.14,63.34,34.11,-0.46,0.86,22.00,-0.23,1.02,-0.19,-8.23,5.07,0.00,0.99,FALSE,FALSE,0.03,0.03,0.03,,,,,
TCL1A_44313,OID44313,TCL1A,P56279,4,0.00,0.07,13.08,2.06,0.18,22.00,1.56,1.02,1.63,-3.82,4.46,0.00,0.99,FALSE,FALSE,0.61,0.60,0.62,prot.7049,0.42,seq.17210.2,0.76,
TCL1B_41922,OID41922,TCL1B,O95988,2,0.14,84.11,369.05,0.38,1.57,22.00,0.09,2.90,0.21,-6.37,9.79,0.00,0.00,FALSE,FALSE,0.00,0.00,0.00,,,seq.18276.34,-0.03,
TCN1_45416,OID45416,TCN1,P20061,7,0.07,0.00,7.76,-0.15,0.11,22.00,0.09,0.38,0.08,-1.43,2.75,0.00,0.97,TRUE,TRUE,0.60,0.59,0.60,prot.7252,0.00,seq.11232.46,0.59,
TCN2_45417,OID45417,TCN2,P20062,7,0.07,13.51,9.22,0.28,0.14,22.00,0.40,0.34,0.39,-0.76,3.88,0.00,0.99,TRUE,TRUE,0.55,0.55,0.55,prot.599,0.46,seq.5584.21,0.57,
TCOF1_44971,OID44971,TCOF1,Q13428,5,0.07,7.52,9.83,0.21,0.14,22.00,0.22,0.39,0.20,-1.21,2.17,0.00,1.00,FALSE,FALSE,0.33,0.32,0.34,prot.6605,0.23,seq.31290.25,0.09,
TCP11_43167,OID43167,TCP11,Q8WWU5,3,0.00,77.59,65.04,-0.56,0.95,22.00,0.02,1.50,-0.11,-7.46,6.45,0.02,1.00,FALSE,FALSE,0.01,0.01,0.01,,,seq.8334.65,-0.01,
TCTN3_44972,OID44972,TCTN3,Q6NUS6,5,0.07,11.63,8.34,0.13,0.12,22.00,0.09,0.32,0.09,-1.18,1.10,0.00,1.00,TRUE,FALSE,0.28,0.28,0.29,,,seq.34175.1,0.08,
TDGF1_43168,OID43168,TDGF1,P13385,3,0.00,32.99,17.92,2.21,0.26,22.00,0.66,2.61,-0.59,-4.15,6.82,0.00,0.00,TRUE,FALSE,0.59,0.59,0.60,,,seq.5810.25,0.88,
TDO2_43169,OID43169,TDO2,P48775,3,0.00,78.29,36.11,0.32,0.49,22.00,0.01,0.90,0.01,-5.80,4.19,0.01,1.00,FALSE,FALSE,0.09,0.09,0.09,,,seq.9880.33,0.07,
TDP1_44314,OID44314,TDP1,Q9NUW8,4,0.00,70.22,27.97,-0.77,0.44,22.00,-0.82,0.79,-0.80,-4.00,5.31,0.01,0.91,FALSE,FALSE,0.11,0.11,0.12,,,seq.10073.22,0.05,
TDRD3_44315,OID44315,TDRD3,Q9H7E2,4,0.00,30.55,17.48,0.72,0.25,22.00,0.83,0.49,0.83,-1.40,3.46,0.01,1.00,FALSE,FALSE,0.14,0.14,0.14,prot.6835,-0.07,,,
TDRKH_43170,OID43170,TDRKH,Q9Y2W6,3,0.00,65.97,23.59,1.67,0.35,22.00,1.87,0.88,1.92,-6.08,6.04,0.00,0.99,TRUE,FALSE,0.42,0.41,0.42,prot.3852,0.43,,,
TECPR1_40650,OID40650,TECPR1,Q7Z6L1,1,0.00,58.66,121.95,-3.09,2.42,22.00,-1.92,3.32,-0.99,-7.28,11.48,0.00,0.00,FALSE,FALSE,0.02,0.02,0.03,prot.4200,,,,
TECTA_43171,OID43171,TECTA,O75443,3,0.00,88.94,90.45,0.09,1.83,22.00,-0.02,1.87,0.33,-7.03,4.44,0.06,0.25,FALSE,FALSE,0.06,0.06,0.06,,,,,
TECTB_41923,OID41923,TECTB,Q96PL2,2,0.14,69.62,41.86,-0.11,0.59,22.00,0.14,1.07,0.05,-3.33,6.12,0.00,0.99,TRUE,FALSE,0.21,0.20,0.21,,,seq.21549.144,0.34,
TEDC2_41924,OID41924,TEDC2,Q7L2K0,2,0.14,63.07,26.94,-1.08,0.40,22.00,-1.06,1.14,-1.27,-3.69,4.91,0.00,0.99,FALSE,FALSE,0.04,0.04,0.04,,,,,
TEF_43172,OID43172,TEF,Q10587,3,0.00,82.25,62.97,-0.46,0.85,22.00,-0.27,1.02,-0.19,-7.53,4.94,0.01,0.99,FALSE,FALSE,0.01,0.01,0.02,,,seq.20990.48,-0.02,
TEKT1_41925,OID41925,TEKT1,Q969V4,2,0.14,81.46,44.55,-0.08,0.82,22.00,0.23,0.73,0.17,-3.58,4.50,0.00,0.90,FALSE,FALSE,0.03,0.03,0.03,,,,,
TEKT3_41926,OID41926,TEKT3,Q9BXF9,2,0.14,75.89,59.98,-2.78,1.77,22.00,-1.51,1.91,-1.58,-8.84,6.26,0.00,0.99,FALSE,FALSE,0.01,0.01,0.02,,,seq.32858.12,0.00,
TEKT4_40651,OID40651,TEKT4,Q8WW24,1,0.00,77.80,28.97,-0.08,0.37,22.00,0.11,0.66,0.01,-1.52,5.73,0.03,0.99,FALSE,FALSE,0.04,0.04,0.05,,,,,
TEK_44973,OID44973,TEK,Q02763,5,0.07,3.90,11.36,-0.16,0.16,22.00,0.09,0.26,0.09,-1.06,1.20,0.00,0.89,TRUE,TRUE,0.49,0.49,0.50,,,seq.3773.15,0.54,
TELO2_40652,OID40652,TELO2,Q9Y4R8,1,0.00,86.01,55.27,-0.81,0.75,22.00,-0.27,1.30,-0.28,-8.56,7.09,0.02,1.00,FALSE,FALSE,0.01,0.00,0.01,prot.6222,-0.03,,,
TENT4B_43173,OID43173,TENT4B,Q8NDF8,3,0.00,88.03,30.12,-0.56,0.49,22.00,-0.09,1.09,-0.19,-8.01,5.94,0.02,0.99,FALSE,FALSE,0.02,0.02,0.02,,,seq.33776.284,-0.02,
TENT5A_40653,OID40653,TENT5A,Q96IP4,1,0.00,88.45,46.30,-0.76,0.76,22.00,-0.54,1.02,-0.60,-4.25,6.85,0.02,1.00,FALSE,FALSE,0.03,0.03,0.04,,,,,
TEPSIN_40654,OID40654,TEPSIN,Q96N21,1,0.00,71.68,73.35,-3.23,1.48,22.00,-1.81,2.30,-1.64,-9.02,4.83,0.06,0.04,FALSE,FALSE,0.04,0.04,0.04,,,seq.7947.19,0.05,
TERF1_43174,OID43174,TERF1,P54274,3,0.00,38.62,100.54,-0.18,1.98,22.00,0.12,1.89,0.32,-7.11,4.98,0.04,1.00,FALSE,FALSE,0.02,0.01,0.02,,,seq.10049.112,-0.08,
TERF2IP_43175,OID43175,TERF2IP,Q9NYB0,3,0.00,71.75,23.09,-0.89,0.40,22.00,-0.58,0.76,-0.60,-3.18,3.37,0.01,0.96,FALSE,FALSE,0.30,0.30,0.30,prot.6867,0.18,seq.34794.17,0.47,
TESMIN_40655,OID40655,TESMIN,Q9Y4I5,1,0.00,62.70,28.41,-0.33,0.40,22.00,0.12,0.87,0.00,-2.72,4.97,0.02,0.94,FALSE,FALSE,0.05,0.04,0.05,,,,,
TES_43176,OID43176,TES,Q9UGI8,3,0.00,23.17,16.73,1.24,0.24,22.00,0.29,0.48,0.24,-1.09,2.96,0.01,0.99,FALSE,FALSE,0.33,0.33,0.35,prot.5929,0.41,seq.17419.17,0.00,
TET2_43177,OID43177,TET2,Q6N021,3,0.00,72.93,48.92,-1.32,0.82,22.00,-1.07,1.72,-1.09,-8.71,7.29,0.03,0.99,FALSE,FALSE,0.07,0.06,0.08,,,,,
TEX101_44316,OID44316,TEX101,Q9BY14,4,0.00,43.28,19.00,1.49,0.28,22.00,-0.02,1.48,-0.45,-3.11,4.28,0.00,0.00,FALSE,FALSE,0.27,0.26,0.28,,,,,
TEX11_41927,OID41927,TEX11,Q8IYF3,2,0.14,72.75,33.90,-0.42,0.48,22.00,0.23,0.91,0.05,-1.95,5.44,0.00,0.99,FALSE,FALSE,0.02,0.02,0.02,,,seq.31366.379,-0.02,
TEX12_41928,OID41928,TEX12,Q9BXU0,2,0.14,83.21,87.97,-0.42,1.69,22.00,0.09,1.64,0.12,-7.50,8.64,0.00,0.99,FALSE,FALSE,0.04,0.04,0.04,,,seq.34824.18,0.05,
TEX13A_41929,OID41929,TEX13A,Q9BXU3,2,0.14,68.92,45.59,-0.48,1.29,22.00,0.38,1.44,0.25,-7.98,8.81,0.00,0.99,FALSE,FALSE,0.02,0.02,0.03,,,seq.28279.28,0.02,
TEX33_43178,OID43178,TEX33,O43247,3,0.00,73.42,110.85,-3.62,3.03,22.00,-2.25,2.72,-1.63,-8.18,6.54,0.00,0.00,FALSE,FALSE,0.01,0.01,0.01,,,,,
TEX35_43179,OID43179,TEX35,Q5T0J7,3,0.00,61.31,58.43,-0.65,0.84,22.00,0.66,1.46,0.51,-3.24,10.32,0.01,0.99,FALSE,FALSE,0.07,0.07,0.08,,,seq.34217.6,0.02,
TEX37_40656,OID40656,TEX37,Q96LM6,1,0.00,71.19,55.02,-0.25,0.80,22.00,0.42,1.42,0.37,-7.89,6.20,0.02,1.00,FALSE,FALSE,0.03,0.03,0.04,,,seq.33127.11,0.02,
TEX44_41930,OID41930,TEX44,Q53QW1,2,0.14,78.82,51.39,-0.15,0.80,22.00,0.58,1.09,0.49,-3.70,7.43,0.00,1.00,FALSE,FALSE,0.05,0.05,0.05,,,,,
TEX9_41931,OID41931,TEX9,Q8N6V9,2,0.14,76.03,54.74,-0.40,1.21,22.00,0.29,1.04,0.27,-3.87,7.46,0.00,1.00,FALSE,FALSE,0.02,0.02,0.02,,,seq.35003.15,0.03,
TFAM_43180,OID43180,TFAM,Q00059,3,0.00,86.01,19.64,2.04,0.30,22.00,-0.17,0.64,-0.22,-2.01,3.76,0.01,0.81,FALSE,FALSE,0.05,0.05,0.05,prot.3175,-0.05,seq.9952.57,-0.08,
TFAP2A_43181,OID43181,TFAP2A,P05549,3,0.00,79.61,79.21,-1.14,2.23,22.00,0.04,1.95,0.22,-7.15,9.36,0.06,0.48,FALSE,FALSE,0.03,0.02,0.03,,,seq.35024.48,0.02,
TFDP3_41932,OID41932,TFDP3,Q5H9I0,2,0.14,81.88,49.51,-3.04,0.73,22.00,-3.00,0.94,-2.96,-7.23,2.08,0.00,1.00,FALSE,FALSE,0.02,0.02,0.02,,,,,
TFEB_41933,OID41933,TFEB,P19484,2,0.14,35.54,16.60,-1.00,0.24,22.00,-0.91,0.67,-0.96,-3.89,1.81,0.00,1.00,FALSE,FALSE,0.22,0.21,0.22,,,seq.29321.23,0.11,
TFF1_45274,OID45274,TFF1,P04155,6,1.11,3.80,14.00,-0.57,0.20,21.00,-0.26,1.12,-0.53,-3.30,5.44,0.00,1.00,FALSE,FALSE,0.67,0.66,0.67,,,seq.9185.15,0.68,
TFF2_45275,OID45275,TFF2,Q03403,6,1.11,45.46,15.36,-0.87,0.23,21.00,-0.35,0.75,-0.47,-2.55,5.23,0.00,1.00,FALSE,FALSE,0.64,0.63,0.64,,,seq.9191.8,0.84,
TFF3_45418,OID45418,TFF3,Q07654,7,0.07,16.09,7.63,-0.10,0.11,22.00,0.37,0.66,0.26,-0.76,6.27,0.00,1.00,FALSE,FALSE,0.64,0.64,0.65,prot.7406,0.55,seq.4721.54,0.77,
TFPI2_44974,OID44974,TFPI2,P48307,5,0.07,0.00,8.97,0.10,0.13,22.00,0.07,0.67,0.02,-1.16,7.69,0.00,0.75,TRUE,FALSE,0.58,0.57,0.59,prot.2692,0.44,seq.9233.71,0.42,
TFPI_45419,OID45419,TFPI,P10646,7,0.07,0.00,7.87,0.33,0.12,22.00,0.43,0.40,0.42,-0.66,6.92,0.00,1.00,TRUE,FALSE,0.59,0.58,0.60,prot.1992,0.58,seq.3336.50,0.55,
TFRC_45420,OID45420,TFRC,P02786,7,0.07,4.74,14.89,-1.71,0.24,22.00,-0.85,0.51,-0.89,-2.44,2.17,0.00,0.99,TRUE,TRUE,0.52,0.52,0.53,prot.1736,0.61,seq.8795.48,0.56,
TF_45500,OID45500,TF,P02787,8,0.84,5.19,9.68,0.20,0.15,22.00,0.06,0.30,0.07,-1.54,1.83,0.00,0.96,TRUE,FALSE,0.47,0.46,0.48,prot.1737,0.33,seq.4162.54,-0.02,
TGFA_44318,OID44318,TGFA,P01135,4,0.00,10.16,10.77,0.01,0.16,22.00,0.16,0.32,0.14,-0.64,2.54,0.00,0.97,FALSE,FALSE,0.18,0.18,0.20,,,seq.34132.28,0.02,
TGFB1_44319,OID44319,TGFB1,P01137,4,0.00,16.21,9.93,0.92,0.15,22.00,1.02,0.34,1.01,-0.12,3.60,0.00,0.95,FALSE,FALSE,0.45,0.45,0.45,,,seq.14108.15,0.47,
TGFB2_44320,OID44320,TGFB2,P61812,4,0.00,61.59,17.51,-0.14,0.26,22.00,0.19,0.54,0.13,-1.13,6.13,0.02,0.98,FALSE,FALSE,0.18,0.17,0.19,prot.3023,0.21,seq.4156.74,-0.05,
TGFBI_45421,OID45421,TGFBI,Q15582,7,0.07,0.00,7.55,0.18,0.11,22.00,0.38,0.30,0.38,-0.70,1.59,0.00,0.96,TRUE,FALSE,0.52,0.52,0.53,prot.3634,0.46,seq.3283.21,0.37,
TGFBR1_44321,OID44321,TGFBR1,P36897,4,0.00,45.16,26.60,-0.43,0.36,22.00,-0.13,0.69,-0.18,-2.00,5.59,0.02,0.97,FALSE,FALSE,0.11,0.11,0.12,prot.7469,-0.07,seq.22569.55,0.02,
TGFBR2_44975,OID44975,TGFBR2,P37173,5,0.07,0.00,7.24,-0.07,0.10,22.00,0.21,0.35,0.18,-0.83,2.52,0.00,0.97,FALSE,FALSE,0.30,0.29,0.31,prot.2569,0.05,seq.5133.17,-0.05,
TGFBR3_45276,OID45276,TGFBR3,Q03167,6,1.11,1.97,9.12,1.09,0.13,21.00,1.06,0.40,1.06,-1.92,3.19,0.00,0.89,FALSE,FALSE,0.57,0.57,0.58,prot.3231,0.40,seq.3009.3,0.61,
TGIF1_40657,OID40657,TGIF1,Q15583,1,0.00,80.45,74.52,-1.07,1.05,22.00,-0.74,1.79,-0.49,-8.09,4.08,0.04,0.59,FALSE,FALSE,0.01,0.01,0.01,,,seq.26219.9,-0.02,
TGM2_44976,OID44976,TGM2,P21980,5,0.07,0.00,48.83,2.91,0.43,22.00,3.30,0.79,3.26,0.39,6.13,0.00,0.99,TRUE,FALSE,0.72,0.71,0.73,prot.2267,0.55,seq.18934.50,0.86,
TGM5_43182,OID43182,TGM5,O43548,3,0.00,73.14,24.07,-0.34,0.35,22.00,0.00,0.87,-0.17,-1.94,7.30,0.04,0.97,FALSE,FALSE,0.02,0.01,0.02,prot.6997,-0.05,,,
TGOLN2_45422,OID45422,TGOLN2,O43493,7,0.07,0.00,9.64,0.40,0.14,22.00,0.34,0.31,0.33,-0.68,2.17,0.00,0.98,TRUE,TRUE,0.29,0.28,0.31,prot.1242,0.07,seq.31739.83,0.03,
TGS1_41934,OID41934,TGS1,Q96RS0,2,0.14,96.86,35.54,0.03,0.53,22.00,0.17,0.63,0.15,-2.32,4.87,0.00,0.86,FALSE,FALSE,0.03,0.03,0.03,prot.7157,-0.02,,,
TG_44317,OID44317,TG,P01266,4,0.00,19.90,12.42,-1.48,0.18,22.00,0.06,1.20,-0.14,-2.43,7.00,0.01,0.92,FALSE,FALSE,0.20,0.20,0.21,prot.7015,0.04,seq.18839.24,0.01,
THAP10_43183,OID43183,THAP10,Q9P2Z0,3,0.00,53.72,30.87,-1.52,0.49,22.00,-0.84,1.03,-1.07,-3.19,5.38,0.04,0.99,FALSE,FALSE,0.04,0.04,0.04,,,,,
THAP12_43184,OID43184,THAP12,O43422,3,0.00,80.38,63.14,-3.24,1.09,22.00,-1.92,1.49,-1.97,-9.53,5.61,0.03,1.00,FALSE,FALSE,0.04,0.04,0.04,,,,,
THAP3_43185,OID43185,THAP3,Q8WTV1,3,0.00,57.48,43.93,0.08,0.65,22.00,-0.44,1.36,-0.51,-9.09,5.71,0.01,0.98,FALSE,FALSE,0.04,0.04,0.04,,,seq.35039.32,0.00,
THAP4_41935,OID41935,THAP4,Q8WY91,2,0.14,84.95,55.39,-1.91,1.58,22.00,-1.16,1.38,-1.11,-8.52,5.33,0.00,0.85,FALSE,FALSE,0.02,0.01,0.02,,,seq.24490.16,-0.01,
THBD_44977,OID44977,THBD,P07204,5,0.07,2.51,8.24,0.36,0.12,22.00,0.40,0.34,0.39,-1.01,2.76,0.00,0.99,FALSE,FALSE,0.39,0.38,0.39,prot.1849,0.28,,,
THBS2_45277,OID45277,THBS2,P35442,6,1.11,1.97,8.55,0.50,0.12,21.00,0.66,0.50,0.60,-1.04,2.99,0.00,1.00,TRUE,FALSE,0.68,0.67,0.68,prot.270,0.80,seq.3339.33,0.75,
THBS4_45423,OID45423,THBS4,P35443,7,0.07,0.00,7.70,0.78,0.11,22.00,0.67,0.55,0.68,-1.30,2.84,0.00,0.98,FALSE,FALSE,0.66,0.66,0.66,prot.2531,0.71,seq.3340.53,0.65,
THEGL_43186,OID43186,THEGL,P0DJG4,3,0.00,40.08,22.84,-2.29,0.34,22.00,-1.00,1.22,-1.26,-4.04,5.43,0.02,0.99,FALSE,FALSE,0.06,0.06,0.07,,,,,
THOP1_44978,OID44978,THOP1,P52888,5,0.07,0.00,11.57,1.33,0.16,22.00,1.31,0.37,1.28,-0.75,2.90,0.00,0.99,TRUE,FALSE,0.53,0.53,0.54,prot.2861,0.51,seq.21429.50,0.38,
THPO_44322,OID44322,THPO,P40225,4,0.00,0.00,8.15,0.86,0.12,22.00,0.57,0.31,0.56,-0.45,2.40,0.00,0.92,FALSE,FALSE,0.46,0.45,0.46,,,seq.8059.1,0.48,
THSD1_43188,OID43188,THSD1,Q9NS62,3,0.00,53.79,28.14,-0.35,0.42,22.00,-0.28,0.55,-0.28,-2.35,1.97,0.01,0.99,TRUE,TRUE,0.24,0.24,0.24,,,seq.5621.64,0.30,
THSD7A_41936,OID41936,THSD7A,Q9UPZ6,2,0.14,77.14,52.76,-0.05,0.72,22.00,0.38,1.27,0.34,-7.45,7.12,0.00,0.99,FALSE,FALSE,0.04,0.03,0.04,prot.6086,-0.01,seq.9600.55,0.01,
THTPA_44323,OID44323,THTPA,Q9BU02,4,0.00,0.63,21.22,3.15,0.29,22.00,3.25,0.63,3.26,0.76,6.62,0.00,0.99,TRUE,FALSE,0.50,0.50,0.51,prot.5232,0.41,seq.13595.20,-0.13,
THY1_44979,OID44979,THY1,P04216,5,0.07,0.00,8.08,-0.18,0.11,22.00,0.29,0.32,0.28,-1.15,2.01,0.00,0.99,TRUE,FALSE,0.55,0.54,0.56,prot.7016,0.15,seq.20564.53,0.57,
THYN1_43189,OID43189,THYN1,Q9P016,3,0.00,97.29,9.38,1.20,0.14,22.00,0.79,0.49,0.87,-0.83,3.75,0.00,1.00,FALSE,FALSE,0.14,0.12,0.15,prot.7805,-0.02,seq.12424.107,-0.02,
TH_40658,OID40658,TH,P07101,1,0.00,77.73,40.73,0.42,0.53,22.00,-0.43,1.65,-0.46,-9.05,5.87,0.01,0.99,FALSE,FALSE,0.11,0.10,0.12,,,,,
TIA1_43190,OID43190,TIA1,P31483,3,0.00,60.75,59.57,1.47,0.87,22.00,1.71,1.36,1.77,-6.13,9.37,0.01,0.99,FALSE,FALSE,0.33,0.32,0.33,prot.821,0.32,seq.21885.196,0.43,
TICRR_40659,OID40659,TICRR,Q7Z2Z1,1,0.00,81.49,34.69,-0.78,0.58,22.00,-0.31,0.90,-0.44,-2.87,4.37,0.02,0.99,FALSE,FALSE,0.04,0.03,0.04,,,,,
TIE1_45278,OID45278,TIE1,P35590,6,1.11,1.97,7.55,0.05,0.11,21.00,0.51,0.32,0.52,-0.51,1.51,0.00,1.00,FALSE,FALSE,0.59,0.58,0.59,,,seq.2844.53,0.73,
TIGAR_44324,OID44324,TIGAR,Q9NQ88,4,0.00,41.82,12.78,-1.54,0.20,22.00,-1.10,0.58,-1.15,-2.73,4.42,0.02,0.99,FALSE,FALSE,0.19,0.18,0.20,prot.7901,-0.11,seq.12476.50,0.09,
TIGD1_40660,OID40660,TIGD1,Q96MW7,1,0.00,80.24,30.44,-0.81,0.39,22.00,-0.65,0.64,-0.72,-2.70,5.32,0.02,1.00,FALSE,FALSE,0.03,0.03,0.04,,,,,
TIGIT_43191,OID43191,TIGIT,Q495A1,3,0.00,50.87,24.27,-0.16,0.34,22.00,0.31,0.66,0.30,-1.72,6.32,0.00,0.88,FALSE,FALSE,0.17,0.17,0.17,,,seq.9638.2,0.17,
TIMD4_45424,OID45424,TIMD4,Q96H15,7,0.07,7.38,15.35,-0.68,0.23,22.00,-0.12,0.48,-0.13,-1.55,1.48,0.00,0.99,FALSE,FALSE,0.64,0.63,0.64,prot.4942,-0.02,seq.15449.33,0.86,
TIMM10_44980,OID44980,TIMM10,P62072,5,0.07,82.45,40.60,0.41,0.65,22.00,0.65,0.72,0.69,-5.71,3.84,0.00,0.98,FALSE,FALSE,0.26,0.25,0.26,prot.3031,0.23,seq.25215.1,0.25,
TIMM8A_44325,OID44325,TIMM8A,O60220,4,0.00,78.15,32.78,0.31,0.48,22.00,0.69,0.57,0.71,-1.75,3.54,0.00,0.98,FALSE,FALSE,0.25,0.25,0.26,prot.1289,0.32,seq.19148.58,0.29,
TIMP1_45425,OID45425,TIMP1,P01033,7,0.07,0.00,8.78,0.22,0.13,22.00,0.43,0.30,0.40,-0.43,1.64,0.00,1.00,FALSE,FALSE,0.59,0.58,0.60,prot.1649,0.17,seq.23173.3,0.68,
TIMP2_44981,OID44981,TIMP2,P16035,5,0.07,31.82,23.06,0.23,0.38,22.00,0.09,0.64,0.19,-2.99,5.55,0.00,1.00,FALSE,FALSE,0.30,0.30,0.31,prot.2132,0.24,seq.2278.61,0.24,
TIMP3_44982,OID44982,TIMP3,P35625,5,0.07,2.65,20.10,2.26,0.34,22.00,2.07,1.14,1.94,-1.99,7.14,0.00,0.95,TRUE,FALSE,0.71,0.70,0.72,prot.2543,0.85,seq.2480.58,0.81,
TIMP4_45279,OID45279,TIMP4,Q99727,6,1.11,5.14,9.81,0.18,0.15,21.00,-0.23,0.48,-0.23,-2.30,2.02,0.00,0.99,TRUE,TRUE,0.68,0.67,0.69,,,seq.6462.12,0.83,
TINAGL1_44983,OID44983,TINAGL1,Q9GZM7,5,0.07,0.00,8.99,0.59,0.13,22.00,0.71,0.28,0.70,-0.75,3.68,0.00,1.00,FALSE,FALSE,0.52,0.51,0.52,prot.5376,0.25,seq.11192.168,0.45,
TIPARP_40661,OID40661,TIPARP,Q7Z3E1,1,0.00,83.92,57.41,-1.26,0.95,22.00,-1.18,1.40,-1.10,-9.06,6.14,0.02,1.00,FALSE,FALSE,0.03,0.02,0.03,,,,,
TJAP1_44984,OID44984,TJAP1,Q5JTD0,5,0.07,1.04,19.22,1.51,0.27,22.00,1.79,0.58,1.81,-0.72,4.94,0.00,0.77,FALSE,FALSE,0.51,0.50,0.51,prot.3818,0.42,seq.35306.7,-0.06,
TJP3_43192,OID43192,TJP3,O95049,3,0.00,72.79,48.97,-0.72,0.75,22.00,-0.06,1.55,-0.07,-7.69,6.34,0.02,0.95,FALSE,FALSE,0.01,0.01,0.01,prot.1509,-0.03,,,
TK1_43193,OID43193,TK1,P04183,3,0.00,95.55,42.09,0.49,0.65,22.00,0.58,1.27,0.67,-7.11,5.79,0.02,0.69,FALSE,FALSE,0.14,0.14,0.15,,,seq.4301.58,0.16,
TLE2_40662,OID40662,TLE2,Q04725,1,0.00,68.96,232.62,-1.04,2.91,22.00,-0.88,3.38,-0.30,-6.73,9.33,0.00,0.00,FALSE,FALSE,0.01,0.01,0.01,prot.981,0.00,,,
TLE6_40663,OID40663,TLE6,Q9H808,1,0.00,51.64,165.78,2.20,2.76,22.00,1.54,3.59,0.83,-6.78,11.88,0.00,0.00,FALSE,FALSE,0.06,0.06,0.07,,,,,
TLR1_44326,OID44326,TLR1,Q15399,4,0.00,9.74,20.26,-0.36,0.30,22.00,0.34,0.48,0.34,-1.28,4.18,0.01,0.99,TRUE,TRUE,0.29,0.29,0.29,,,seq.16324.38,0.27,
TLR2_43194,OID43194,TLR2,O60603,3,0.00,91.44,39.17,-0.38,0.53,22.00,-0.47,0.74,-0.37,-4.26,3.00,0.01,0.99,FALSE,FALSE,0.05,0.04,0.05,prot.1323,0.00,seq.3835.11,0.01,
TLR3_44327,OID44327,TLR3,O15455,4,0.00,0.90,6.41,0.41,0.09,22.00,0.21,0.75,0.32,-2.36,2.46,0.00,1.00,TRUE,TRUE,0.54,0.52,0.54,,,seq.16918.198,0.64,
TLR4_43195,OID43195,TLR4,O00206,3,0.00,62.77,34.59,0.21,0.55,22.00,0.17,0.60,0.21,-1.66,8.48,0.00,0.99,TRUE,TRUE,0.24,0.24,0.25,,,seq.3647.49,0.30,
TLX1_41937,OID41937,TLX1,P31314,2,0.14,48.01,47.68,-2.33,0.69,22.00,-1.95,2.03,-2.16,-9.73,6.51,0.00,1.00,FALSE,FALSE,0.06,0.05,0.06,,,,,
TMA16_43196,OID43196,TMA16,Q96EY4,3,0.00,43.22,24.93,-0.79,0.35,22.00,-0.34,0.69,-0.43,-2.01,3.83,0.02,0.99,FALSE,FALSE,0.07,0.07,0.08,,,seq.22811.5,0.01,
TMCO5A_43197,OID43197,TMCO5A,Q8N6Q1,3,0.00,60.68,36.80,-0.88,0.59,22.00,-0.77,0.90,-0.75,-8.94,5.37,0.01,0.87,FALSE,FALSE,0.01,0.00,0.01,,,seq.6907.17,-0.08,
TMED10_43199,OID43199,TMED10,P49755,3,0.00,88.73,93.15,-2.37,2.69,22.00,-1.38,2.75,-0.68,-6.50,7.60,0.00,0.00,FALSE,FALSE,0.02,0.02,0.02,prot.2750,0.01,seq.6506.54,0.01,
TMED1_43198,OID43198,TMED1,Q13445,3,0.00,75.92,72.97,2.11,0.81,22.00,0.27,1.96,0.48,-6.90,7.36,0.04,0.98,FALSE,FALSE,0.05,0.05,0.06,prot.3422,0.03,,,
TMED4_43200,OID43200,TMED4,Q7Z7H5,3,0.00,78.78,33.51,0.06,0.53,22.00,0.00,0.60,0.00,-2.36,3.33,0.01,0.99,FALSE,FALSE,0.04,0.03,0.04,prot.4209,,seq.9319.59,0.00,
TMED8_44328,OID44328,TMED8,Q6PL24,4,0.00,1.11,22.97,2.15,0.33,22.00,2.13,0.72,2.10,-0.73,5.49,0.00,0.99,FALSE,FALSE,0.60,0.60,0.61,prot.4033,0.72,seq.30328.1,0.69,
TMEM106A_44329,OID44329,TMEM106A,Q96A25,4,0.00,5.43,17.21,0.69,0.25,22.00,1.26,0.74,1.20,-0.80,6.65,0.01,0.99,FALSE,FALSE,0.37,0.36,0.37,,,seq.10499.1,0.41,
TMEM108_43201,OID43201,TMEM108,Q6UXF1,3,0.00,80.86,35.66,-1.73,0.58,22.00,-1.15,0.74,-1.19,-3.44,3.82,0.01,0.99,FALSE,FALSE,0.06,0.06,0.06,prot.7354,0.10,seq.10583.1,-0.04,
TMEM131L_41938,OID41938,TMEM131L,A2VDJ0,2,0.14,74.49,202.68,-1.06,3.53,22.00,-0.58,3.08,-0.28,-6.21,8.20,0.00,0.00,FALSE,FALSE,0.01,0.01,0.01,,,,,
TMEM132A_44330,OID44330,TMEM132A,Q24JP5,4,0.00,51.84,31.45,-0.84,0.41,22.00,-0.79,0.89,-0.71,-5.19,2.85,0.00,1.00,TRUE,TRUE,0.16,0.16,0.17,,,seq.7871.16,0.14,
TMEM248_40664,OID40664,TMEM248,Q9NWD8,1,0.00,91.02,238.54,-1.37,3.21,22.00,-0.65,3.03,-0.17,-6.74,7.32,0.00,0.00,FALSE,FALSE,0.01,0.01,0.01,,,,,
TMEM25_44331,OID44331,TMEM25,Q86YD3,4,0.00,28.88,16.10,0.54,0.26,22.00,0.56,0.42,0.54,-0.82,3.88,0.02,0.95,TRUE,FALSE,0.18,0.18,0.19,,,seq.9014.18,0.02,
TMF1_44332,OID44332,TMF1,P82094,4,0.00,0.07,27.35,1.63,0.44,22.00,2.08,0.81,2.12,-1.80,5.76,0.01,0.96,FALSE,FALSE,0.44,0.44,0.45,,,,,4
TMOD2_41939,OID41939,TMOD2,Q9NZR1,2,0.14,56.52,46.12,0.56,0.72,22.00,0.70,0.85,0.63,-1.85,5.88,0.00,0.99,FALSE,FALSE,0.01,0.01,0.02,,,seq.12853.112,-0.20,
TMOD4_43202,OID43202,TMOD4,Q9NZQ9,3,0.00,82.67,57.38,0.04,0.92,22.00,0.26,1.27,0.31,-7.36,8.40,0.02,0.99,FALSE,FALSE,0.02,0.02,0.02,,,seq.23530.3,0.00,
TMPRSS11B_43203,OID43203,TMPRSS11B,Q86T26,3,0.00,78.84,50.67,-3.02,1.03,22.00,-2.05,1.48,-2.24,-9.70,5.63,0.02,0.98,FALSE,FALSE,-0.01,-0.02,-0.01,,,seq.10895.28,-0.08,
TMPRSS11D_44333,OID44333,TMPRSS11D,O60235,4,0.00,0.14,9.98,-0.76,0.15,22.00,-0.04,0.47,-0.07,-4.87,2.35,0.00,0.61,FALSE,FALSE,0.41,0.40,0.41,prot.7990,0.46,seq.6547.83,-0.05,
TMPRSS15_44334,OID44334,TMPRSS15,P98073,4,0.00,2.71,17.52,1.71,0.24,22.00,1.19,0.92,1.22,-1.84,4.64,0.00,0.99,FALSE,FALSE,0.19,0.16,0.19,,,seq.3189.61,-0.12,
TMPRSS4_40665,OID40665,TMPRSS4,Q9NRS4,1,0.00,83.02,186.08,0.98,2.40,22.00,0.80,2.80,0.06,-5.39,9.95,0.32,0.00,FALSE,FALSE,0.02,0.02,0.02,,,seq.28465.8,-0.01,
TMPRSS5_44335,OID44335,TMPRSS5,Q9H3S3,4,0.00,0.00,10.79,-0.31,0.16,22.00,0.24,0.47,0.27,-1.77,2.15,0.00,1.00,TRUE,TRUE,0.26,0.26,0.27,,,seq.8002.27,-0.01,
TMSB10_45280,OID45280,TMSB10,P63313,6,1.11,3.52,12.45,1.50,0.18,21.00,1.73,0.67,1.71,-1.10,5.38,0.00,1.00,FALSE,FALSE,0.57,0.56,0.57,,,,,
TMX2_40666,OID40666,TMX2,Q9Y320,1,0.00,72.09,40.04,-0.75,0.46,22.00,-0.73,1.07,-0.98,-3.31,8.57,0.05,1.00,FALSE,FALSE,0.03,0.03,0.04,prot.6165,0.01,seq.10675.223,-0.02,
TNC_45426,OID45426,TNC,P24821,7,0.07,0.00,11.89,-0.14,0.18,22.00,0.32,0.48,0.31,-1.01,2.03,0.00,0.99,TRUE,FALSE,0.62,0.61,0.62,prot.2339,0.71,seq.5738.25,0.69,
TNFAIP2_44336,OID44336,TNFAIP2,Q03169,4,0.00,26.51,22.35,0.78,0.32,22.00,0.81,0.41,0.80,-0.60,3.10,0.00,1.00,FALSE,FALSE,0.35,0.34,0.36,prot.3232,0.35,,,
TNFAIP6_44337,OID44337,TNFAIP6,P98066,4,0.00,0.07,8.90,-0.76,0.13,22.00,-0.13,0.66,-0.14,-2.51,2.32,0.00,0.98,TRUE,FALSE,0.64,0.64,0.65,prot.3160,0.75,seq.5036.50,0.78,
TNFAIP8L2_44985,OID44985,TNFAIP8L2,Q6P589,5,0.07,38.65,17.96,1.46,0.27,22.00,1.66,0.61,1.69,-0.97,5.39,0.00,0.99,FALSE,FALSE,0.52,0.51,0.52,prot.4009,0.54,,,
TNFAIP8_43205,OID43205,TNFAIP8,O95379,3,0.00,60.75,37.49,-0.03,0.53,22.00,-0.03,0.62,0.00,-2.24,5.61,0.00,1.00,FALSE,FALSE,0.17,0.17,0.17,prot.1540,0.26,seq.12563.2,0.32,
TNFRSF10A_44338,OID44338,TNFRSF10A,O00220,4,0.00,8.42,18.78,-0.30,0.29,22.00,0.02,0.40,0.02,-1.52,1.94,0.01,0.98,TRUE,FALSE,0.18,0.17,0.19,,,seq.4832.75,0.01,
TNFRSF10B_44339,OID44339,TNFRSF10B,O14763,4,0.00,0.00,7.81,-0.18,0.11,22.00,0.03,0.39,-0.02,-1.06,2.50,0.01,0.99,TRUE,FALSE,0.31,0.31,0.32,,,seq.7693.13,0.22,
TNFRSF10C_45281,OID45281,TNFRSF10C,O14798,6,1.11,9.57,16.72,-0.17,0.24,21.00,-0.21,0.53,-0.16,-3.51,1.36,0.00,0.87,FALSE,FALSE,0.42,0.42,0.43,prot.7814,0.26,,,
TNFRSF11A_44340,OID44340,TNFRSF11A,Q9Y6Q6,4,0.00,5.43,12.12,-0.40,0.17,22.00,0.31,0.47,0.29,-1.23,3.48,0.01,0.88,TRUE,FALSE,0.23,0.22,0.24,,,seq.5424.55,0.05,
TNFRSF11B_44986,OID44986,TNFRSF11B,O00300,5,0.07,0.00,10.75,0.17,0.15,22.00,-0.03,0.38,-0.05,-1.19,2.19,0.00,0.95,TRUE,FALSE,0.64,0.63,0.64,prot.1035,0.50,seq.8304.50,0.77,
TNFRSF12A_44987,OID44987,TNFRSF12A,Q9NP84,5,0.07,0.00,16.79,-0.16,0.22,22.00,-0.29,0.45,-0.32,-1.65,2.33,0.00,0.99,FALSE,FALSE,0.27,0.26,0.29,,,seq.5138.50,-0.05,
TNFRSF13B_44988,OID44988,TNFRSF13B,O14836,5,0.07,10.52,10.02,-0.86,0.15,22.00,0.15,0.40,0.14,-1.27,2.96,0.00,0.99,FALSE,FALSE,0.37,0.35,0.38,,,seq.2704.74,0.16,
TNFRSF13C_43206,OID43206,TNFRSF13C,Q96RJ3,3,0.00,64.79,19.57,0.56,0.27,22.00,0.62,0.56,0.61,-2.59,2.84,0.00,1.00,TRUE,FALSE,0.23,0.23,0.23,prot.5065,0.19,seq.5383.35,0.03,
TNFRSF14_44989,OID44989,TNFRSF14,Q92956,5,0.07,0.00,9.89,0.25,0.14,22.00,0.56,0.35,0.53,-0.56,3.03,0.00,0.71,FALSE,FALSE,0.35,0.34,0.35,prot.4775,0.13,seq.10472.53,0.17,
TNFRSF17_45282,OID45282,TNFRSF17,Q02223,6,1.11,1.97,12.18,-0.59,0.18,21.00,0.23,0.45,0.22,-2.05,3.16,0.00,0.99,FALSE,FALSE,0.60,0.60,0.61,prot.3213,0.39,seq.2665.26,0.71,
TNFRSF19_44341,OID44341,TNFRSF19,Q9NS68,4,0.00,0.00,10.82,0.32,0.16,22.00,0.28,0.43,0.25,-1.13,3.71,0.01,0.99,FALSE,FALSE,0.42,0.42,0.43,,,seq.5131.15,0.60,
TNFRSF1A_45283,OID45283,TNFRSF1A,P19438,6,1.11,27.73,12.57,-0.25,0.19,21.00,0.09,0.43,0.06,-2.12,2.91,0.00,0.76,FALSE,FALSE,0.56,0.55,0.56,,,seq.2654.19,0.65,
TNFRSF1B_45284,OID45284,TNFRSF1B,P20333,6,1.11,1.97,4.99,-0.40,0.07,21.00,0.02,0.42,0.00,-2.00,2.40,0.00,0.94,FALSE,FALSE,0.65,0.64,0.66,,,seq.8368.102,0.78,
TNFRSF21_44990,OID44990,TNFRSF21,O75509,5,0.07,0.00,6.45,-0.08,0.09,22.00,0.31,0.30,0.30,-0.83,1.89,0.00,1.00,FALSE,FALSE,0.58,0.58,0.59,,,seq.5404.53,0.67,
TNFRSF4_44342,OID44342,TNFRSF4,P43489,4,0.00,0.00,8.40,0.13,0.12,22.00,0.21,0.43,0.20,-1.30,2.40,0.01,0.96,FALSE,FALSE,0.29,0.28,0.29,,,seq.3730.81,0.20,
TNFRSF6B_44343,OID44343,TNFRSF6B,O95407,4,0.00,2.78,9.23,-0.29,0.13,22.00,0.15,0.67,0.11,-2.34,5.23,0.01,0.96,FALSE,FALSE,0.57,0.56,0.57,prot.1544,0.72,seq.5070.76,-0.01,
TNFRSF8_44991,OID44991,TNFRSF8,P28908,5,0.07,0.00,13.58,-0.37,0.18,22.00,0.33,0.50,0.29,-1.09,2.54,0.00,1.00,FALSE,FALSE,0.38,0.38,0.39,,,seq.2605.49,0.24,
TNFRSF9_44344,OID44344,TNFRSF9,Q07011,4,0.00,43.70,17.66,-0.41,0.27,22.00,0.26,0.50,0.25,-1.36,3.33,0.00,1.00,FALSE,FALSE,0.23,0.22,0.23,,,seq.2598.9,0.22,
TNFSF10_44345,OID44345,TNFSF10,P50591,4,0.00,0.00,9.64,0.61,0.14,22.00,0.83,0.29,0.83,-0.77,2.82,0.00,0.99,FALSE,FALSE,0.38,0.38,0.39,prot.2792,0.40,seq.8833.43,0.00,
TNFSF11_44346,OID44346,TNFSF11,O14788,4,0.00,8.56,19.95,-0.62,0.29,22.00,1.13,0.80,1.19,-1.53,4.68,0.00,0.99,FALSE,FALSE,0.27,0.26,0.28,,,seq.2917.3,0.14,
TNFSF12_44347,OID44347,TNFSF12,O43508,4,0.00,0.00,11.24,0.75,0.16,22.00,1.04,0.31,1.04,-0.32,2.69,0.00,0.95,FALSE,FALSE,0.44,0.43,0.45,prot.1244,0.13,seq.5939.42,0.52,
TNFSF13B_45285,OID45285,TNFSF13B,Q9Y275,6,1.11,1.97,11.39,0.28,0.17,21.00,0.50,0.36,0.50,-1.48,2.00,0.00,0.99,FALSE,FALSE,0.51,0.51,0.52,prot.6115,0.13,seq.3059.50,0.48,
TNFSF13_44992,OID44992,TNFSF13,O75888,5,0.07,10.72,9.14,0.85,0.13,22.00,0.75,0.28,0.74,-0.58,2.60,0.00,0.99,TRUE,TRUE,0.54,0.53,0.54,,,,,
TNFSF14_44348,OID44348,TNFSF14,O43557,4,0.00,5.01,9.12,0.18,0.13,22.00,0.72,0.48,0.72,-0.77,2.18,0.00,0.99,TRUE,TRUE,0.35,0.35,0.36,,,seq.5355.69,0.26,
TNFSF15_43207,OID43207,TNFSF15,O95150,3,0.00,49.41,28.45,0.56,0.48,22.00,1.23,0.59,1.25,-1.19,3.30,0.00,0.99,FALSE,FALSE,0.24,0.23,0.25,,,seq.2968.61,0.26,
TNFSF8_45286,OID45286,TNFSF8,P32971,6,1.11,71.57,32.05,-0.14,0.53,21.00,0.05,0.60,0.14,-3.34,1.54,0.00,1.00,FALSE,FALSE,0.22,0.21,0.23,,,seq.3421.54,0.24,
TNFSF9_43208,OID43208,TNFSF9,P41273,3,0.00,79.54,89.17,-0.40,1.07,22.00,0.25,1.20,0.26,-7.98,5.49,0.02,1.00,FALSE,FALSE,0.02,0.02,0.02,,,seq.2599.51,0.01,
TNF_43204,OID43204,TNF,P01375,3,0.00,7.38,41.30,0.51,0.71,22.00,0.86,0.77,0.86,-2.87,7.38,0.01,1.00,FALSE,FALSE,0.17,0.16,0.18,,,seq.5936.53,0.07,
TNIP1_44349,OID44349,TNIP1,Q15025,4,0.00,1.11,23.89,1.26,0.34,22.00,1.71,0.74,1.71,-1.66,5.30,0.01,0.87,FALSE,FALSE,0.31,0.31,0.32,prot.3570,0.12,seq.21282.21,-0.06,4
TNKS1BP1_40667,OID40667,TNKS1BP1,Q9C0C2,1,0.00,60.61,245.69,2.00,2.36,22.00,1.24,2.58,1.03,-6.94,8.14,0.08,0.01,FALSE,FALSE,0.09,0.08,0.09,prot.5366,0.07,seq.31512.52,0.07,
TNNC1_40668,OID40668,TNNC1,P63316,1,0.00,45.79,34.77,0.75,0.59,22.00,-0.01,1.44,-0.13,-3.63,4.61,0.00,0.99,FALSE,FALSE,0.51,0.50,0.51,prot.3100,0.91,seq.27314.75,0.00,
TNNI3_43209,OID43209,TNNI3,P19429,3,0.00,93.39,62.52,-0.58,1.08,22.00,-0.86,1.78,-0.52,-7.69,4.64,0.05,0.41,FALSE,FALSE,0.06,0.06,0.06,,,seq.5441.67,0.09,
TNNT2_40669,OID40669,TNNT2,P45379,1,0.00,86.43,31.16,0.12,0.41,22.00,-0.09,0.56,-0.07,-2.98,3.75,0.00,1.00,FALSE,FALSE,0.04,0.04,0.05,,,seq.5315.22,0.03,
TNN_45287,OID45287,TNN,Q9UQP3,6,1.11,1.97,9.39,0.45,0.14,21.00,0.82,0.48,0.83,-0.60,2.42,0.00,0.99,TRUE,TRUE,0.38,0.37,0.39,prot.7623,0.09,,,
TNRC18_43211,OID43211,TNRC18,O15417,3,0.00,64.30,21.29,1.66,0.31,22.00,-0.13,1.30,-0.22,-7.29,7.70,0.01,1.00,FALSE,FALSE,0.10,0.10,0.10,,,,,
TNRC6B_41940,OID41940,TNRC6B,Q9UPQ9,2,0.14,74.56,52.31,-0.14,0.82,22.00,0.27,0.97,0.27,-7.10,3.79,0.00,0.76,FALSE,FALSE,0.12,0.12,0.13,,,seq.9808.41,0.20,
TNR_44350,OID44350,TNR,Q92752,4,0.00,14.20,13.53,0.29,0.19,22.00,0.83,0.52,0.83,-0.96,2.63,0.00,1.00,TRUE,FALSE,0.50,0.49,0.50,,,seq.11302.237,0.53,
TNS4_40670,OID40670,TNS4,Q8IZW8,1,0.00,74.81,65.20,-2.53,1.38,22.00,-1.84,1.86,-1.74,-9.11,4.36,0.05,0.95,FALSE,FALSE,0.04,0.04,0.04,,,seq.9927.96,0.04,
TNXB_45288,OID45288,TNXB,P22105,6,1.11,7.46,8.00,0.14,0.11,21.00,0.18,0.34,0.19,-2.19,1.54,0.00,1.00,TRUE,TRUE,0.54,0.53,0.55,,,seq.5698.60,0.59,
TOGARAM1_41941,OID41941,TOGARAM1,Q9Y4F4,2,0.14,74.29,34.54,-1.32,0.57,22.00,-0.67,1.01,-0.83,-3.69,6.76,0.00,1.00,FALSE,FALSE,0.03,0.03,0.03,,,,,
TOGARAM2_43212,OID43212,TOGARAM2,Q6ZUX3,3,0.00,67.85,7.67,-0.01,0.11,22.00,0.01,0.33,-0.04,-0.70,5.29,0.03,0.99,FALSE,FALSE,0.14,0.14,0.15,,,,,
TOM1L1_43213,OID43213,TOM1L1,O75674,3,0.00,13.08,28.48,0.91,0.42,22.00,1.79,0.67,1.74,-0.13,7.25,0.01,0.99,FALSE,FALSE,0.22,0.21,0.23,,,seq.13652.2,-0.04,
TOM1L2_44351,OID44351,TOM1L2,Q6ZVM7,4,0.00,51.15,66.56,1.39,0.92,22.00,1.78,1.38,1.96,-5.75,8.16,0.01,1.00,FALSE,FALSE,0.34,0.33,0.34,prot.4107,0.40,seq.19356.20,0.10,
TOMM20_44993,OID44993,TOMM20,Q15388,5,0.07,53.55,38.43,1.79,0.64,22.00,2.14,0.85,2.15,-0.87,7.56,0.00,0.96,FALSE,FALSE,0.44,0.44,0.45,prot.3621,0.33,seq.20408.11,0.45,
TOMM34_41942,OID41942,TOMM34,Q15785,2,0.14,47.11,45.41,1.08,0.68,22.00,1.90,1.12,1.88,-2.87,8.20,0.00,0.99,FALSE,FALSE,0.34,0.33,0.36,prot.3657,0.51,seq.27219.93,0.49,
TOP1MT_43214,OID43214,TOP1MT,Q969P6,3,0.00,81.70,52.43,-1.28,0.75,22.00,-0.95,1.62,-1.09,-8.79,7.44,0.02,1.00,FALSE,FALSE,0.03,0.03,0.03,,,,,
TOP1_44352,OID44352,TOP1,P11387,4,0.00,23.52,17.42,0.01,0.26,22.00,-0.54,1.97,0.02,-5.87,3.28,0.00,0.00,FALSE,FALSE,0.18,0.18,0.20,prot.2024,0.03,seq.2876.74,0.01,
TOP2B_44353,OID44353,TOP2B,Q02880,4,0.00,18.23,25.16,0.35,0.34,22.00,0.45,0.64,0.44,-2.23,4.15,0.00,0.91,FALSE,FALSE,0.28,0.27,0.28,prot.3224,0.24,,,
TOP6BL_40671,OID40671,TOP6BL,Q8N6T0,1,0.00,76.20,189.44,0.07,2.88,22.00,0.25,3.46,0.11,-5.94,12.39,0.00,0.00,FALSE,FALSE,0.01,0.01,0.01,,,,,
TOR1AIP1_44354,OID44354,TOR1AIP1,Q5JTV8,4,0.00,16.08,18.31,0.71,0.26,22.00,1.33,0.73,1.35,-1.12,4.79,0.00,0.99,TRUE,TRUE,0.32,0.32,0.33,prot.3819,0.25,seq.10606.34,0.15,
TOX3_43216,OID43216,TOX3,O15405,3,0.00,53.79,31.41,-0.06,0.43,22.00,0.16,0.46,0.14,-1.24,4.08,0.01,0.75,FALSE,FALSE,0.04,0.03,0.04,,,seq.12717.65,-0.03,
TOX_43215,OID43215,TOX,O94900,3,0.00,31.59,23.40,0.21,0.36,22.00,0.76,0.55,0.77,-1.03,3.73,0.00,0.99,FALSE,FALSE,0.17,0.16,0.17,,,seq.31752.49,0.11,
TP53BP1_43218,OID43218,TP53BP1,Q12888,3,0.00,62.98,37.47,-0.36,0.61,22.00,0.40,0.86,0.31,-3.53,3.70,0.01,1.00,FALSE,FALSE,0.15,0.15,0.16,,,,,
TP53BP2_41943,OID41943,TP53BP2,Q13625,2,0.14,34.36,49.16,0.41,0.63,22.00,1.14,1.05,1.01,-1.47,6.69,0.00,0.99,FALSE,FALSE,0.26,0.25,0.27,,,,,
TP53I3_44994,OID44994,TP53I3,Q53FA7,5,0.07,0.00,9.53,0.83,0.13,22.00,0.80,0.48,0.77,-0.57,3.28,0.00,0.99,TRUE,TRUE,0.64,0.63,0.64,prot.3780,0.18,seq.17748.21,0.82,
TP53INP1_44355,OID44355,TP53INP1,Q96A56,4,0.00,87.13,12.10,-0.17,0.17,22.00,0.13,0.53,0.04,-0.89,4.54,0.04,0.99,FALSE,FALSE,0.13,0.12,0.14,,,,,
TP53INP2_43219,OID43219,TP53INP2,Q8IXH6,3,0.00,52.47,37.37,0.10,0.52,22.00,-0.16,0.53,-0.19,-1.86,2.66,0.01,1.00,FALSE,FALSE,0.13,0.13,0.14,,,,,
TP53_43217,OID43217,TP53,P04637,3,0.00,73.70,41.80,0.35,0.89,22.00,0.73,1.04,0.84,-7.03,7.76,0.01,1.00,FALSE,FALSE,0.10,0.10,0.10,,,seq.6168.11,0.04,
TP73_43220,OID43220,TP73,O15350,3,0.00,95.96,275.23,0.58,2.94,22.00,-0.08,2.76,0.43,-6.66,7.52,0.00,0.72,FALSE,FALSE,0.03,0.02,0.03,,,seq.33269.3,-0.02,
TPBGL_43221,OID43221,TPBGL,P0DKB5,3,0.00,85.53,44.36,-0.29,0.60,22.00,-0.10,0.95,-0.08,-8.26,5.51,0.01,0.99,FALSE,FALSE,0.01,0.00,0.01,,,seq.34108.33,-0.05,
TPD52L2_44996,OID44996,TPD52L2,O43399,5,0.07,6.75,25.51,3.30,0.37,22.00,3.32,0.77,3.36,-0.57,7.28,0.00,0.99,FALSE,FALSE,0.64,0.64,0.64,prot.1235,0.53,seq.23265.15,0.70,
TPD52L3_41944,OID41944,TPD52L3,Q96J77,2,0.14,99.23,11.26,1.46,0.18,22.00,0.50,0.77,0.50,-1.90,5.44,0.00,0.99,FALSE,FALSE,0.20,0.19,0.20,,,,,
TPD52_44995,OID44995,TPD52,P55327,5,0.07,0.00,17.66,1.46,0.21,22.00,1.61,0.67,1.62,-2.61,4.98,0.00,0.99,TRUE,FALSE,0.62,0.62,0.63,,,seq.25832.12,0.70,
TPGS2_41945,OID41945,TPGS2,Q68CL5,2,0.14,68.85,44.84,-0.59,0.67,22.00,-0.33,1.39,-0.52,-6.48,7.96,0.00,0.93,FALSE,FALSE,0.01,0.01,0.01,,,seq.20436.93,-0.01,
TPK1_44997,OID44997,TPK1,Q9H3S4,5,0.07,3.48,7.04,0.45,0.10,22.00,0.26,0.34,0.25,-5.89,1.67,0.00,0.97,TRUE,FALSE,0.31,0.31,0.32,,,seq.12018.84,0.01,
TPM3_43222,OID43222,TPM3,P06753,3,0.00,80.51,46.94,0.13,0.65,22.00,-0.16,1.11,-0.15,-8.12,4.96,0.01,0.99,FALSE,FALSE,0.07,0.07,0.08,prot.1840,0.00,seq.12372.50,0.15,
TPMT_43223,OID43223,TPMT,P51580,3,0.00,78.22,47.85,0.35,0.57,22.00,0.73,0.91,0.66,-3.03,7.63,0.01,0.99,FALSE,FALSE,0.24,0.23,0.24,prot.2820,0.26,seq.11218.84,0.03,
TPP1_44998,OID44998,TPP1,O14773,5,0.07,0.00,8.66,0.24,0.13,22.00,-0.13,0.36,-0.15,-2.32,2.61,0.00,1.00,FALSE,FALSE,0.60,0.60,0.61,prot.1115,0.20,seq.17691.1,0.63,
TPPP2_43224,OID43224,TPPP2,P59282,3,0.00,75.78,13.37,2.18,0.20,22.00,-3.38,1.72,-3.55,-11.16,4.44,0.03,1.00,FALSE,FALSE,0.10,0.09,0.10,,,seq.12800.5,0.04,
TPPP3_43225,OID43225,TPPP3,Q9BW30,3,0.00,53.38,26.58,0.41,0.47,22.00,0.31,0.77,0.27,-1.92,5.77,0.01,0.99,TRUE,FALSE,0.32,0.32,0.33,prot.5275,0.40,seq.20444.12,0.45,
TPRG1L_40672,OID40672,TPRG1L,Q5T0D9,1,0.00,73.56,124.41,-3.32,2.69,22.00,-1.32,2.50,-0.74,-7.27,7.33,0.01,0.00,FALSE,FALSE,0.03,0.03,0.03,prot.3854,0.05,,,
TPRKB_43227,OID43227,TPRKB,Q9Y3C4,3,0.00,77.87,27.04,-0.51,0.43,22.00,-0.25,0.81,-0.36,-3.02,6.27,0.04,0.99,FALSE,FALSE,0.04,0.04,0.04,prot.6179,0.02,seq.12417.46,-0.05,
TPRN_43228,OID43228,TPRN,Q4KMQ1,3,0.00,93.95,55.89,0.02,1.79,22.00,0.23,1.38,0.40,-6.94,7.32,0.02,0.99,FALSE,FALSE,0.04,0.04,0.04,,,seq.32069.26,0.04,
TPR_43226,OID43226,TPR,P12270,3,0.00,73.49,47.20,-1.22,0.81,22.00,-0.92,0.82,-0.89,-8.46,3.59,0.01,0.99,FALSE,FALSE,0.05,0.05,0.06,prot.2046,-0.01,,,
TPSAB1_44356,OID44356,TPSAB1,Q15661,4,0.00,26.79,11.50,0.41,0.16,22.00,0.17,0.57,0.21,-3.91,2.36,0.01,0.99,TRUE,FALSE,0.54,0.53,0.54,prot.7508,0.11,seq.9409.11,0.71,
TPSD1_43229,OID43229,TPSD1,Q9BZJ3,3,0.00,59.71,29.91,0.10,0.40,22.00,0.18,0.80,0.18,-3.30,5.08,0.00,0.99,TRUE,TRUE,0.19,0.19,0.19,,,,,
TPT1_43231,OID43231,TPT1,P13693,3,0.00,81.49,66.77,-0.18,1.16,22.00,0.63,2.03,0.74,-6.95,8.70,0.04,0.85,FALSE,FALSE,0.08,0.07,0.08,,,seq.26294.9,0.08,
TPX2_41946,OID41946,TPX2,Q9ULW0,2,0.14,84.74,77.45,-0.61,1.11,22.00,-0.29,1.48,-0.19,-7.84,4.86,0.00,1.00,FALSE,FALSE,0.02,0.02,0.02,,,,,
TRAF2_44357,OID44357,TRAF2,Q12933,4,0.00,0.42,29.06,1.62,0.38,22.00,1.79,0.61,1.76,-0.22,5.50,0.00,0.79,FALSE,FALSE,0.45,0.44,0.46,prot.3351,0.41,,,
TRAF3IP1_40673,OID40673,TRAF3IP1,Q8TDR0,1,0.00,71.89,67.59,-0.63,2.01,22.00,-0.92,2.42,-0.30,-7.21,7.37,0.05,0.00,FALSE,FALSE,0.01,0.01,0.02,,,seq.28397.10,0.00,
TRAF3IP2_43233,OID43233,TRAF3IP2,O43734,3,0.00,85.59,28.66,-0.59,0.41,22.00,-0.87,0.87,-0.89,-4.22,5.05,0.01,0.98,FALSE,FALSE,0.05,0.05,0.05,,,,,
TRAF3_43232,OID43232,TRAF3,Q13114,3,0.00,67.78,44.23,0.46,0.67,22.00,0.40,0.87,0.42,-7.86,3.95,0.00,1.00,FALSE,FALSE,0.02,0.02,0.02,prot.6600,-0.13,,,
TRAFD1_41947,OID41947,TRAFD1,O14545,2,0.14,32.75,35.13,2.03,0.49,22.00,1.91,0.90,1.93,-2.40,5.66,0.00,1.00,FALSE,FALSE,0.44,0.43,0.45,prot.1085,0.51,,,
TRAK1_43234,OID43234,TRAK1,Q9UPV9,3,0.00,20.95,27.14,0.97,0.40,22.00,1.28,0.70,1.27,-1.14,5.85,0.00,0.99,FALSE,FALSE,0.19,0.18,0.20,,,seq.31759.9,-0.05,
TRAPPC4_43235,OID43235,TRAPPC4,Q9Y296,3,0.00,92.21,27.47,0.34,0.37,22.00,0.48,0.88,0.34,-1.59,6.41,0.03,1.00,FALSE,FALSE,0.07,0.07,0.07,prot.6123,-0.01,seq.7007.24,0.02,
TRDMT1_43236,OID43236,TRDMT1,O14717,3,0.00,64.86,39.61,-2.89,0.79,22.00,-2.52,1.07,-2.56,-10.67,5.51,0.02,0.98,FALSE,FALSE,0.09,0.09,0.10,,,seq.12635.9,0.12,
TREH_45289,OID45289,TREH,O43280,6,1.11,19.00,8.00,2.51,0.12,21.00,-0.49,1.70,-0.19,-7.31,2.91,0.00,0.92,TRUE,TRUE,0.54,0.52,0.55,,,,,
TREM2_44999,OID44999,TREM2,Q9NZC2,5,0.07,12.67,10.46,-0.85,0.15,22.00,-0.15,0.73,-0.17,-2.55,2.48,0.00,0.99,FALSE,FALSE,0.66,0.65,0.67,prot.7621,0.60,seq.5635.66,0.89,
TREML1_45427,OID45427,TREML1,Q86YW5,7,0.07,16.02,28.62,1.97,0.38,22.00,2.31,0.75,2.33,-1.96,6.11,0.00,0.91,FALSE,FALSE,0.54,0.53,0.54,prot.4295,0.55,seq.9329.28,0.48,
TREML2_45290,OID45290,TREML2,Q5T2D2,6,1.11,8.37,15.04,-0.11,0.23,21.00,0.30,0.46,0.30,-2.75,4.05,0.00,0.98,TRUE,TRUE,0.51,0.51,0.51,prot.3864,0.04,seq.5736.1,0.49,
TRERF1_41948,OID41948,TRERF1,Q96PN7,2,0.14,88.22,46.32,0.10,0.65,22.00,0.10,1.12,0.09,-7.18,4.69,0.00,0.89,FALSE,FALSE,0.03,0.03,0.03,,,,,
TRIAP1_44358,OID44358,TRIAP1,O43715,4,0.00,0.90,10.96,0.13,0.17,22.00,0.42,0.33,0.40,-0.46,2.82,0.01,0.99,FALSE,FALSE,0.20,0.19,0.21,,,seq.18277.28,-0.06,
TRIM14_41949,OID41949,TRIM14,Q14142,2,0.14,86.69,39.59,-0.64,0.69,22.00,-0.21,1.07,-0.20,-8.42,5.65,0.00,0.99,FALSE,FALSE,0.03,0.03,0.03,,,,,
TRIM17_40674,OID40674,TRIM17,Q9Y577,1,0.00,67.50,34.04,-0.36,0.43,22.00,0.01,0.93,-0.16,-2.28,7.75,0.04,0.99,FALSE,FALSE,0.05,0.05,0.06,,,,,
TRIM21_44359,OID44359,TRIM21,P19474,4,0.00,11.20,16.79,1.53,0.24,22.00,1.68,0.56,1.71,-2.29,4.28,0.01,0.99,FALSE,FALSE,0.42,0.41,0.43,prot.2202,0.44,seq.22015.2,0.10,
TRIM24_43237,OID43237,TRIM24,O15164,3,0.00,70.22,37.24,0.27,0.49,22.00,0.50,0.67,0.47,-1.84,5.89,0.01,0.96,FALSE,FALSE,0.13,0.13,0.13,,,,,
TRIM25_44360,OID44360,TRIM25,Q14258,4,0.00,0.07,23.91,2.75,0.36,22.00,3.38,0.83,3.44,-1.05,7.16,0.01,0.99,FALSE,FALSE,0.61,0.61,0.61,prot.3506,0.70,seq.28783.10,0.32,
TRIM26_43238,OID43238,TRIM26,Q12899,3,0.00,76.83,96.58,-0.68,1.87,22.00,-0.30,1.48,-0.19,-7.75,7.37,0.02,0.99,FALSE,FALSE,0.03,0.03,0.03,prot.3344,0.05,seq.29985.87,0.04,
TRIM31_40675,OID40675,TRIM31,Q9BZY9,1,0.00,68.82,49.24,-1.71,0.77,22.00,-0.94,1.11,-0.91,-8.23,5.82,0.01,0.98,FALSE,FALSE,0.05,0.04,0.05,,,,,
TRIM39_43239,OID43239,TRIM39,Q9HCM9,3,0.00,51.98,64.37,0.98,0.74,22.00,1.59,1.42,1.47,-3.36,8.38,0.00,1.00,FALSE,FALSE,0.27,0.26,0.29,,,,,
TRIM40_43240,OID43240,TRIM40,Q6P9F5,3,0.00,70.29,30.96,-0.60,0.45,22.00,-0.51,0.54,-0.51,-2.74,2.80,0.01,1.00,FALSE,FALSE,0.14,0.13,0.14,prot.4015,0.17,seq.22815.4,0.24,
TRIM41_41950,OID41950,TRIM41,Q8WV44,2,0.14,49.34,39.65,0.18,0.52,22.00,0.36,1.01,0.39,-3.81,5.62,0.00,0.99,FALSE,FALSE,0.11,0.11,0.12,,,,,
TRIM47_41951,OID41951,TRIM47,Q96LD4,2,0.14,63.21,25.69,0.52,0.38,22.00,0.44,0.78,0.37,-2.40,5.31,0.00,0.50,TRUE,TRUE,0.11,0.10,0.11,,,seq.33250.45,-0.02,
TRIM54_41952,OID41952,TRIM54,Q9BYV2,2,0.14,91.78,54.99,-0.28,0.80,22.00,0.06,1.46,0.02,-7.11,7.06,0.00,0.99,FALSE,FALSE,0.01,0.01,0.01,,,seq.22816.4,-0.03,
TRIM58_44362,OID44362,TRIM58,Q8NG06,4,0.00,0.21,24.68,2.48,0.32,22.00,3.12,0.86,3.16,-0.85,6.56,0.01,0.99,TRUE,TRUE,0.56,0.56,0.57,prot.4540,0.62,,,
TRIM5_44361,OID44361,TRIM5,Q9C035,4,0.00,50.73,26.17,1.05,0.44,22.00,1.24,0.64,1.24,-1.54,4.15,0.00,0.99,TRUE,TRUE,0.41,0.40,0.41,prot.5361,0.47,seq.21438.45,-0.01,
TRIM60_41953,OID41953,TRIM60,Q495X7,2,0.14,59.86,14.34,0.00,0.19,22.00,0.10,0.50,0.02,-2.38,5.54,0.00,0.99,FALSE,FALSE,0.16,0.15,0.16,,,,,
TRIM69_43241,OID43241,TRIM69,Q86WT6,3,0.00,74.39,17.74,0.12,0.26,22.00,0.15,0.42,0.13,-1.36,3.92,0.01,0.98,FALSE,FALSE,0.11,0.11,0.12,,,,,
TRIOBP_41954,OID41954,TRIOBP,Q9H2D6,2,0.14,76.03,21.42,0.65,0.32,22.00,-2.54,1.56,-2.48,-9.67,3.69,0.00,0.99,FALSE,FALSE,0.06,0.05,0.06,prot.5443,0.00,seq.30578.4,0.00,
TRIP10_41955,OID41955,TRIP10,Q15642,2,0.14,82.37,76.14,-0.81,1.11,22.00,0.17,1.22,0.09,-7.78,6.35,0.00,0.95,FALSE,FALSE,0.03,0.03,0.03,prot.3639,0.04,seq.17676.13,0.02,
TRIP11_44363,OID44363,TRIP11,Q15643,4,0.00,2.92,27.10,2.67,0.45,22.00,3.13,0.94,3.20,-2.29,6.89,0.01,0.96,FALSE,FALSE,0.42,0.41,0.43,prot.3640,0.43,,,4
TRIP13_41956,OID41956,TRIP13,Q15645,2,0.14,57.70,178.18,-0.45,3.13,22.00,1.26,3.11,0.96,-5.93,9.17,0.00,0.00,FALSE,FALSE,0.07,0.07,0.07,prot.3641,0.10,,,
TRMO_40676,OID40676,TRMO,Q9BU70,1,0.00,83.37,44.94,-0.93,0.66,22.00,-0.51,1.13,-0.49,-8.52,5.12,0.01,0.99,FALSE,FALSE,0.01,0.01,0.01,,,seq.26836.18,-0.01,
TRMT10C_45000,OID45000,TRMT10C,Q7L0Y3,5,0.07,8.98,41.40,3.22,0.64,22.00,3.26,0.92,3.26,-1.13,8.40,0.00,0.92,FALSE,FALSE,0.55,0.55,0.56,prot.4132,0.53,,,
TRMT13_40677,OID40677,TRMT13,Q9NUP7,1,0.00,91.16,43.79,0.11,0.63,22.00,0.06,0.68,0.09,-4.58,3.81,0.00,0.83,FALSE,FALSE,0.05,0.04,0.05,,,,,
TRMT9B_41957,OID41957,TRMT9B,Q9P272,2,0.14,76.59,53.28,0.02,0.94,22.00,0.46,1.49,0.43,-7.17,9.73,0.00,1.00,FALSE,FALSE,0.03,0.03,0.04,,,,,
TRPC4AP_41958,OID41958,TRPC4AP,Q8TEL6,2,0.14,85.99,76.60,-0.57,1.99,22.00,0.02,1.93,0.17,-7.30,7.53,0.00,0.53,FALSE,FALSE,0.02,0.02,0.02,,,,,
TRPC4_40678,OID40678,TRPC4,Q9UBN4,1,0.00,93.67,78.15,-0.64,1.83,22.00,-0.39,1.62,-0.12,-7.39,7.89,0.04,0.75,FALSE,FALSE,0.02,0.02,0.02,,,,,
TRPC5OS_41959,OID41959,TRPC5OS,A6NMA1,2,0.14,93.45,47.73,-0.08,0.69,22.00,-0.10,1.01,-0.05,-7.45,6.53,0.00,1.00,FALSE,FALSE,0.02,0.02,0.03,,,,,
TRPS1_40679,OID40679,TRPS1,Q9UHF7,1,0.00,91.93,38.66,0.57,0.55,22.00,0.28,0.82,0.32,-7.95,5.37,0.00,1.00,FALSE,FALSE,0.06,0.05,0.06,,,,,
TRPV1_41960,OID41960,TRPV1,Q8NER1,2,0.14,85.23,60.61,-0.46,0.88,22.00,-0.17,1.07,-0.22,-6.68,6.40,0.00,0.85,FALSE,FALSE,0.01,0.01,0.01,,,seq.34404.64,-0.01,
TRPV3_43242,OID43242,TRPV3,Q8NET8,3,0.00,88.10,46.99,-0.94,0.73,22.00,-0.56,1.00,-0.61,-7.78,7.36,0.02,1.00,FALSE,FALSE,0.02,0.01,0.02,,,seq.35276.137,-0.01,
TSC1_43243,OID43243,TSC1,Q92574,3,0.00,61.86,57.23,-1.74,1.15,22.00,-1.31,1.54,-1.15,-8.42,4.75,0.03,0.99,FALSE,FALSE,0.11,0.11,0.12,,,seq.29429.80,0.22,
TSC22D1_44364,OID44364,TSC22D1,Q15714,4,0.00,45.86,22.67,0.62,0.34,22.00,0.71,0.62,0.69,-1.90,4.47,0.01,0.95,FALSE,FALSE,0.23,0.22,0.23,prot.3648,0.19,seq.33736.5,0.06,
TSC22D3_41961,OID41961,TSC22D3,Q99576,2,0.14,2.16,19.21,3.01,0.27,22.00,3.64,0.85,3.67,-0.86,6.84,0.00,0.99,FALSE,FALSE,0.51,0.50,0.52,prot.5121,0.54,seq.21280.13,-0.05,
TSGA10IP_40680,OID40680,TSGA10IP,Q3SY00,1,0.00,82.81,84.20,-1.67,2.50,22.00,-0.02,1.87,0.14,-7.97,6.65,0.03,0.99,FALSE,FALSE,0.03,0.02,0.03,prot.3749,0.05,,,
TSGA10_41962,OID41962,TSGA10,Q9BZW7,2,0.14,79.79,30.15,0.00,0.49,22.00,0.09,0.77,0.03,-2.25,7.68,0.00,1.00,FALSE,FALSE,0.03,0.03,0.03,,,seq.34928.54,0.03,
TSHB_45001,OID45001,TSHB,P01222,5,0.07,0.91,14.59,1.01,0.20,22.00,0.47,1.02,0.51,-5.23,7.75,0.00,0.62,FALSE,FALSE,0.75,0.74,0.76,,,seq.31546.1,0.91,
TSHZ2_41963,OID41963,TSHZ2,Q9NRE2,2,0.14,74.22,28.35,2.23,0.36,22.00,-0.61,1.01,-0.76,-3.62,7.40,0.00,1.00,FALSE,FALSE,0.07,0.06,0.07,,,,,
TSLP_43244,OID43244,TSLP,Q969D9,3,0.00,55.53,27.56,-0.62,0.43,22.00,-0.26,0.92,-0.40,-2.13,7.51,0.03,0.99,FALSE,FALSE,0.07,0.06,0.07,,,seq.3010.53,0.08,
TSNAXIP1_40681,OID40681,TSNAXIP1,Q2TAA8,1,0.00,83.16,88.81,-0.46,2.42,22.00,0.71,1.73,0.78,-7.46,6.24,0.02,1.00,FALSE,FALSE,0.05,0.05,0.05,,,,,
TSPAN13_41964,OID41964,TSPAN13,O95857,2,0.14,85.92,61.25,-0.27,0.99,22.00,0.13,1.45,0.30,-7.22,5.12,0.00,0.99,FALSE,FALSE,0.00,0.00,0.00,prot.7397,-0.04,,,
TSPAN15_43245,OID43245,TSPAN15,O95858,3,0.00,71.54,62.27,-1.24,1.95,22.00,0.36,1.70,0.30,-7.40,8.98,0.02,0.99,FALSE,FALSE,0.03,0.03,0.04,prot.1587,0.02,,,
TSPAN1_44365,OID44365,TSPAN1,O60635,4,0.00,46.42,10.34,-0.01,0.15,22.00,0.21,0.48,0.09,-0.42,4.38,0.04,0.97,FALSE,FALSE,0.19,0.19,0.19,,,,,
TSPAN7_43246,OID43246,TSPAN7,P41732,3,0.00,93.04,77.81,-1.88,2.07,22.00,-0.92,1.91,-0.78,-8.14,5.92,0.04,0.13,FALSE,FALSE,0.02,0.02,0.02,,,,,
TSPAN8_44366,OID44366,TSPAN8,P19075,4,0.00,13.15,15.97,-0.01,0.21,22.00,-0.79,1.28,-0.80,-4.54,4.30,0.00,1.00,TRUE,TRUE,0.26,0.26,0.27,prot.7953,0.14,,,
TSPOAP1_41965,OID41965,TSPOAP1,O95153,2,0.14,63.34,41.18,-0.26,0.51,22.00,0.25,1.07,0.12,-3.34,10.26,0.00,0.90,FALSE,FALSE,0.01,0.01,0.01,prot.6490,-0.04,,,
TSPY3_TSPY10_41966,OID41966,TSPY3_TSPY10,P0CV98_P0CW01,2,0.14,90.94,25.24,-0.29,0.37,22.00,0.00,0.74,-0.08,-2.55,7.84,0.00,0.92,FALSE,FALSE,NA,NA,NA,,,,,
TSPYL1_44367,OID44367,TSPYL1,Q9H0U9,4,0.00,37.02,18.41,0.20,0.28,22.00,0.48,0.46,0.44,-1.12,4.84,0.01,1.00,FALSE,FALSE,0.18,0.18,0.19,,,,,
TSPYL5_41967,OID41967,TSPYL5,Q86VY4,2,0.14,65.99,21.14,-0.08,0.31,22.00,0.09,0.66,-0.02,-1.43,5.74,0.00,0.99,FALSE,FALSE,0.07,0.07,0.07,,,seq.28160.28,0.08,
TSR3_40682,OID40682,TSR3,Q9UJK0,1,0.00,75.50,48.33,0.54,0.68,22.00,0.41,1.16,0.30,-2.80,6.53,0.01,1.00,FALSE,FALSE,0.05,0.05,0.06,,,seq.7018.10,0.04,
TSSC4_41968,OID41968,TSSC4,Q9Y5U2,2,0.14,61.11,24.86,0.40,0.40,22.00,0.90,0.67,0.86,-1.85,4.78,0.00,0.87,FALSE,FALSE,0.32,0.30,0.32,prot.7507,0.13,seq.18181.2,0.43,
TST_43248,OID43248,TST,Q16762,3,0.00,55.53,22.31,0.77,0.31,22.00,0.70,0.56,0.68,-1.61,3.81,0.00,0.55,FALSE,FALSE,0.26,0.26,0.27,prot.3712,0.27,seq.12663.16,0.31,
TTBK1_43249,OID43249,TTBK1,Q5TCY1,3,0.00,68.68,90.60,0.35,0.61,22.00,-2.08,1.63,-2.32,-10.60,9.35,0.02,1.00,FALSE,FALSE,0.11,0.11,0.11,,,,,
TTC12_41969,OID41969,TTC12,Q9H892,2,0.14,80.00,398.20,-1.15,2.93,22.00,-0.19,2.60,0.12,-6.64,10.96,0.00,0.00,FALSE,FALSE,0.01,0.01,0.01,,,,,
TTC14_41970,OID41970,TTC14,Q96N46,2,0.14,81.53,40.14,-0.15,0.72,22.00,-0.13,1.11,-0.10,-6.69,5.50,0.00,0.99,FALSE,FALSE,0.02,0.02,0.02,,,,,
TTC16_41971,OID41971,TTC16,Q8NEE8,2,0.14,80.35,48.89,-0.03,0.96,22.00,0.25,0.88,0.20,-2.71,4.63,0.00,1.00,FALSE,FALSE,0.02,0.02,0.02,,,,,
TTC1_43250,OID43250,TTC1,Q99614,3,0.00,73.63,35.21,-0.75,0.46,22.00,-0.16,0.96,-0.24,-2.98,8.57,0.02,0.85,FALSE,FALSE,0.05,0.05,0.05,prot.5125,0.05,seq.9864.38,0.06,
TTC21A_41972,OID41972,TTC21A,Q8NDW8,2,0.14,91.29,36.60,-0.84,0.51,22.00,-0.65,0.91,-0.80,-3.13,6.56,0.00,0.98,FALSE,FALSE,0.02,0.02,0.03,,,,,
TTC24_40683,OID40683,TTC24,A2A3L6,1,0.00,65.97,45.47,0.13,0.61,22.00,0.14,0.97,-0.01,-2.48,7.48,0.02,0.98,FALSE,FALSE,0.03,0.03,0.03,,,,,
TTC32_43251,OID43251,TTC32,Q5I0X7,3,0.00,55.53,25.04,1.49,0.36,22.00,0.78,0.78,0.75,-1.56,5.85,0.01,0.89,TRUE,TRUE,0.18,0.16,0.18,,,seq.20440.36,0.06,
TTC5_41973,OID41973,TTC5,Q8N0Z6,2,0.14,92.06,83.64,-2.67,2.57,22.00,-1.73,2.09,-1.25,-7.71,6.06,0.00,0.00,FALSE,FALSE,0.01,0.01,0.01,prot.4383,-0.01,,,
TTF2_43252,OID43252,TTF2,Q9UNY4,3,0.00,61.59,44.08,0.68,0.67,22.00,1.31,1.24,1.32,-7.49,6.04,0.01,0.98,TRUE,FALSE,0.30,0.29,0.31,prot.6909,0.34,,,
TTLL4_41974,OID41974,TTLL4,Q14679,2,0.14,57.91,21.94,-0.10,0.33,22.00,0.14,0.70,0.01,-1.53,5.82,0.00,1.00,FALSE,FALSE,0.10,0.10,0.11,,,,,
TTLL5_40684,OID40684,TTLL5,Q6EMB2,1,0.00,82.53,80.16,-1.33,1.06,22.00,-0.90,1.45,-0.83,-7.92,6.72,0.02,0.99,FALSE,FALSE,0.02,0.02,0.02,,,,,
TTLL6_40685,OID40685,TTLL6,Q8N841,1,0.00,73.14,36.42,-0.50,0.53,22.00,-0.15,0.78,-0.20,-2.35,4.81,0.01,0.71,FALSE,FALSE,0.04,0.04,0.05,,,,,
TTLL7_40686,OID40686,TTLL7,Q6ZT98,1,0.00,83.37,64.48,-0.71,0.98,22.00,0.02,1.74,0.13,-7.99,7.39,0.03,1.00,FALSE,FALSE,0.03,0.03,0.03,,,,,
TTN_43253,OID43253,TTN,Q8WZ42,3,0.00,85.80,34.28,-0.19,0.47,22.00,-0.16,0.95,-0.13,-3.87,5.57,0.02,1.00,FALSE,FALSE,0.23,0.23,0.24,prot.4701,0.39,seq.11352.42,0.30,
TTR_45501,OID45501,TTR,P02766,8,0.84,0.00,7.10,1.15,0.11,22.00,0.41,0.34,0.41,-0.86,1.48,0.00,0.85,FALSE,FALSE,0.29,0.28,0.31,prot.25,0.00,,,
TUBA1C_41975,OID41975,TUBA1C,Q9BQE3,2,0.14,93.80,110.37,-1.66,1.92,22.00,-0.60,1.67,-0.38,-7.19,6.40,0.00,0.68,FALSE,FALSE,0.00,0.00,0.00,,,seq.30339.65,-0.03,
TUBB3_43254,OID43254,TUBB3,Q13509,3,0.00,89.21,76.22,-0.03,1.69,22.00,0.14,1.24,0.31,-7.89,2.62,0.02,1.00,FALSE,FALSE,0.05,0.04,0.05,,,,,
TUBB8B_40687,OID40687,TUBB8B,A6NNZ2,1,0.00,79.05,99.91,-0.52,1.24,22.00,-0.61,2.23,-0.39,-8.04,8.41,0.06,0.15,FALSE,FALSE,0.02,0.02,0.03,,,,,
TUBB8_43255,OID43255,TUBB8,Q3ZCM7,3,0.00,98.26,32.26,0.22,0.50,22.00,0.15,0.60,0.17,-2.60,4.91,0.01,0.90,FALSE,FALSE,0.06,0.06,0.06,,,,,
TUBG2_41976,OID41976,TUBG2,Q9NRH3,2,0.14,90.45,50.80,-0.81,1.59,22.00,-0.17,1.22,-0.05,-7.40,5.22,0.00,1.00,FALSE,FALSE,0.02,0.02,0.02,,,seq.31938.13,0.02,
TUBGCP5_40688,OID40688,TUBGCP5,Q96RT8,1,0.00,81.49,52.94,1.30,0.72,22.00,-1.02,2.06,-0.73,-8.59,7.03,0.06,0.04,FALSE,FALSE,0.03,0.03,0.03,prot.5075,0.03,,,
TULP4_41977,OID41977,TULP4,Q9NRJ4,2,0.14,55.47,24.40,-0.43,0.39,22.00,0.15,0.75,0.00,-1.65,5.90,0.00,0.99,FALSE,FALSE,0.07,0.07,0.08,,,,,
TUT4_40689,OID40689,TUT4,Q5TAX3,1,0.00,79.47,69.46,-1.68,2.17,22.00,-3.50,2.79,-2.52,-8.12,4.22,0.00,0.00,FALSE,FALSE,0.04,0.03,0.04,,,,,
TWF2_45291,OID45291,TWF2,Q6IBS0,6,1.11,8.73,16.44,1.39,0.23,21.00,1.48,0.57,1.47,-0.57,5.22,0.00,0.96,FALSE,FALSE,0.65,0.65,0.66,prot.3973,0.66,seq.23396.21,0.72,
TWNK_41978,OID41978,TWNK,Q96RR1,2,0.14,70.73,39.44,-0.10,0.66,22.00,0.35,0.69,0.28,-1.44,5.11,0.00,1.00,FALSE,FALSE,0.07,0.06,0.07,,,,,
TXK_43256,OID43256,TXK,P42681,3,0.00,59.29,36.52,-3.86,0.57,22.00,-2.58,1.41,-2.84,-6.80,6.30,0.01,0.99,FALSE,FALSE,0.10,0.09,0.10,,,,,
TXLNA_44368,OID44368,TXLNA,P40222,4,0.00,7.24,18.80,1.26,0.28,22.00,1.49,0.65,1.50,-0.94,4.64,0.00,0.98,FALSE,FALSE,0.38,0.38,0.39,prot.2591,0.24,seq.9065.28,0.33,
TXLNB_43257,OID43257,TXLNB,Q8N3L3,3,0.00,72.58,18.59,-0.91,0.28,22.00,-0.76,0.54,-0.81,-2.33,2.64,0.02,0.98,FALSE,FALSE,0.07,0.07,0.08,,,seq.28537.13,0.05,
TXLNGY_41979,OID41979,TXLNGY,Q9BZA5,2,0.14,60.00,312.33,1.04,2.10,22.00,-0.13,3.17,0.37,-6.45,11.75,0.00,0.00,FALSE,FALSE,NA,NA,NA,,,seq.34751.150,-0.05,
TXNDC15_45002,OID45002,TXNDC15,Q96J42,5,0.07,8.91,13.47,0.08,0.19,22.00,0.53,0.43,0.49,-0.68,2.37,0.00,0.98,TRUE,FALSE,0.43,0.43,0.44,prot.4976,0.16,seq.6366.38,0.41,
TXNDC5_45003,OID45003,TXNDC5,Q8NBS9,5,0.07,10.86,22.39,0.33,0.31,22.00,0.84,0.47,0.81,-0.43,4.91,0.00,1.00,FALSE,FALSE,0.49,0.48,0.49,prot.4488,0.47,seq.11212.7,0.49,
TXNDC9_44369,OID44369,TXNDC9,O14530,4,0.00,57.90,23.76,0.57,0.36,22.00,0.99,0.73,0.95,-1.78,5.78,0.01,0.99,FALSE,FALSE,0.40,0.39,0.40,prot.1083,0.59,seq.23303.131,0.20,
TXNL1_43258,OID43258,TXNL1,O43396,3,0.00,93.95,46.42,-0.32,0.65,22.00,-0.10,0.90,-0.15,-3.53,5.49,0.01,1.00,FALSE,FALSE,0.05,0.04,0.05,prot.1234,-0.01,seq.21475.137,0.00,
TXNRD1_45292,OID45292,TXNRD1,Q16881,6,1.11,4.71,8.58,0.41,0.13,21.00,0.51,0.37,0.49,-1.17,3.33,0.00,1.00,FALSE,FALSE,0.60,0.59,0.60,,,seq.13967.14,0.69,
TXNRD3NB_41980,OID41980,TXNRD3NB,Q6F5E7,2,0.14,82.58,24.11,-0.09,0.35,22.00,0.17,0.50,0.11,-1.47,3.74,0.00,0.97,FALSE,FALSE,NA,NA,NA,,,seq.21361.8,-0.01,
TXN_45428,OID45428,TXN,P10599,7,0.07,81.20,326.41,0.88,3.37,22.00,1.31,2.26,1.12,-7.97,10.87,0.00,1.00,FALSE,FALSE,0.17,0.16,0.18,prot.1985,0.07,seq.8813.160,0.02,
TYMP_45004,OID45004,TYMP,P19971,5,0.07,16.09,15.19,0.03,0.20,22.00,0.30,0.48,0.27,-1.14,3.31,0.00,0.96,TRUE,FALSE,0.45,0.45,0.46,prot.2216,0.43,seq.11361.73,0.41,
TYMS_43259,OID43259,TYMS,P04818,3,0.00,29.23,18.70,-0.55,0.27,22.00,0.12,0.75,0.05,-2.28,4.49,0.01,0.99,FALSE,FALSE,0.10,0.10,0.11,,,seq.5035.7,-0.10,
TYRO3_45005,OID45005,TYRO3,Q06418,5,0.07,0.00,7.28,0.00,0.10,22.00,0.28,0.30,0.28,-1.09,1.23,0.00,0.99,TRUE,FALSE,0.43,0.43,0.45,,,seq.2611.72,0.37,
TYRP1_44370,OID44370,TYRP1,P17643,4,0.00,18.86,16.91,0.38,0.25,22.00,-0.04,0.54,-0.06,-2.92,2.78,0.01,0.85,FALSE,FALSE,0.30,0.30,0.31,,,seq.21441.20,0.33,
TYW1_41981,OID41981,TYW1,Q9NV66,2,0.14,91.92,145.67,-1.26,2.04,22.00,-0.45,2.17,-0.10,-6.79,7.39,0.00,0.00,FALSE,FALSE,0.01,0.01,0.01,,,,,
TYW5_41982,OID41982,TYW5,A2RUC4,2,0.14,46.20,30.18,1.09,0.41,22.00,1.64,0.80,1.62,-2.30,6.46,0.00,0.78,FALSE,FALSE,0.43,0.42,0.44,prot.516,0.31,seq.21131.109,0.56,
UACA_45006,OID45006,UACA,Q9BZF9,5,0.07,0.14,26.48,3.73,0.39,22.00,4.02,0.80,4.08,-0.26,7.78,0.00,0.82,FALSE,FALSE,0.62,0.61,0.62,prot.5345,0.70,,,4
UBA1_41983,OID41983,UBA1,P22314,2,0.14,96.24,91.59,-0.26,2.17,22.00,-0.05,1.99,0.25,-6.87,6.95,0.00,0.08,FALSE,FALSE,0.07,0.06,0.07,prot.2279,0.05,seq.21760.22,0.11,
UBA52_40690,OID40690,UBA52,P62987,1,0.00,60.19,25.89,-0.15,0.33,22.00,0.14,0.65,0.03,-1.44,5.78,0.03,0.99,FALSE,FALSE,0.10,0.09,0.11,,,,,
UBAC1_44371,OID44371,UBAC1,Q9BSL1,4,0.00,0.00,24.23,0.78,0.26,22.00,0.89,0.50,0.83,-0.36,3.26,0.00,0.99,FALSE,FALSE,0.58,0.57,0.58,prot.5216,0.42,seq.25480.21,0.80,
UBAP2_41984,OID41984,UBAP2,Q5T6F2,2,0.14,66.06,45.07,0.52,0.63,22.00,0.63,1.16,0.56,-3.72,8.36,0.00,1.00,FALSE,FALSE,0.12,0.11,0.12,,,,,
UBASH3A_41985,OID41985,UBASH3A,P57075,2,0.14,54.29,27.11,0.16,0.40,22.00,0.76,0.74,0.70,-1.64,5.59,0.00,0.76,FALSE,FALSE,0.08,0.07,0.09,,,seq.21529.6,-0.01,
UBE2B_44372,OID44372,UBE2B,P63146,4,0.00,37.65,32.14,1.00,0.47,22.00,1.50,0.71,1.45,-0.55,7.06,0.01,1.00,FALSE,FALSE,0.20,0.19,0.20,,,seq.9865.40,-0.03,
UBE2D2_41986,OID41986,UBE2D2,P62837,2,0.14,75.96,55.32,-0.22,0.81,22.00,0.29,1.12,0.16,-6.66,7.30,0.00,0.99,FALSE,FALSE,0.03,0.03,0.04,,,seq.18842.24,0.02,
UBE2E2_40691,OID40691,UBE2E2,Q96LR5,1,0.00,64.09,60.90,-0.56,0.67,22.00,-0.16,0.96,-0.31,-2.17,7.74,0.03,0.99,FALSE,FALSE,0.05,0.04,0.05,,,seq.28619.32,0.01,
UBE2L6_45007,OID45007,UBE2L6,O14933,5,0.07,15.39,16.97,1.08,0.24,22.00,1.36,0.51,1.34,-0.87,4.66,0.00,1.00,FALSE,FALSE,0.45,0.44,0.45,prot.1129,0.34,seq.19190.4,0.17,
UBE2U_40692,OID40692,UBE2U,Q5VVX9,1,0.00,65.14,61.40,-3.91,0.90,22.00,-2.83,1.73,-3.12,-10.91,6.78,0.03,0.99,FALSE,FALSE,0.05,0.05,0.06,,,,,
UBE2Z_43260,OID43260,UBE2Z,Q9H832,3,0.00,66.18,87.57,-0.95,1.09,22.00,-0.03,1.10,-0.03,-7.85,7.93,0.01,0.88,FALSE,FALSE,0.09,0.08,0.09,prot.5513,0.12,seq.21110.5,0.14,
UBE4B_41987,OID41987,UBE4B,O95155,2,0.14,68.57,39.91,-1.07,0.57,22.00,-0.51,1.44,-0.71,-7.41,8.72,0.00,0.99,FALSE,FALSE,0.03,0.03,0.03,prot.1515,0.01,,,
UBL4A_44373,OID44373,UBL4A,P11441,4,0.00,0.00,24.92,1.97,0.34,22.00,2.34,0.57,2.33,0.81,4.91,0.00,0.98,FALSE,FALSE,0.43,0.43,0.44,prot.2026,0.31,seq.11490.42,0.29,
UBL4B_43261,OID43261,UBL4B,Q8N7F7,3,0.00,69.38,48.52,-0.70,0.90,22.00,0.44,1.42,0.25,-3.49,7.09,0.02,1.00,FALSE,FALSE,0.02,0.02,0.02,,,seq.34759.42,-0.01,
UBN2_40693,OID40693,UBN2,Q6ZU65,1,0.00,79.75,52.60,-4.00,1.08,22.00,-3.55,1.50,-3.49,-11.13,1.73,0.03,0.95,FALSE,FALSE,0.03,0.03,0.04,,,seq.32093.2,0.01,
UBOX5_41988,OID41988,UBOX5,O94941,2,0.14,25.85,17.53,0.73,0.24,22.00,1.14,0.57,1.07,-0.36,5.06,0.00,0.99,FALSE,FALSE,0.13,0.12,0.14,,,seq.30822.92,-0.19,
UBQLN3_43262,OID43262,UBQLN3,Q9H347,3,0.00,75.78,31.89,-0.09,0.44,22.00,-0.04,0.74,-0.09,-2.72,5.24,0.02,1.00,FALSE,FALSE,0.03,0.03,0.03,,,seq.21849.2,0.02,
UBQLNL_41989,OID41989,UBQLNL,Q8IYU4,2,0.14,77.63,35.10,-1.56,0.55,22.00,-0.86,1.10,-0.99,-4.60,6.53,0.00,0.90,FALSE,FALSE,0.01,0.01,0.02,,,,,
UBR1_40694,OID40694,UBR1,Q8IWV7,1,0.00,60.19,33.30,-0.40,0.43,22.00,-0.06,0.61,-0.11,-2.56,4.30,0.02,1.00,FALSE,FALSE,0.07,0.07,0.08,prot.4335,0.06,,,
UBR2_41990,OID41990,UBR2,Q8IWV8,2,0.14,60.21,71.31,1.38,1.11,22.00,1.54,1.46,1.70,-6.08,5.56,0.00,1.00,FALSE,FALSE,0.18,0.17,0.18,prot.4336,0.17,,,
UBR7_40695,OID40695,UBR7,Q8N806,1,0.00,86.36,61.64,-3.00,1.16,22.00,-2.27,1.30,-2.19,-9.53,4.92,0.02,0.97,FALSE,FALSE,0.02,0.02,0.03,,,seq.30446.199,0.01,
UBTD2_43263,OID43263,UBTD2,Q8WUN7,3,0.00,24.43,29.26,0.28,0.51,22.00,0.31,0.70,0.24,-1.83,5.19,0.02,0.97,FALSE,FALSE,0.11,0.11,0.12,,,seq.12875.28,0.00,
UBTFL1_43265,OID43265,UBTFL1,P0CB47,3,0.00,72.44,25.45,-0.50,0.42,22.00,-0.33,0.73,-0.44,-2.28,4.20,0.02,0.99,FALSE,FALSE,0.04,0.04,0.04,,,seq.34970.50,0.04,
UBTF_43264,OID43264,UBTF,P17480,3,0.00,75.85,36.08,-0.41,0.53,22.00,-0.19,0.68,-0.23,-2.58,6.32,0.01,0.99,FALSE,FALSE,0.05,0.05,0.05,,,seq.29199.21,0.06,
UBXN10_40696,OID40696,UBXN10,Q96LJ8,1,0.00,95.27,70.62,-1.68,0.97,22.00,-1.62,1.59,-1.42,-8.97,4.80,0.03,0.88,FALSE,FALSE,0.02,0.02,0.02,,,seq.31427.4,0.00,
UBXN11_41991,OID41991,UBXN11,Q5T124,2,0.14,82.16,86.97,-0.51,1.66,22.00,-0.20,2.06,0.08,-6.89,5.27,0.00,0.18,FALSE,FALSE,0.01,0.01,0.01,,,seq.31602.15,0.01,
UBXN1_45008,OID45008,UBXN1,Q04323,5,0.07,84.33,48.45,0.48,0.79,22.00,0.61,0.95,0.69,-5.68,4.37,0.00,0.99,FALSE,FALSE,0.21,0.20,0.22,prot.776,0.23,seq.29773.6,0.01,
UBXN2A_40697,OID40697,UBXN2A,P68543,1,0.00,78.64,28.40,-0.20,0.40,22.00,0.16,0.70,0.08,-1.69,8.65,0.02,1.00,FALSE,FALSE,0.06,0.06,0.06,,,seq.28601.107,0.09,
UBXN2B_44374,OID44374,UBXN2B,Q14CS0,4,0.00,14.61,17.39,1.29,0.26,22.00,1.11,0.52,1.09,-0.73,4.31,0.01,1.00,FALSE,FALSE,0.35,0.34,0.35,,,seq.18435.40,0.24,
UBXN6_41992,OID41992,UBXN6,Q9BZV1,2,0.14,73.17,44.60,-2.57,0.82,22.00,-2.21,1.50,-2.20,-10.12,7.33,0.00,0.99,FALSE,FALSE,0.18,0.17,0.18,prot.5356,0.37,seq.31620.53,0.33,
UCK1_40698,OID40698,UCK1,Q9HA47,1,0.00,96.52,53.30,-0.04,0.79,22.00,0.21,0.89,0.20,-3.05,5.62,0.01,0.99,FALSE,FALSE,0.04,0.04,0.04,prot.5537,0.00,seq.23364.3,-0.04,
UCMA_41993,OID41993,UCMA,Q8WVF2,2,0.14,82.37,64.79,-0.04,0.76,22.00,0.18,0.81,0.11,-2.88,3.53,0.00,0.97,FALSE,FALSE,0.03,0.02,0.03,,,seq.10977.55,0.01,
UFD1_44375,OID44375,UFD1,Q92890,4,0.00,51.15,33.36,2.89,0.49,22.00,3.53,1.09,3.50,-1.47,8.98,0.01,1.00,FALSE,FALSE,0.57,0.56,0.58,prot.4763,0.69,seq.17411.55,0.68,
UGDH_43266,OID43266,UGDH,O60701,3,0.00,75.71,29.58,1.33,0.51,22.00,0.28,1.23,0.09,-3.46,8.39,0.03,0.91,FALSE,FALSE,0.06,0.06,0.07,prot.1332,0.02,seq.17755.5,0.00,
UGGT1_43267,OID43267,UGGT1,Q9NYU2,3,0.00,76.27,12.69,0.07,0.18,22.00,0.29,0.31,0.27,-0.68,2.16,0.00,0.99,FALSE,FALSE,0.16,0.16,0.17,prot.5801,0.13,,,
UHRF2_44376,OID44376,UHRF2,Q96PU4,4,0.00,62.14,56.84,-0.57,0.77,22.00,-0.03,1.24,-0.17,-6.77,8.83,0.03,1.00,FALSE,FALSE,0.10,0.10,0.11,,,,,
ULK2_41994,OID41994,ULK2,Q8IYT8,2,0.14,75.68,34.98,-0.35,0.55,22.00,0.14,0.71,0.07,-2.20,5.13,0.00,0.98,FALSE,FALSE,0.06,0.06,0.07,,,,,
ULK4_41995,OID41995,ULK4,Q96C45,2,0.14,66.20,26.32,-2.07,0.41,22.00,-1.56,1.09,-1.75,-5.07,4.61,0.00,1.00,FALSE,FALSE,0.06,0.06,0.06,,,,,
UMAD1_43269,OID43269,UMAD1,C9J7I0,3,0.00,34.24,21.36,2.03,0.33,22.00,2.46,0.69,2.45,-0.23,6.17,0.01,0.99,FALSE,FALSE,0.42,0.42,0.43,prot.636,0.36,seq.34768.71,0.15,
UMOD_45293,OID45293,UMOD,P07911,6,1.11,2.25,5.90,0.99,0.08,21.00,0.26,0.60,0.31,-2.28,1.70,0.00,0.99,TRUE,FALSE,0.34,0.34,0.35,,,seq.9451.20,0.06,
UNC45A_41996,OID41996,UNC45A,Q9H3U1,2,0.14,64.88,58.95,1.04,0.85,22.00,1.59,0.99,1.58,-4.22,6.51,0.00,0.59,FALSE,FALSE,0.27,0.26,0.28,,,seq.13082.9,0.31,
UNC5D_43270,OID43270,UNC5D,Q6UXZ4,3,0.00,43.77,27.12,0.16,0.39,22.00,0.15,0.52,0.15,-1.75,2.48,0.00,1.00,FALSE,FALSE,0.28,0.28,0.29,prot.7453,-0.03,seq.16307.22,0.47,
UNC79_43271,OID43271,UNC79,Q9P2D8,3,0.00,48.92,28.80,-0.04,0.44,22.00,0.76,0.81,0.72,-2.25,5.54,0.01,0.99,FALSE,FALSE,0.19,0.19,0.20,,,,,
UNG_44378,OID44378,UNG,P13051,4,0.00,89.98,18.86,1.15,0.29,22.00,0.92,0.65,0.98,-1.96,4.25,0.01,1.00,FALSE,FALSE,0.14,0.14,0.14,,,seq.22821.50,0.00,
UNKL_41997,OID41997,UNKL,Q9H9P5,2,0.14,81.18,59.10,0.64,0.76,22.00,0.51,1.42,0.61,-7.09,5.97,0.00,1.00,FALSE,FALSE,0.03,0.03,0.03,,,seq.33224.36,-0.03,
UPB1_45009,OID45009,UPB1,Q9UBR1,5,0.07,60.45,25.38,1.34,0.37,22.00,0.85,1.38,0.92,-7.10,4.94,0.00,0.99,FALSE,FALSE,0.60,0.59,0.62,prot.5897,0.88,seq.22091.14,-0.13,
UPF3A_43272,OID43272,UPF3A,Q9H1J1,3,0.00,81.42,33.22,0.40,0.53,22.00,0.62,0.93,0.57,-3.40,8.62,0.02,0.99,FALSE,FALSE,0.07,0.07,0.07,prot.7360,,seq.32570.1,0.02,
UPF3B_45010,OID45010,UPF3B,Q9BZI7,5,0.07,20.54,15.81,0.41,0.23,22.00,0.73,0.45,0.69,-0.52,3.32,0.00,0.84,FALSE,FALSE,0.44,0.44,0.45,prot.5348,0.47,,,
UPK3A_44379,OID44379,UPK3A,O75631,4,0.00,91.30,12.70,-0.42,0.20,22.00,-0.37,0.63,-0.41,-2.46,4.58,0.03,1.00,FALSE,FALSE,0.07,0.06,0.07,,,seq.35389.20,-0.04,
UPK3BL1_43273,OID43273,UPK3BL1,B0FP48,3,0.00,64.86,87.85,-6.28,2.47,22.00,-4.80,2.67,-4.46,-10.95,5.28,0.03,0.00,FALSE,FALSE,0.00,-0.01,0.00,,,seq.6633.43,-0.05,
UQCC2_41998,OID41998,UQCC2,Q9BRT2,2,0.14,75.05,80.27,-2.22,2.17,22.00,-1.23,1.76,-0.97,-8.02,4.57,0.00,0.50,FALSE,FALSE,0.05,0.05,0.05,prot.5199,0.10,,,
URAD_41999,OID41999,URAD,A6NGE7,2,0.14,94.98,83.99,-0.76,1.94,22.00,-0.34,1.57,-0.17,-7.29,5.90,0.00,0.99,FALSE,FALSE,0.02,0.02,0.02,,,seq.31629.25,0.00,
UROD_45011,OID45011,UROD,P06132,5,0.07,7.66,18.96,2.53,0.24,22.00,2.52,0.64,2.51,0.46,5.59,0.00,1.00,TRUE,FALSE,0.59,0.58,0.60,prot.1818,0.59,seq.19289.29,0.48,
UROS_44380,OID44380,UROS,P10746,4,0.00,42.52,30.22,-0.39,0.53,22.00,0.15,1.16,-0.17,-2.57,6.98,0.05,1.00,FALSE,FALSE,0.19,0.19,0.19,prot.1996,0.15,seq.11248.43,0.25,
USH1C_42000,OID42000,USH1C,Q9Y6N9,2,0.14,57.77,43.56,-0.57,0.57,22.00,0.51,1.05,0.38,-2.65,10.28,0.00,0.89,FALSE,FALSE,0.06,0.06,0.06,,,seq.17725.37,0.00,
USH1G_42001,OID42001,USH1G,Q495M9,2,0.14,71.85,70.83,-0.60,1.85,22.00,-0.15,2.00,0.14,-7.19,6.66,0.00,0.01,FALSE,FALSE,0.02,0.02,0.02,,,seq.29353.41,0.01,
USHBP1_40700,OID40700,USHBP1,Q8N6Y0,1,0.00,59.50,20.39,-0.43,0.27,22.00,-0.15,0.91,-0.37,-1.92,5.82,0.04,1.00,FALSE,FALSE,0.04,0.04,0.04,,,seq.28191.3,0.00,
USO1_44381,OID44381,USO1,O60763,4,0.00,35.49,41.17,1.77,0.52,22.00,2.12,0.77,2.14,-2.14,5.54,0.01,0.99,FALSE,FALSE,0.50,0.50,0.51,prot.1339,0.62,seq.13639.101,0.61,
USP11_40701,OID40701,USP11,P51784,1,0.00,87.68,78.99,-0.22,0.96,22.00,0.12,1.13,0.18,-8.04,6.08,0.01,0.99,FALSE,FALSE,0.02,0.02,0.02,,,seq.21762.32,-0.04,
USP25_44382,OID44382,USP25,Q9UHP3,4,0.00,1.25,21.25,1.38,0.32,22.00,1.77,0.58,1.78,-0.27,5.05,0.01,1.00,FALSE,FALSE,0.37,0.36,0.37,prot.6890,0.06,seq.9215.117,0.26,
USP28_44383,OID44383,USP28,Q96RU2,4,0.00,22.96,22.88,0.03,0.28,22.00,0.26,0.52,0.19,-1.05,4.54,0.02,1.00,FALSE,FALSE,0.10,0.09,0.10,,,seq.19562.8,-0.06,
USP31_42002,OID42002,USP31,Q70CQ4,2,0.14,70.03,32.14,0.77,0.47,22.00,0.84,1.22,0.68,-3.33,7.89,0.00,1.00,FALSE,FALSE,0.14,0.13,0.14,prot.4116,0.12,,,
USP33_42003,OID42003,USP33,Q8TEY7,2,0.14,84.18,66.61,-0.68,1.98,22.00,-0.18,1.77,0.06,-7.05,6.57,0.00,0.36,FALSE,FALSE,0.03,0.03,0.03,,,,,
USP34_42004,OID42004,USP34,Q70CQ2,2,0.14,54.91,105.32,-3.26,2.77,22.00,-1.83,2.50,-1.24,-7.40,7.58,0.00,0.00,FALSE,FALSE,0.02,0.02,0.02,prot.4115,-0.02,,,
USP36_40702,OID40702,USP36,Q9P275,1,0.00,43.49,52.95,-0.22,0.84,22.00,0.21,1.42,0.02,-6.59,7.31,0.02,1.00,FALSE,FALSE,0.07,0.06,0.07,,,,,
USP37_42005,OID42005,USP37,Q86T82,2,0.14,61.25,67.11,-4.15,1.00,22.00,-2.91,1.59,-2.90,-10.67,5.15,0.00,1.00,FALSE,FALSE,0.02,0.02,0.02,,,seq.31070.19,-0.04,
USP42_40703,OID40703,USP42,Q9H9J4,1,0.00,81.07,40.37,-2.37,0.64,22.00,-2.34,1.16,-2.34,-10.09,3.27,0.02,0.99,FALSE,FALSE,0.05,0.05,0.05,,,,,
USP43_40704,OID40704,USP43,Q70EL4,1,0.00,33.82,49.82,-0.33,0.58,22.00,-0.06,1.37,-0.27,-3.94,9.17,0.01,0.54,FALSE,FALSE,0.13,0.13,0.13,,,,,
USP47_43274,OID43274,USP47,Q96K76,3,0.00,74.11,65.33,-3.88,2.06,22.00,-2.70,2.25,-2.40,-9.40,3.45,0.08,0.00,FALSE,FALSE,0.07,0.07,0.08,prot.4997,0.10,seq.32135.35,0.00,
USP48_40705,OID40705,USP48,Q86UV5,1,0.00,79.33,44.35,-0.64,0.76,22.00,0.21,1.19,0.09,-4.04,8.03,0.02,0.62,FALSE,FALSE,0.01,0.00,0.01,,,seq.28068.7,-0.05,
USP8_44384,OID44384,USP8,P40818,4,0.00,9.26,17.38,1.33,0.24,22.00,1.79,0.61,1.77,-0.55,5.45,0.00,0.72,FALSE,FALSE,0.50,0.49,0.50,prot.2599,0.54,seq.13450.49,0.56,
USP9X_42006,OID42006,USP9X,Q93008,2,0.14,85.71,32.78,-0.04,0.46,22.00,0.26,0.78,0.22,-4.10,5.55,0.00,0.97,FALSE,FALSE,0.05,0.04,0.05,prot.4782,0.01,,,
VAMP4_42007,OID42007,VAMP4,O75379,2,0.14,80.70,28.43,-0.86,0.46,22.00,-0.64,0.73,-0.72,-3.47,4.55,0.00,0.99,FALSE,FALSE,0.04,0.03,0.04,prot.1401,0.03,seq.7732.45,-0.02,
VAMP5_43275,OID43275,VAMP5,O95183,3,0.00,58.94,33.32,0.67,0.47,22.00,0.89,0.89,0.80,-2.01,6.83,0.01,1.00,FALSE,FALSE,0.18,0.18,0.19,prot.1521,0.19,seq.26136.3,0.02,
VAMP8_44385,OID44385,VAMP8,Q9BV40,4,0.00,9.05,23.64,2.40,0.37,22.00,2.62,0.72,2.63,-0.63,5.68,0.01,0.99,FALSE,FALSE,0.51,0.51,0.51,prot.5253,0.56,seq.7064.2,-0.07,
VASH1_44386,OID44386,VASH1,Q7L8A9,4,0.00,31.25,28.69,0.97,0.38,22.00,1.35,0.74,1.28,-0.62,5.76,0.00,0.95,TRUE,FALSE,0.41,0.40,0.41,prot.7110,0.39,seq.27607.5,0.06,
VASN_45429,OID45429,VASN,Q6EMK4,7,0.07,0.00,11.09,0.12,0.16,22.00,0.38,0.31,0.38,-0.68,2.01,0.00,0.98,TRUE,TRUE,0.52,0.51,0.52,prot.6660,0.00,seq.5682.13,0.61,
VASP_45430,OID45430,VASP,P50552,7,0.07,20.26,28.19,1.35,0.38,22.00,1.48,0.56,1.46,-0.42,4.25,0.00,0.99,FALSE,FALSE,0.54,0.54,0.55,prot.2787,0.60,seq.9762.14,0.52,
VAT1_44387,OID44387,VAT1,Q99536,4,0.00,4.80,23.38,-0.44,1.05,22.00,-0.61,1.10,-0.37,-7.75,1.19,0.06,0.98,FALSE,FALSE,0.20,0.19,0.20,prot.5114,0.13,seq.18175.65,0.14,
VAV3_44388,OID44388,VAV3,Q9UKW4,4,0.00,0.70,22.66,2.08,0.33,22.00,2.91,0.81,2.91,-0.70,7.54,0.01,0.97,FALSE,FALSE,0.60,0.59,0.60,prot.6018,0.66,seq.9830.109,0.13,4
VAX1_42008,OID42008,VAX1,Q5SQQ9,2,0.14,76.79,40.67,-0.33,0.60,22.00,-0.87,1.25,-0.95,-8.53,5.22,0.00,1.00,FALSE,FALSE,0.02,0.02,0.02,,,seq.30331.4,0.02,
VAX2_42009,OID42009,VAX2,Q9UIW0,2,0.14,68.50,29.77,4.37,0.43,22.00,-2.69,3.38,-2.20,-8.56,6.88,0.00,0.00,FALSE,FALSE,0.02,0.02,0.03,,,seq.29411.5,0.00,
VCAM1_45431,OID45431,VCAM1,P19320,7,0.07,0.00,8.86,-0.39,0.13,22.00,0.12,0.29,0.12,-0.79,1.43,0.00,1.00,FALSE,FALSE,0.57,0.56,0.57,prot.2198,0.50,seq.2967.8,0.68,
VCAN_45012,OID45012,VCAN,P13611,5,0.07,6.20,18.94,-0.42,0.25,22.00,0.18,0.38,0.18,-0.89,1.71,0.00,1.00,TRUE,TRUE,0.42,0.41,0.42,prot.2070,0.36,seq.9561.21,0.01,
VCPKMT_43276,OID43276,VCPKMT,Q9H867,3,0.00,59.36,28.44,-0.09,0.40,22.00,0.47,1.00,0.29,-2.12,11.36,0.03,0.97,FALSE,FALSE,0.16,0.15,0.16,,,,,
VEGFA_44389,OID44389,VEGFA,P15692,4,0.00,0.00,11.06,0.60,0.15,22.00,0.73,0.35,0.71,-0.10,2.92,0.01,0.95,TRUE,FALSE,0.49,0.48,0.49,,,seq.19437.61,0.55,
VEGFB_44390,OID44390,VEGFB,P49765,4,0.00,32.64,21.06,-0.01,0.29,22.00,0.60,0.41,0.61,-1.30,2.50,0.00,0.97,FALSE,FALSE,0.19,0.19,0.20,,,seq.9453.12,0.01,
VEGFC_45013,OID45013,VEGFC,P49767,5,0.07,11.28,11.49,1.04,0.17,22.00,1.09,0.52,1.09,-0.76,3.22,0.00,0.82,FALSE,FALSE,0.63,0.63,0.64,prot.2753,0.68,seq.3132.1,0.30,
VEGFD_44391,OID44391,VEGFD,O43915,4,0.00,0.00,7.22,0.06,0.10,22.00,-0.06,0.42,-0.06,-2.39,1.48,0.00,0.65,TRUE,FALSE,0.57,0.57,0.58,prot.1285,0.55,seq.13098.93,0.70,
VGF_44392,OID44392,VGF,O15240,4,0.00,39.04,21.89,0.67,0.29,22.00,1.13,0.49,1.14,-0.91,3.53,0.00,0.75,FALSE,FALSE,0.51,0.51,0.51,prot.1174,0.68,seq.29593.160,-0.08,
VIL1_42010,OID42010,VIL1,P09327,2,0.14,50.03,104.65,-2.34,2.69,22.00,-0.24,2.20,-0.05,-7.35,10.22,0.00,0.02,FALSE,FALSE,0.07,0.07,0.07,prot.1930,0.08,seq.24901.4,0.12,
VIM_42011,OID42011,VIM,P08670,2,0.14,63.55,61.06,-2.80,1.64,22.00,-1.95,1.30,-1.89,-9.19,5.16,0.00,0.99,FALSE,FALSE,0.12,0.12,0.13,prot.1912,0.12,seq.15540.6,0.14,
VIPR1_43277,OID43277,VIPR1,P32241,3,0.00,83.65,316.88,0.16,2.82,22.00,0.07,2.85,0.19,-6.62,9.36,0.04,0.00,FALSE,FALSE,0.03,0.03,0.03,,,,,
VIT_45014,OID45014,VIT,Q6UXI7,5,0.07,0.00,7.98,0.04,0.11,22.00,0.08,0.47,0.10,-2.06,2.01,0.00,0.99,TRUE,FALSE,0.67,0.67,0.68,prot.4067,0.72,seq.6234.74,0.82,
VMO1_44393,OID44393,VMO1,Q7Z5L0,4,0.00,59.85,21.07,-0.15,0.32,22.00,-0.02,0.90,0.01,-8.69,6.15,0.01,0.99,TRUE,TRUE,0.39,0.39,0.40,prot.4192,0.62,seq.29568.12,0.04,
VNN1_45432,OID45432,VNN1,O95497,7,0.07,0.56,6.57,0.22,0.09,22.00,0.63,0.82,0.68,-2.51,3.02,0.00,0.99,TRUE,TRUE,0.67,0.67,0.68,prot.1555,0.76,,,
VNN2_44394,OID44394,VNN2,O95498,4,0.00,0.00,10.67,0.47,0.15,22.00,0.70,0.51,0.73,-1.23,3.38,0.00,0.91,TRUE,FALSE,0.60,0.59,0.61,prot.1556,0.18,seq.15480.2,0.81,
VPS16_42012,OID42012,VPS16,Q9H269,2,0.14,77.28,48.25,0.18,0.70,22.00,0.53,0.79,0.49,-3.15,4.61,0.00,0.86,FALSE,FALSE,0.11,0.11,0.12,prot.5440,0.18,,,
VPS28_43278,OID43278,VPS28,Q9UK41,3,0.00,75.99,48.83,0.18,0.61,22.00,0.22,0.99,0.18,-4.01,7.16,0.01,0.99,FALSE,FALSE,0.10,0.10,0.11,prot.5999,0.17,seq.17155.1,0.05,
VPS37A_44395,OID44395,VPS37A,Q8NEZ2,4,0.00,45.86,39.16,0.75,0.52,22.00,1.15,0.77,1.13,-1.70,5.58,0.01,0.99,FALSE,FALSE,0.33,0.33,0.34,prot.4529,0.37,,,
VPS41_40706,OID40706,VPS41,P49754,1,0.00,92.00,104.73,-0.52,2.49,22.00,-0.48,2.31,0.13,-7.17,4.73,0.06,0.00,FALSE,FALSE,0.02,0.02,0.02,prot.2749,0.01,seq.32896.2,-0.01,
VPS4B_44396,OID44396,VPS4B,O75351,4,0.00,36.74,24.40,1.76,0.36,22.00,2.25,0.79,2.22,-0.10,7.18,0.01,0.99,FALSE,FALSE,0.53,0.53,0.54,prot.1396,0.58,seq.12668.7,0.36,
VPS53_44397,OID44397,VPS53,Q5VIR6,4,0.00,13.85,13.48,0.40,0.20,22.00,0.55,0.43,0.52,-0.74,3.18,0.00,1.00,FALSE,FALSE,0.39,0.38,0.40,prot.3900,0.55,seq.25103.45,0.49,
VPS54_42013,OID42013,VPS54,Q9P1Q0,2,0.14,44.25,40.92,0.00,0.54,22.00,0.63,1.00,0.60,-8.18,6.87,0.00,0.72,FALSE,FALSE,0.23,0.22,0.23,prot.5853,0.39,,,
VRK1_42014,OID42014,VRK1,Q99986,2,0.14,66.41,38.96,-2.39,0.58,22.00,-2.09,1.38,-1.97,-8.87,3.23,0.00,0.92,FALSE,FALSE,0.05,0.05,0.05,,,seq.12553.5,0.00,
VRK3_42015,OID42015,VRK3,Q8IV63,2,0.14,72.89,45.34,-5.11,0.82,22.00,-4.49,1.41,-4.66,-12.28,5.16,0.00,0.89,FALSE,FALSE,0.07,0.07,0.08,,,seq.31594.6,0.08,
VSIG10L_44399,OID44399,VSIG10L,Q86VR7,4,0.00,24.43,10.20,0.10,0.15,22.00,0.27,0.45,0.22,-1.04,4.31,0.01,0.99,TRUE,TRUE,0.23,0.22,0.24,prot.7418,0.06,seq.24011.27,0.12,
VSIG10_44398,OID44398,VSIG10,Q8N0Z9,4,0.00,25.96,18.55,-0.32,0.27,22.00,-0.39,0.66,-0.43,-2.54,4.43,0.02,0.96,TRUE,TRUE,0.13,0.12,0.13,,,seq.10825.12,-0.01,
VSIG2_44400,OID44400,VSIG2,Q96IQ7,4,0.00,15.87,20.11,-1.17,0.29,22.00,0.14,0.88,0.03,-2.30,4.38,0.00,1.00,FALSE,FALSE,0.16,0.15,0.16,,,seq.8018.43,-0.02,
VSIG4_45294,OID45294,VSIG4,Q9Y279,6,1.11,30.47,14.46,-0.13,0.22,21.00,0.20,0.56,0.18,-3.30,4.60,0.00,0.99,FALSE,FALSE,0.60,0.60,0.61,prot.6913,0.31,seq.17678.28,0.75,
VSIR_45015,OID45015,VSIR,Q9H7M9,5,0.07,6.27,19.36,0.93,0.25,22.00,0.88,0.49,0.83,-0.66,4.98,0.00,1.00,TRUE,FALSE,0.56,0.55,0.56,prot.5508,0.59,seq.14123.34,0.53,
VSNL1_44401,OID44401,VSNL1,P62760,4,0.00,9.67,10.08,0.89,0.15,22.00,0.20,0.51,0.16,-1.55,2.72,0.00,0.99,TRUE,FALSE,0.44,0.44,0.45,prot.6574,0.54,seq.20197.14,0.23,
VSTM1_43279,OID43279,VSTM1,Q6UX27,3,0.00,22.20,31.57,0.17,0.49,22.00,0.17,0.59,0.18,-2.36,2.93,0.00,0.97,TRUE,FALSE,0.37,0.37,0.38,,,seq.20570.18,0.62,
VSTM2B_43280,OID43280,VSTM2B,A6NLU5,3,0.00,79.54,48.45,-0.96,1.05,22.00,-0.24,1.38,-0.20,-7.95,8.68,0.02,0.88,FALSE,FALSE,0.03,0.03,0.03,,,seq.34650.55,0.04,
VSTM2L_43281,OID43281,VSTM2L,Q96N03,3,0.00,42.03,20.94,-0.17,0.32,22.00,0.22,0.84,0.08,-1.38,8.18,0.02,0.99,TRUE,FALSE,0.11,0.11,0.12,,,seq.6549.63,0.04,
VSTM4_42016,OID42016,VSTM4,Q8IW00,2,0.14,52.40,25.54,-0.63,0.39,22.00,-0.78,1.00,-0.70,-4.98,5.50,0.00,1.00,TRUE,TRUE,0.12,0.12,0.13,,,seq.7242.14,0.02,
VTA1_45016,OID45016,VTA1,Q9NP79,5,0.07,0.00,16.03,2.73,0.22,22.00,2.93,0.58,2.92,0.73,6.81,0.00,0.99,FALSE,FALSE,0.70,0.69,0.70,prot.42,0.73,seq.4209.60,0.74,4
VTCN1_43282,OID43282,VTCN1,Q7Z7D3,3,0.00,86.99,32.00,0.78,0.46,22.00,0.13,0.85,0.18,-8.16,4.57,0.01,0.94,FALSE,FALSE,0.06,0.05,0.06,,,seq.34723.86,0.00,
VTI1A_45017,OID45017,VTI1A,Q96AJ9,5,0.07,25.56,8.17,0.40,0.12,22.00,0.52,0.29,0.50,-0.42,3.43,0.00,0.97,FALSE,FALSE,0.39,0.38,0.39,prot.4826,0.20,seq.7952.2,0.41,
VTN_45502,OID45502,VTN,P04004,8,0.84,5.33,15.03,-0.55,0.24,22.00,-0.31,0.49,-0.32,-2.78,1.78,0.00,0.99,TRUE,TRUE,0.44,0.43,0.44,prot.1749,0.32,seq.8280.238,0.28,
VWA1_44402,OID44402,VWA1,Q6PCB0,4,0.00,17.68,13.11,0.59,0.20,22.00,0.08,0.41,0.08,-1.57,1.88,0.00,0.99,FALSE,FALSE,0.32,0.31,0.32,prot.4017,0.17,seq.6385.63,0.30,
VWA5A_43283,OID43283,VWA5A,O00534,3,0.00,68.75,34.81,-0.09,0.65,22.00,0.32,1.17,0.15,-3.12,8.13,0.03,0.90,FALSE,FALSE,0.04,0.04,0.04,prot.1063,0.03,seq.25812.7,0.00,
VWA5B2_40707,OID40707,VWA5B2,Q8N398,1,0.00,84.34,50.48,-1.36,0.86,22.00,-0.67,1.39,-0.67,-8.94,7.77,0.02,1.00,FALSE,FALSE,0.01,0.01,0.01,,,seq.35440.29,-0.02,
VWA8_40708,OID40708,VWA8,A3KMH1,1,0.00,62.07,36.95,-0.94,0.47,22.00,-0.31,0.92,-0.50,-3.04,7.33,0.03,0.99,FALSE,FALSE,0.04,0.03,0.04,prot.517,0.02,,,
VWC2L_44404,OID44404,VWC2L,B2RUY7,4,0.00,16.08,11.27,0.03,0.15,22.00,0.25,0.65,0.15,-1.02,6.20,0.04,1.00,FALSE,FALSE,0.14,0.13,0.14,,,seq.7995.16,-0.03,
VWC2_44403,OID44403,VWC2,Q2TAL6,4,0.00,0.00,15.72,0.15,0.26,22.00,0.57,0.51,0.57,-1.24,2.59,0.00,0.99,TRUE,TRUE,0.52,0.51,0.52,prot.3734,0.39,seq.11121.56,0.75,
VWF_45295,OID45295,VWF,P04275,6,1.11,14.36,26.50,1.18,0.37,21.00,1.16,0.61,1.16,-0.86,3.71,0.00,0.99,FALSE,FALSE,0.53,0.53,0.53,prot.1769,0.08,seq.3050.7,0.59,
WAPL_40709,OID40709,WAPL,Q7Z5K2,1,0.00,69.52,233.83,-0.08,2.65,22.00,0.63,3.29,0.13,-6.25,11.51,0.15,0.00,FALSE,FALSE,0.02,0.02,0.02,,,seq.32100.173,-0.01,
WARS1_45296,OID45296,WARS1,P23381,6,1.11,1.97,10.70,1.19,0.16,21.00,1.18,0.36,1.17,-0.44,2.93,0.00,1.00,TRUE,FALSE,0.63,0.63,0.64,prot.2307,0.59,seq.9870.17,0.72,
WASF1_44405,OID44405,WASF1,Q92558,4,0.00,7.03,21.62,2.66,0.35,22.00,2.71,0.82,2.75,-0.49,6.73,0.01,1.00,TRUE,FALSE,0.59,0.59,0.60,prot.4721,0.69,,,
WASF3_44406,OID44406,WASF3,Q9UPY6,4,0.00,16.08,30.09,0.35,0.48,22.00,1.22,0.75,1.23,-1.19,5.36,0.00,0.92,TRUE,FALSE,0.47,0.47,0.48,prot.6085,0.64,,,
WASHC3_44407,OID44407,WASHC3,Q9Y3C0,4,0.00,61.66,47.06,0.32,0.60,22.00,0.54,0.85,0.61,-6.86,3.47,0.01,0.99,FALSE,FALSE,0.21,0.20,0.22,prot.786,0.26,seq.28593.17,-0.04,
WASL_43285,OID43285,WASL,O00401,3,0.00,73.35,54.23,1.98,0.74,22.00,-1.62,3.32,-1.12,-7.41,6.44,0.00,0.00,FALSE,FALSE,0.04,0.04,0.05,prot.1041,0.04,seq.25082.3,0.00,
WAS_43284,OID43284,WAS,P42768,3,0.00,74.67,48.69,1.66,0.72,22.00,1.77,1.02,1.83,-2.28,6.10,0.00,0.93,FALSE,FALSE,0.41,0.41,0.42,prot.2631,0.51,seq.22033.32,0.60,
WBP2NL_42017,OID42017,WBP2NL,Q6ICG8,2,0.14,79.44,34.84,0.32,0.54,22.00,0.32,1.19,0.42,-6.93,6.74,0.00,0.99,FALSE,FALSE,0.02,0.02,0.02,,,seq.32808.7,0.00,
WDCP_42018,OID42018,WDCP,Q9H6R7,2,0.14,66.83,40.77,1.88,0.57,22.00,0.93,1.25,0.77,-2.79,9.94,0.00,1.00,FALSE,FALSE,0.13,0.13,0.13,,,,,
WDHD1_42019,OID42019,WDHD1,O75717,2,0.14,75.54,61.82,-0.20,0.99,22.00,0.16,1.78,0.28,-6.81,7.73,0.00,0.59,FALSE,FALSE,0.02,0.02,0.02,,,seq.31613.27,0.00,
WDR20_42020,OID42020,WDR20,Q8TBZ3,2,0.14,86.90,103.55,-6.35,2.50,22.00,-5.90,2.44,-5.23,-10.89,3.13,0.00,0.00,FALSE,FALSE,0.03,0.02,0.03,prot.6338,0.02,seq.31009.1,0.01,
WDR24_42021,OID42021,WDR24,Q96S15,2,0.14,71.15,52.43,0.24,0.79,22.00,0.93,0.95,0.92,-2.65,5.63,0.00,0.72,FALSE,FALSE,0.14,0.13,0.14,,,,,
WDR25_40710,OID40710,WDR25,Q64LD2,1,0.00,73.70,72.23,-2.40,1.74,22.00,-0.71,1.70,-0.78,-8.15,8.47,0.02,0.99,FALSE,FALSE,0.03,0.02,0.03,,,,,
WDR46_44408,OID44408,WDR46,O15213,4,0.00,34.52,23.28,-0.22,0.34,22.00,0.09,0.47,0.08,-1.35,2.76,0.00,1.00,FALSE,FALSE,0.19,0.18,0.19,,,,,
WDR53_42022,OID42022,WDR53,Q7Z5U6,2,0.14,49.34,217.64,0.01,1.96,22.00,-0.08,2.82,0.15,-6.45,10.60,0.00,0.00,FALSE,FALSE,0.01,0.01,0.01,prot.4195,0.00,,,
WDR54_40711,OID40711,WDR54,Q9H977,1,0.00,64.44,65.93,0.18,0.74,22.00,0.88,1.23,0.84,-8.61,7.91,0.01,0.84,FALSE,FALSE,0.10,0.09,0.10,,,,,
WDR64_40712,OID40712,WDR64,B1ANS9,1,0.00,51.84,29.73,-0.97,0.39,22.00,-1.16,1.49,-1.46,-4.32,8.36,0.02,1.00,FALSE,FALSE,0.05,0.05,0.06,,,,,
WDR70_42023,OID42023,WDR70,Q9NW82,2,0.14,79.65,50.00,-0.02,0.80,22.00,0.18,1.07,0.09,-5.07,5.62,0.00,1.00,FALSE,FALSE,-0.07,-0.07,-0.06,prot.7773,-0.24,,,
WDR77_40713,OID40713,WDR77,Q9BQA1,1,0.00,98.82,78.91,-0.74,2.27,22.00,-0.29,1.88,0.10,-7.36,3.77,0.07,0.09,FALSE,FALSE,0.03,0.03,0.03,prot.5178,0.03,seq.29284.25,0.02,
WDR91_44409,OID44409,WDR91,A4D1P6,4,0.00,0.00,54.51,0.82,0.44,22.00,1.50,0.91,1.38,-0.82,5.91,0.01,0.99,FALSE,FALSE,0.38,0.38,0.40,,,seq.30725.2,0.31,
WFDC12_44411,OID44411,WFDC12,Q8WWY7,4,0.00,5.50,23.80,0.32,0.32,22.00,0.07,0.85,0.07,-2.50,4.59,0.01,0.94,TRUE,FALSE,0.56,0.55,0.57,prot.4684,0.07,seq.26093.2,0.83,
WFDC1_44410,OID44410,WFDC1,Q9HC57,4,0.00,8.91,13.94,0.59,0.21,22.00,0.60,0.43,0.59,-1.45,3.85,0.02,0.93,TRUE,FALSE,0.40,0.39,0.40,prot.5570,0.32,seq.9316.67,0.55,
WFDC2_45018,OID45018,WFDC2,Q14508,5,0.07,8.15,8.95,-0.22,0.13,22.00,-0.08,0.46,-0.14,-1.42,3.41,0.00,1.00,FALSE,FALSE,0.67,0.66,0.67,,,seq.11388.75,0.80,
WFDC3_42024,OID42024,WFDC3,Q8IUB2,2,0.14,56.31,104.07,-4.53,2.18,22.00,-2.56,2.60,-2.10,-7.92,6.57,0.00,0.00,FALSE,FALSE,0.02,0.02,0.03,,,seq.6384.19,0.03,
WFIKKN1_44412,OID44412,WFIKKN1,Q96NZ8,4,0.00,19.35,16.14,-0.02,0.24,22.00,0.07,0.51,0.07,-1.60,2.10,0.00,0.98,TRUE,TRUE,0.46,0.45,0.47,,,seq.3191.50,0.54,
WFIKKN2_45019,OID45019,WFIKKN2,Q8TEU8,5,0.07,0.00,7.88,-0.16,0.11,22.00,0.45,0.41,0.44,-0.95,2.44,0.00,1.00,TRUE,FALSE,0.67,0.66,0.67,,,seq.3235.50,0.82,
WHAMM_43286,OID43286,WHAMM,Q8TF30,3,0.00,54.98,35.16,-1.03,0.50,22.00,-0.65,1.03,-0.71,-7.05,7.08,0.02,0.99,FALSE,FALSE,0.03,0.03,0.04,,,seq.34296.7,-0.04,
WHRN_40714,OID40714,WHRN,Q9P202,1,0.00,53.58,245.31,-1.83,3.30,22.00,-0.34,2.89,0.11,-6.27,7.92,0.00,0.00,FALSE,FALSE,0.03,0.03,0.03,,,,,
WIF1_44413,OID44413,WIF1,Q9Y5W5,4,0.00,0.00,11.50,-0.31,0.15,22.00,-0.09,0.43,-0.12,-1.91,1.88,0.00,1.00,FALSE,FALSE,0.49,0.48,0.50,,,seq.16070.7,0.55,
WNK3_42025,OID42025,WNK3,Q9BYP7,2,0.14,69.20,21.61,3.29,0.27,22.00,-1.06,1.90,-1.16,-8.74,7.73,0.00,1.00,FALSE,FALSE,0.11,0.10,0.11,,,seq.5493.17,0.02,
WNK4_40715,OID40715,WNK4,Q96J92,1,0.00,69.17,69.78,-1.23,1.45,22.00,-0.11,1.40,-0.06,-7.95,7.12,0.01,0.99,FALSE,FALSE,0.00,-0.01,0.00,,,seq.29162.16,-0.07,
WNT16_42026,OID42026,WNT16,Q9UBV4,2,0.14,36.86,59.03,0.37,0.92,22.00,1.26,1.30,1.35,-6.53,5.31,0.00,1.00,TRUE,TRUE,0.14,0.14,0.15,,,seq.21943.170,0.02,
WNT7A_40716,OID40716,WNT7A,O00755,1,0.00,89.56,51.69,-0.25,0.95,22.00,0.11,1.22,0.25,-7.01,4.31,0.02,0.94,FALSE,FALSE,0.02,0.02,0.02,,,seq.4889.82,0.00,
WNT9A_43287,OID43287,WNT9A,O14904,3,0.00,45.09,21.06,0.84,0.30,22.00,0.94,0.50,0.94,-1.08,2.86,0.00,0.96,FALSE,FALSE,0.29,0.28,0.30,,,,,
WRN_42027,OID42027,WRN,Q14191,2,0.14,78.82,71.10,-1.71,1.07,22.00,-0.71,1.31,-0.73,-8.05,5.55,0.00,0.97,FALSE,FALSE,0.05,0.04,0.05,,,,,
WSCD2_43288,OID43288,WSCD2,Q2TBF2,3,0.00,67.22,55.81,0.18,0.89,22.00,-0.01,1.34,0.16,-7.69,4.94,0.02,1.00,FALSE,FALSE,0.00,0.00,0.00,,,seq.6274.15,-0.04,
WT1_40717,OID40717,WT1,P19544,1,0.00,97.49,45.18,0.17,0.66,22.00,0.12,0.77,0.14,-4.45,5.72,0.00,0.68,FALSE,FALSE,0.01,0.01,0.01,,,seq.33454.31,-0.06,
WWC1_42028,OID42028,WWC1,Q8IX03,2,0.14,68.43,35.13,-0.69,0.53,22.00,-0.12,1.07,-0.27,-3.36,8.87,0.00,0.98,FALSE,FALSE,0.02,0.02,0.02,,,seq.18284.77,-0.03,
WWC2_42029,OID42029,WWC2,Q6AWC2,2,0.14,81.11,84.15,-0.79,1.32,22.00,-0.86,1.75,-0.62,-7.20,3.77,0.00,0.39,FALSE,FALSE,0.02,0.02,0.02,,,seq.35446.31,0.01,
WWOX_44414,OID44414,WWOX,Q9NZC7,4,0.00,67.85,12.47,0.06,0.18,22.00,0.14,0.29,0.12,-0.58,5.10,0.01,1.00,FALSE,FALSE,0.12,0.12,0.13,,,seq.17724.3,0.03,
WWP1_42030,OID42030,WWP1,Q9H0M0,2,0.14,81.46,50.86,-1.63,1.51,22.00,-0.82,1.42,-0.74,-8.08,6.46,0.00,1.00,FALSE,FALSE,0.03,0.03,0.03,prot.6823,-0.02,seq.11307.33,0.03,
WWP2_44415,OID44415,WWP2,O00308,4,0.00,9.19,16.52,1.46,0.23,22.00,1.77,0.45,1.77,0.16,3.78,0.00,0.99,FALSE,FALSE,0.36,0.36,0.36,prot.6442,0.16,seq.21670.52,0.21,
XCL1_44416,OID44416,XCL1,P47992,4,0.00,35.07,37.29,-1.79,0.58,22.00,-0.95,0.94,-1.02,-3.70,7.31,0.02,1.00,TRUE,FALSE,0.32,0.32,0.33,prot.7037,0.29,seq.14078.69,0.37,
XG_45297,OID45297,XG,P55808,6,1.11,19.35,14.14,0.20,0.20,21.00,0.70,0.54,0.68,-4.70,3.73,0.00,0.98,FALSE,FALSE,0.39,0.38,0.40,,,seq.8044.90,0.25,
XIAP_43289,OID43289,XIAP,P98170,3,0.00,63.81,38.35,1.18,0.55,22.00,1.28,0.68,1.27,-1.10,4.70,0.00,1.00,FALSE,FALSE,0.24,0.23,0.25,prot.3167,0.14,seq.31408.16,-0.03,
XIRP2_42031,OID42031,XIRP2,A4UGR9,2,0.14,73.31,50.99,-0.87,0.82,22.00,-0.26,1.33,-0.40,-6.78,7.43,0.00,0.99,FALSE,FALSE,0.03,0.03,0.04,,,,,
XPNPEP2_45020,OID45020,XPNPEP2,O43895,5,0.07,1.39,9.17,-1.98,0.13,22.00,-0.19,1.16,-0.05,-8.16,2.35,0.00,0.96,TRUE,FALSE,0.58,0.57,0.59,prot.1284,0.61,,,
XPR1_40718,OID40718,XPR1,Q9UBH6,1,0.00,84.13,42.35,0.03,0.65,22.00,-0.02,1.06,-0.06,-6.06,7.02,0.02,1.00,FALSE,FALSE,0.03,0.02,0.03,prot.5889,0.01,,,
XRCC1_42032,OID42032,XRCC1,P18887,2,0.14,72.13,40.70,-0.79,0.76,22.00,-0.24,0.84,-0.22,-8.21,4.77,0.00,0.95,FALSE,FALSE,0.03,0.03,0.03,prot.7761,,seq.12535.2,-0.04,
XRCC2_42033,OID42033,XRCC2,O43543,2,0.14,79.86,61.70,-0.46,0.87,22.00,0.39,1.81,0.41,-7.47,7.95,0.00,0.99,FALSE,FALSE,0.02,0.01,0.02,,,seq.31430.106,-0.01,
XRCC4_43290,OID43290,XRCC4,Q13426,3,0.00,73.90,32.31,0.25,0.47,22.00,0.22,0.65,0.25,-2.21,5.42,0.01,0.99,FALSE,FALSE,0.13,0.12,0.13,,,seq.9886.28,0.22,
XRN1_40719,OID40719,XRN1,Q8IZH2,1,0.00,93.25,196.22,0.60,4.05,22.00,0.56,3.34,0.66,-6.22,11.14,0.00,0.00,FALSE,FALSE,0.04,0.04,0.04,prot.4376,0.05,seq.34399.6,0.01,
XRRA1_40720,OID40720,XRRA1,Q6P2D8,1,0.00,58.46,90.80,-1.99,2.00,22.00,-1.10,2.35,-0.66,-8.50,7.90,0.03,0.00,FALSE,FALSE,0.02,0.02,0.02,,,,,
YAE1_40721,OID40721,YAE1,Q9NRH1,1,0.00,74.74,90.07,-3.51,2.41,22.00,-2.65,2.21,-2.25,-9.49,5.29,0.09,0.00,FALSE,FALSE,0.03,0.02,0.03,,,seq.21124.17,0.02,
YARS1_44418,OID44418,YARS1,P54577,4,0.00,0.28,25.02,4.67,0.39,22.00,5.63,1.34,5.74,-0.32,9.58,0.01,0.99,FALSE,FALSE,0.63,0.63,0.63,prot.2889,0.74,seq.19270.26,0.68,
YB057_YM017_41518,OID41518,YB057_YM017,A8MUA0_A8MX80,2,0.14,71.43,23.89,-0.67,0.35,22.00,-0.23,0.75,-0.37,-2.78,6.18,0.00,1.00,FALSE,FALSE,NA,NA,NA,,,,,
YBX2_42034,OID42034,YBX2,Q9Y2T7,2,0.14,57.35,58.18,0.13,1.62,22.00,-0.21,2.13,0.09,-6.85,7.18,0.00,0.00,FALSE,FALSE,0.04,0.03,0.04,prot.7927,-0.04,seq.6372.7,0.05,
YES1_44419,OID44419,YES1,P07947,4,0.00,52.89,28.20,2.94,0.38,22.00,3.15,0.79,3.13,-0.16,7.20,0.01,1.00,FALSE,FALSE,0.43,0.43,0.44,,,seq.2878.66,0.31,
YH007_42470,OID42470,YH007,Q8N7P7,3,0.00,43.49,26.39,-3.53,0.46,22.00,-2.60,1.14,-2.87,-4.91,4.70,0.02,0.98,FALSE,FALSE,NA,NA,NA,,,,,
YJU2B_42035,OID42035,YJU2B,P13994,2,0.14,48.08,41.95,-3.19,0.62,22.00,-3.99,2.29,-3.94,-11.59,5.84,0.00,0.93,FALSE,FALSE,0.06,0.06,0.07,,,,,
YJU2_44420,OID44420,YJU2,Q9BW85,4,0.00,68.55,25.22,-0.36,0.35,22.00,-0.25,0.56,-0.28,-2.00,3.22,0.01,0.80,FALSE,FALSE,0.18,0.17,0.18,,,seq.23571.93,0.20,
YK038_40440,OID40440,YK038,Q8IYB0,1,0.00,73.70,94.80,-0.87,1.47,22.00,-1.03,2.26,-0.71,-8.14,6.13,0.05,0.00,FALSE,FALSE,NA,NA,NA,,,,,
YKT6_42036,OID42036,YKT6,O15498,2,0.14,77.63,66.13,-2.02,0.98,22.00,-0.76,1.88,-0.83,-8.62,11.96,0.00,0.98,FALSE,FALSE,0.04,0.04,0.04,prot.366,0.05,seq.31694.95,0.03,
YO027_41516,OID41516,YO027,Q6ZSR3,2,0.14,68.43,39.88,-0.69,0.82,22.00,0.30,1.33,0.14,-7.79,8.92,0.00,1.00,FALSE,FALSE,NA,NA,NA,,,seq.35005.16,0.02,
YOD1_44421,OID44421,YOD1,Q5VVQ6,4,0.00,0.00,64.92,0.89,0.50,22.00,1.51,0.81,1.44,-0.74,5.46,0.01,0.97,FALSE,FALSE,0.59,0.58,0.60,prot.3910,0.50,seq.34818.41,0.79,8
YP010_40247,OID40247,YP010,Q96M66,1,0.00,84.20,59.21,-0.81,1.60,22.00,-0.43,1.87,-0.43,-8.05,7.35,0.04,0.99,FALSE,FALSE,NA,NA,NA,,,,,
YP029_41517,OID41517,YP029,Q6ZRN7,2,0.14,73.38,35.42,-0.27,0.53,22.00,0.04,0.80,-0.07,-2.31,6.58,0.00,0.96,FALSE,FALSE,NA,NA,NA,,,,,
YTHDF3_43291,OID43291,YTHDF3,Q7Z739,3,0.00,6.12,14.36,1.55,0.21,22.00,1.69,0.68,1.68,-1.28,5.72,0.01,0.96,FALSE,FALSE,0.42,0.42,0.43,prot.6681,0.39,,,
YU005_41515,OID41515,YU005,A8MT66,2,0.14,72.13,63.82,-1.68,1.78,22.00,-0.56,1.34,-0.69,-8.69,7.55,0.00,0.99,FALSE,FALSE,NA,NA,NA,,,seq.34908.20,-0.03,
YWHAQ_45021,OID45021,YWHAQ,P27348,5,0.07,12.12,10.40,0.58,0.16,22.00,0.84,0.37,0.81,-1.15,3.54,0.00,1.00,FALSE,FALSE,0.52,0.52,0.53,prot.2377,0.62,seq.7625.27,0.53,
YY1AP1_42037,OID42037,YY1AP1,Q9H869,2,0.14,84.60,67.32,-0.62,1.80,22.00,-0.06,1.91,0.16,-7.01,7.54,0.00,0.64,FALSE,FALSE,0.02,0.02,0.02,,,,,
YY1_43292,OID43292,YY1,P25490,3,0.00,82.39,335.87,-0.21,2.60,22.00,0.46,2.06,0.55,-6.76,7.27,0.06,0.66,FALSE,FALSE,0.04,0.04,0.04,prot.7029,,seq.17337.1,0.02,
YY2_42038,OID42038,YY2,O15391,2,0.14,61.05,39.73,-0.59,0.57,22.00,-0.23,0.85,-0.28,-4.48,4.40,0.00,0.95,FALSE,FALSE,0.02,0.02,0.02,,,seq.21913.5,0.00,
ZBED4_42039,OID42039,ZBED4,O75132,2,0.14,84.53,87.85,-0.82,2.21,22.00,-0.30,2.34,0.03,-7.05,8.40,0.00,0.03,FALSE,FALSE,0.02,0.02,0.02,,,,,
ZBED5_40722,OID40722,ZBED5,Q49AG3,1,0.00,61.24,29.65,-1.52,0.38,22.00,-0.86,1.15,-1.07,-3.63,6.07,0.02,0.99,FALSE,FALSE,0.05,0.05,0.05,,,,,
ZBED6_43293,OID43293,ZBED6,P86452,3,0.00,83.86,26.10,-0.39,0.38,22.00,-0.34,0.62,-0.37,-1.99,3.90,0.02,1.00,FALSE,FALSE,0.05,0.05,0.05,,,,,
ZBP1_44422,OID44422,ZBP1,Q9H171,4,0.00,15.73,28.27,0.68,0.37,22.00,0.82,0.56,0.80,-0.99,3.55,0.00,0.96,FALSE,FALSE,0.48,0.48,0.48,,,seq.22831.11,0.64,
ZBTB16_43294,OID43294,ZBTB16,Q05516,3,0.00,40.15,28.39,1.31,0.43,22.00,1.62,0.71,1.63,-0.59,5.09,0.00,1.00,TRUE,FALSE,0.23,0.23,0.24,,,seq.22034.61,0.02,
ZBTB17_44423,OID44423,ZBTB17,Q13105,4,0.00,0.77,15.16,-0.03,0.21,22.00,0.27,0.46,0.21,-1.44,2.77,0.01,1.00,FALSE,FALSE,0.29,0.28,0.29,,,,,
ZBTB18_40723,OID40723,ZBTB18,Q99592,1,0.00,89.21,77.93,-2.44,1.70,22.00,-2.51,2.02,-2.11,-9.06,5.12,0.08,0.00,FALSE,FALSE,0.03,0.03,0.04,prot.5122,0.04,seq.30589.3,-0.05,
ZBTB20_40724,OID40724,ZBTB20,Q9HC78,1,0.00,90.26,63.84,2.09,0.86,22.00,-0.24,1.81,-0.09,-8.18,7.81,0.04,0.96,FALSE,FALSE,0.03,0.03,0.04,,,,,
ZBTB24_42040,OID42040,ZBTB24,O43167,2,0.14,84.04,163.07,0.82,3.05,22.00,1.08,3.04,0.18,-5.88,8.94,0.00,0.00,FALSE,FALSE,0.01,0.01,0.02,,,,,
ZBTB32_42041,OID42041,ZBTB32,Q9Y2Y4,2,0.14,57.42,44.13,-5.09,0.58,22.00,-4.22,1.55,-4.48,-8.46,6.37,0.00,1.00,FALSE,FALSE,0.08,0.07,0.09,,,,,
ZBTB44_40725,OID40725,ZBTB44,Q8NCP5,1,0.00,91.65,59.60,-0.20,0.77,22.00,0.12,1.01,0.15,-7.04,4.49,0.01,0.99,FALSE,FALSE,0.01,0.01,0.01,,,seq.27977.102,-0.01,
ZBTB48_42042,OID42042,ZBTB48,P10074,2,0.14,85.09,28.25,0.12,0.38,22.00,0.15,0.53,0.13,-2.08,2.71,0.00,0.99,FALSE,FALSE,0.06,0.06,0.07,,,,,
ZBTB49_42043,OID42043,ZBTB49,Q6ZSB9,2,0.14,78.26,71.06,-0.67,1.74,22.00,-0.23,1.95,0.03,-6.74,7.03,0.00,0.06,FALSE,FALSE,0.02,0.02,0.02,,,,,
ZBTB7B_42044,OID42044,ZBTB7B,O15156,2,0.14,87.25,37.61,-3.80,0.67,22.00,-3.42,1.01,-3.46,-7.30,3.86,0.00,1.00,FALSE,FALSE,0.03,0.03,0.03,,,,,
ZBTB7C_42045,OID42045,ZBTB7C,A1YPR0,2,0.14,83.48,29.52,-0.10,0.46,22.00,-0.19,0.82,-0.26,-4.18,4.44,0.00,0.99,FALSE,FALSE,0.01,0.01,0.01,,,seq.33276.73,-0.01,
ZC2HC1A_43295,OID43295,ZC2HC1A,Q96GY0,3,0.00,56.78,25.95,-0.73,0.39,22.00,-0.14,0.97,-0.29,-2.35,8.29,0.03,0.99,FALSE,FALSE,0.11,0.11,0.12,,,seq.29997.11,0.13,
ZC2HC1B_40726,OID40726,ZC2HC1B,Q5TFG8,1,0.00,78.64,72.51,-0.25,1.16,22.00,-0.02,1.80,0.17,-7.39,7.26,0.03,0.96,FALSE,FALSE,0.00,0.00,0.01,,,seq.34222.19,-0.02,
ZC3H12A_43296,OID43296,ZC3H12A,Q5D1E8,3,0.00,63.19,53.09,-0.57,0.87,22.00,0.05,0.80,0.08,-4.33,5.01,0.01,0.99,FALSE,FALSE,0.17,0.17,0.18,,,seq.23680.1,0.29,
ZC3H12D_42046,OID42046,ZC3H12D,A2A288,2,0.14,57.84,60.42,-0.47,1.65,22.00,0.51,1.08,0.54,-7.02,8.31,0.00,0.92,FALSE,FALSE,0.07,0.07,0.07,,,,,
ZC3H15_40727,OID40727,ZC3H15,Q8WU90,1,0.00,79.96,59.15,-0.15,0.82,22.00,0.52,0.82,0.50,-3.85,7.39,0.01,0.99,FALSE,FALSE,0.12,0.11,0.12,prot.4646,0.16,seq.29117.55,0.08,
ZC3H6_42047,OID42047,ZC3H6,P61129,2,0.14,70.17,41.09,-0.81,0.67,22.00,-0.04,1.16,-0.18,-7.68,7.78,0.00,0.98,FALSE,FALSE,0.09,0.08,0.09,,,,,
ZC3HC1_40728,OID40728,ZC3HC1,Q86WB0,1,0.00,68.06,93.55,-3.63,1.38,22.00,-4.23,2.69,-3.50,-9.78,4.50,0.00,0.00,FALSE,FALSE,0.03,0.03,0.03,,,,,
ZCCHC14_40729,OID40729,ZCCHC14,Q8WYQ9,1,0.00,23.03,21.80,-0.65,0.30,22.00,0.45,1.58,0.06,-2.98,8.44,0.01,0.99,FALSE,FALSE,0.15,0.15,0.16,,,,,
ZCCHC18_42048,OID42048,ZCCHC18,P0CG32,2,0.14,78.19,63.94,-3.05,2.01,22.00,-1.39,2.08,-1.29,-8.36,5.83,0.00,0.83,FALSE,FALSE,0.00,0.00,0.00,,,seq.22833.74,-0.03,
ZCCHC2_42049,OID42049,ZCCHC2,Q9C0B9,2,0.14,89.97,60.52,-1.09,1.97,22.00,-1.26,2.25,-0.71,-7.26,5.75,0.00,0.00,FALSE,FALSE,0.00,0.00,0.01,,,,,
ZCCHC8_43297,OID43297,ZCCHC8,Q6NZY4,3,0.00,85.80,58.31,-0.13,0.70,22.00,-0.14,1.09,-0.07,-7.67,4.39,0.01,1.00,FALSE,FALSE,-0.28,-0.29,-0.27,prot.7960,-0.89,,,
ZCWPW1_40730,OID40730,ZCWPW1,Q9H0M4,1,0.00,80.72,82.90,-1.39,2.70,22.00,-0.91,2.50,-0.18,-7.42,8.28,0.00,0.00,FALSE,FALSE,0.01,0.01,0.02,,,,,
ZCWPW2_40731,OID40731,ZCWPW2,Q504Y3,1,0.00,86.92,66.59,-1.40,1.81,22.00,-1.13,1.97,-0.80,-8.37,6.79,0.06,0.41,FALSE,FALSE,0.01,0.00,0.01,,,seq.29345.14,-0.02,
ZER1_44424,OID44424,ZER1,Q7Z7L7,4,0.00,13.64,14.66,-0.12,0.21,22.00,-0.15,0.41,-0.20,-1.08,4.86,0.02,0.91,FALSE,FALSE,0.15,0.15,0.16,prot.6683,-0.03,seq.34332.29,-0.07,
ZFAND2B_44425,OID44425,ZFAND2B,Q8WV99,4,0.00,0.00,12.09,1.12,0.17,22.00,0.98,0.39,0.97,-0.64,3.85,0.01,0.99,FALSE,FALSE,0.16,0.15,0.17,,,seq.23319.6,-0.20,
ZFAND3_42050,OID42050,ZFAND3,Q9H8U3,2,0.14,85.57,61.32,-0.20,1.02,22.00,0.36,1.24,0.34,-6.92,6.47,0.00,1.00,FALSE,FALSE,0.04,0.04,0.04,,,seq.21875.31,0.05,
ZFAND4_40732,OID40732,ZFAND4,Q86XD8,1,0.00,47.18,22.21,-0.08,0.29,22.00,-1.02,1.43,-1.20,-4.53,6.45,0.01,0.99,FALSE,FALSE,0.14,0.14,0.16,,,,,
ZFAND6_43298,OID43298,ZFAND6,Q6FIF0,3,0.00,48.85,27.95,0.73,0.41,22.00,0.74,0.58,0.73,-1.41,4.81,0.01,1.00,FALSE,FALSE,0.13,0.12,0.13,prot.6936,-0.02,seq.35258.74,0.01,
ZFAT_40733,OID40733,ZFAT,Q9P243,1,0.00,75.71,37.46,-1.29,0.53,22.00,-0.35,1.22,-0.57,-3.42,7.59,0.03,0.99,FALSE,FALSE,0.04,0.03,0.04,,,,,
ZFHX3_40734,OID40734,ZFHX3,Q15911,1,0.00,77.66,89.61,-2.46,2.04,22.00,-2.60,2.80,-1.78,-8.21,7.32,0.00,0.00,FALSE,FALSE,0.03,0.03,0.03,,,,,
ZFP57_40735,OID40735,ZFP57,Q9NU63,1,0.00,75.43,27.97,0.48,0.40,22.00,0.31,1.02,0.13,-2.67,10.48,0.04,1.00,FALSE,FALSE,0.04,0.04,0.04,,,seq.33456.11,0.04,
ZFP90_40736,OID40736,ZFP90,Q8TF47,1,0.00,88.52,70.74,-0.21,1.01,22.00,-0.18,2.01,0.17,-7.00,5.41,0.06,0.64,FALSE,FALSE,0.02,0.02,0.02,,,,,
ZFR2_40737,OID40737,ZFR2,Q9UPR6,1,0.00,59.57,80.78,-0.89,0.96,22.00,0.32,1.36,0.21,-8.47,6.52,0.01,1.00,FALSE,FALSE,0.05,0.04,0.05,,,,,
ZFX_42051,OID42051,ZFX,P17010,2,0.14,83.69,73.27,-3.31,2.19,22.00,-2.55,2.39,-2.17,-8.61,5.69,0.00,0.00,FALSE,FALSE,0.01,0.01,0.01,,,,,
ZFYVE16_42052,OID42052,ZFYVE16,Q7Z3T8,2,0.14,42.23,57.68,-0.04,0.84,22.00,0.88,1.09,0.82,-6.28,7.98,0.00,0.94,FALSE,FALSE,0.12,0.12,0.13,prot.6679,0.07,,,
ZFYVE19_44426,OID44426,ZFYVE19,Q96K21,4,0.00,10.09,25.92,3.01,0.38,22.00,3.17,0.72,3.17,0.19,6.33,0.00,0.94,TRUE,FALSE,0.38,0.37,0.40,,,seq.26166.2,0.16,
ZFYVE28_40738,OID40738,ZFYVE28,Q9HCC9,1,0.00,89.84,77.64,-1.94,2.19,22.00,-1.13,2.03,-0.80,-7.79,7.49,0.07,0.02,FALSE,FALSE,0.02,0.02,0.02,,,,,
ZFYVE9_42053,OID42053,ZFYVE9,O95405,2,0.14,61.46,43.74,3.95,0.52,22.00,0.36,1.27,0.12,-4.14,8.56,0.00,0.95,FALSE,FALSE,0.09,0.08,0.09,,,,,
ZHX2_44427,OID44427,ZHX2,Q9Y6X8,4,0.00,57.69,31.90,-0.60,0.50,22.00,-0.35,0.53,-0.32,-2.44,1.82,0.00,0.99,FALSE,FALSE,0.05,0.04,0.05,,,seq.24955.116,-0.05,
ZIC3_42054,OID42054,ZIC3,O60481,2,0.14,82.30,312.11,0.51,2.55,22.00,0.40,2.78,0.82,-6.28,9.88,0.00,0.00,FALSE,FALSE,0.03,0.03,0.04,,,,,
ZIC5_40739,OID40739,ZIC5,Q96T25,1,0.00,70.42,256.81,-0.62,2.83,22.00,0.71,3.19,0.12,-5.29,10.90,0.18,0.00,FALSE,FALSE,0.02,0.02,0.02,,,,,
ZKSCAN3_43299,OID43299,ZKSCAN3,Q9BRR0,3,0.00,79.12,16.60,0.10,0.25,22.00,-0.09,0.42,-0.14,-1.24,3.56,0.02,0.99,FALSE,FALSE,0.04,0.03,0.04,,,seq.30981.55,-0.03,
ZMAT3_42055,OID42055,ZMAT3,Q9HA38,2,0.14,74.70,23.45,-0.23,0.36,22.00,0.07,0.70,-0.04,-1.67,4.76,0.00,0.87,FALSE,FALSE,0.03,0.03,0.03,,,seq.31138.3,-0.01,
ZMYND11_42056,OID42056,ZMYND11,Q15326,2,0.14,26.90,18.82,-0.47,0.27,22.00,-0.27,0.56,-0.35,-1.53,4.33,0.00,0.99,FALSE,FALSE,0.25,0.25,0.26,,,,,
ZMYND15_43300,OID43300,ZMYND15,Q9H091,3,0.00,42.45,19.26,-2.88,0.25,22.00,-3.74,1.17,-4.00,-6.33,4.69,0.03,0.99,FALSE,FALSE,0.15,0.14,0.15,,,,,
ZNF131_40740,OID40740,ZNF131,P52739,1,0.00,74.25,87.09,-1.54,1.95,22.00,-0.32,1.94,-0.15,-7.75,7.44,0.04,0.99,FALSE,FALSE,0.02,0.02,0.02,,,,,
ZNF175_42057,OID42057,ZNF175,Q9Y473,2,0.14,66.41,59.26,-2.02,0.98,22.00,-0.66,1.63,-0.88,-9.08,8.46,0.00,1.00,FALSE,FALSE,0.01,0.01,0.01,,,seq.12716.3,0.00,
ZNF202_42058,OID42058,ZNF202,O95125,2,0.14,72.61,36.42,-1.79,0.70,22.00,-1.29,1.08,-1.38,-6.23,6.24,0.00,0.99,FALSE,FALSE,0.00,0.00,0.00,,,seq.29319.157,-0.04,
ZNF207_43301,OID43301,ZNF207,O43670,3,0.00,59.15,38.29,-0.27,0.68,22.00,0.43,1.11,0.25,-2.32,8.86,0.02,0.99,FALSE,FALSE,0.07,0.07,0.07,,,seq.25814.34,0.10,
ZNF217_42059,OID42059,ZNF217,O75362,2,0.14,72.89,36.02,-0.97,0.51,22.00,-0.22,1.23,-0.44,-4.02,6.93,0.00,1.00,FALSE,FALSE,0.04,0.03,0.04,,,,,
ZNF252P_AS1_40741,OID40741,ZNF252P-AS1,Q0IIN9,1,0.00,73.97,325.49,-1.14,3.29,22.00,-1.57,3.13,-0.88,-6.64,8.65,0.00,0.00,FALSE,FALSE,0.01,0.01,0.01,,,,,
ZNF264_42060,OID42060,ZNF264,O43296,2,0.14,77.42,94.05,-1.83,2.53,22.00,-1.75,2.44,-1.20,-7.71,7.31,0.00,0.00,FALSE,FALSE,0.00,0.00,0.00,,,seq.9993.11,-0.03,
ZNF274_43302,OID43302,ZNF274,Q96GC6,3,0.00,23.45,22.51,-0.63,0.37,22.00,-0.41,1.47,-0.58,-4.14,6.83,0.00,0.98,FALSE,FALSE,0.09,0.08,0.10,,,seq.33844.60,-0.05,
ZNF282_42061,OID42061,ZNF282,Q9UDV7,2,0.14,49.20,37.72,0.57,0.58,22.00,-0.16,1.43,-0.49,-5.32,9.81,0.00,0.97,FALSE,FALSE,0.07,0.07,0.07,,,,,
ZNF330_40742,OID40742,ZNF330,Q9Y3S2,1,0.00,72.44,54.51,0.23,0.98,22.00,0.80,1.08,0.78,-3.07,7.67,0.02,0.99,FALSE,FALSE,0.12,0.12,0.12,prot.6200,0.17,,,
ZNF346_40743,OID40743,ZNF346,Q9UL40,1,0.00,66.53,68.87,-2.75,2.15,22.00,-1.57,2.24,-1.40,-9.10,5.77,0.05,0.39,FALSE,FALSE,0.04,0.04,0.04,,,seq.31262.9,0.05,
ZNF350_40744,OID40744,ZNF350,Q9GZX5,1,0.00,68.89,45.92,-0.61,0.74,22.00,-0.50,1.39,-0.72,-9.36,6.60,0.02,1.00,FALSE,FALSE,0.03,0.03,0.03,,,,,
ZNF35_42062,OID42062,ZNF35,P13682,2,0.14,71.15,14.77,-0.65,0.22,22.00,-0.37,0.57,-0.52,-1.46,6.10,0.00,0.99,FALSE,FALSE,0.11,0.11,0.12,,,,,
ZNF385A_42063,OID42063,ZNF385A,Q96PM9,2,0.14,67.39,76.45,-1.24,0.98,22.00,-0.25,1.49,-0.39,-8.16,8.68,0.00,0.97,FALSE,FALSE,0.01,0.00,0.01,,,seq.31763.35,-0.03,
ZNF385B_42064,OID42064,ZNF385B,Q569K4,2,0.14,76.66,63.09,-2.85,2.24,22.00,-1.32,2.09,-1.49,-9.35,9.00,0.00,1.00,FALSE,FALSE,0.03,0.03,0.03,,,,,
ZNF394_42065,OID42065,ZNF394,Q53GI3,2,0.14,66.06,37.08,-1.08,0.60,22.00,-0.71,0.77,-0.81,-2.69,4.46,0.00,0.84,FALSE,FALSE,0.06,0.06,0.06,,,seq.33622.23,0.09,
ZNF396_40745,OID40745,ZNF396,Q96N95,1,0.00,62.28,118.41,-1.70,2.26,22.00,-2.04,2.75,-1.18,-7.07,8.03,0.00,0.00,FALSE,FALSE,0.02,0.02,0.02,prot.5025,0.03,seq.26309.26,-0.06,
ZNF397_42066,OID42066,ZNF397,Q8NF99,2,0.14,86.90,94.66,-0.33,0.94,22.00,-0.07,0.86,-0.12,-3.16,5.46,0.00,0.98,FALSE,FALSE,0.01,0.01,0.01,,,seq.31265.252,-0.03,
ZNF423_43303,OID43303,ZNF423,Q2M1K9,3,0.00,30.69,30.28,-0.97,0.43,22.00,-0.13,1.21,-0.41,-3.32,6.78,0.03,0.99,FALSE,FALSE,0.15,0.14,0.15,,,,,
ZNF572_43304,OID43304,ZNF572,Q7Z3I7,3,0.00,55.18,24.24,-2.99,0.36,22.00,-2.46,1.02,-2.68,-4.40,3.37,0.04,0.99,FALSE,FALSE,0.07,0.07,0.08,,,,,
ZNF608_42067,OID42067,ZNF608,Q9ULD9,2,0.14,80.14,48.36,-0.44,0.79,22.00,-0.04,1.15,-0.07,-7.76,5.95,0.00,1.00,FALSE,FALSE,0.01,0.01,0.02,,,,,
ZNF649_43305,OID43305,ZNF649,Q9BS31,3,0.00,82.74,10.57,0.01,0.15,22.00,0.05,0.28,0.04,-0.67,4.33,0.01,0.99,FALSE,FALSE,0.14,0.13,0.14,,,,,
ZNF687_42068,OID42068,ZNF687,Q8N1G0,2,0.14,85.85,68.80,-0.21,0.85,22.00,-0.01,1.38,0.01,-7.24,8.65,0.00,0.93,FALSE,FALSE,0.02,0.02,0.02,,,,,
ZNF746_42069,OID42069,ZNF746,Q6NUN9,2,0.14,65.30,49.81,-1.03,0.85,22.00,-0.52,1.26,-0.64,-7.53,5.70,0.00,0.99,FALSE,FALSE,0.02,0.02,0.02,,,seq.32088.2,0.02,
ZNF75A_42070,OID42070,ZNF75A,Q96N20,2,0.14,71.85,27.73,0.05,0.42,22.00,-0.17,1.14,-0.34,-3.05,9.34,0.00,1.00,FALSE,FALSE,0.04,0.04,0.04,,,seq.33503.4,0.04,
ZNF75D_43306,OID43306,ZNF75D,P51815,3,0.00,79.96,73.55,-2.50,2.42,22.00,-1.18,2.10,-0.87,-8.03,7.56,0.07,0.02,FALSE,FALSE,0.03,0.03,0.03,,,seq.11596.47,0.04,
ZNF815P_40746,OID40746,ZNF815P,A8K554,1,0.00,89.70,146.79,0.24,1.79,22.00,-0.21,2.41,0.13,-7.35,7.06,0.04,0.12,FALSE,FALSE,0.02,0.02,0.02,,,,,
ZNF830_43307,OID43307,ZNF830,Q96NB3,3,0.00,73.56,30.74,0.61,0.48,22.00,-0.51,1.26,-0.56,-8.71,6.04,0.02,0.96,FALSE,FALSE,0.03,0.02,0.03,prot.5028,-0.02,,,
ZNF831_42071,OID42071,ZNF831,Q5JPB2,2,0.14,41.67,31.04,-1.12,0.48,22.00,0.37,1.46,0.03,-3.16,8.63,0.00,1.00,FALSE,FALSE,0.10,0.09,0.11,,,,,
ZNF839_42072,OID42072,ZNF839,A8K0R7,2,0.14,65.57,29.49,0.08,0.41,22.00,0.14,1.15,0.02,-5.97,7.84,0.00,0.98,FALSE,FALSE,0.03,0.03,0.03,,,,,
ZNFX1_40747,OID40747,ZNFX1,Q9P2E3,1,0.00,89.00,79.01,-0.21,1.87,22.00,-0.77,1.88,-0.50,-8.10,4.99,0.05,0.46,FALSE,FALSE,0.05,0.04,0.05,prot.5872,0.05,,,
ZNG1B_42073,OID42073,ZNG1B,Q8IUF1,2,0.14,79.86,109.97,-1.63,1.64,22.00,-0.93,1.80,-0.70,-7.38,4.65,0.00,0.06,FALSE,FALSE,0.03,0.03,0.03,prot.4302,0.05,,,
ZNRD2_44429,OID44429,ZNRD2,O60232,4,0.00,47.60,35.50,0.40,0.52,22.00,1.30,0.96,1.29,-1.71,5.56,0.00,0.99,FALSE,FALSE,0.23,0.23,0.24,prot.6462,0.09,seq.29838.110,-0.01,
ZNRF4_43308,OID43308,ZNRF4,Q8WWF5,3,0.00,43.01,153.50,2.87,2.68,22.00,2.09,3.38,1.86,-5.05,10.03,0.00,0.00,FALSE,FALSE,0.14,0.13,0.14,,,,,
ZP3_44430,OID44430,ZP3,P21754,4,0.00,46.00,22.41,0.44,0.35,22.00,-0.59,2.37,0.07,-9.40,5.54,0.05,0.85,TRUE,FALSE,0.10,0.10,0.10,,,seq.34625.6,-0.02,
ZP4_43309,OID43309,ZP4,Q12836,3,0.00,85.94,32.81,-0.62,0.50,22.00,-1.20,0.95,-1.21,-6.41,6.97,0.02,0.98,FALSE,FALSE,0.01,0.01,0.01,,,seq.7766.25,-0.03,
ZPR1_43310,OID43310,ZPR1,O75312,3,0.00,68.41,52.42,-1.73,0.75,22.00,-1.06,1.25,-1.09,-9.52,5.10,0.02,0.99,FALSE,FALSE,0.05,0.04,0.05,prot.6475,-0.01,seq.23628.9,0.08,
ZRANB1_42074,OID42074,ZRANB1,Q9UGI0,2,0.14,81.25,69.23,1.15,1.29,22.00,1.50,1.65,1.53,-6.02,7.95,0.00,1.00,FALSE,FALSE,0.17,0.16,0.17,,,seq.21754.5,0.16,
ZRANB3_42075,OID42075,ZRANB3,Q5FWF4,2,0.14,90.31,59.57,-0.55,1.02,22.00,-0.68,2.01,-0.31,-7.03,5.85,0.00,0.00,FALSE,FALSE,0.02,0.02,0.03,,,,,
ZRSR2_42076,OID42076,ZRSR2,Q15696,2,0.14,74.84,65.08,-2.19,0.99,22.00,-1.75,1.90,-1.67,-8.76,6.41,0.00,0.78,FALSE,FALSE,0.02,0.02,0.03,,,,,
ZSCAN21_42077,OID42077,ZSCAN21,Q9Y5A6,2,0.14,89.34,117.46,-0.09,1.84,22.00,-0.07,2.13,0.30,-6.86,6.39,0.00,0.07,FALSE,FALSE,0.00,0.00,0.00,,,seq.28302.46,-0.02,
ZSCAN31_42078,OID42078,ZSCAN31,Q96LW9,2,0.14,92.40,24.15,1.61,0.32,22.00,1.03,1.00,1.13,-2.80,7.93,0.00,0.87,FALSE,FALSE,0.16,0.14,0.17,,,,,
ZSWIM3_42079,OID42079,ZSWIM3,Q96MP5,2,0.14,79.79,53.57,-2.64,1.39,22.00,-1.95,1.64,-2.12,-9.84,7.02,0.00,1.00,FALSE,FALSE,0.01,0.01,0.01,,,,,
ZSWIM8_40748,OID40748,ZSWIM8,A7E2V4,1,0.00,82.05,26.95,-0.30,0.41,22.00,-1.22,0.92,-1.20,-9.62,3.42,0.01,1.00,FALSE,FALSE,0.14,0.14,0.15,prot.547,0.21,,,
ZUP1_40749,OID40749,ZUP1,Q96AP4,1,0.00,68.55,40.86,0.02,0.54,22.00,0.69,1.08,0.51,-1.87,7.62,0.03,0.99,FALSE,FALSE,0.06,0.05,0.06,prot.4827,0.00,,,
ZWILCH_40750,OID40750,ZWILCH,Q9H900,1,0.00,65.14,366.52,-2.29,3.11,22.00,-1.26,3.15,-0.52,-6.84,8.76,0.00,0.00,FALSE,FALSE,0.01,0.01,0.01,,,seq.18302.204,-0.02,
